church_name,address,city,state,country,latitude,longitude,hours,category_raw,category_normalized,website,phone,email,description,image_url,source_url,scraped_at
St Mary on Broadway,"538 Broadway, Providence, Rhode Island, 02909",,,,41.81756,-71.436763,"Sunday 8:00am (L), 10:00am (H); M-W, Th 7:00am, 6:30pm; Th 7:00am, Sa 9:00am",FSSP,FSSP,https://stmarypvdri.org/,,,"Sunday 8:00am (L), 10:00am (H); M-W, Th 7:00am, 6:30pm; Th 7:00am, Sa 9:00am",https://media.mapme.com/places/2449e449-4094-4752-a828-e13c3fd3db45/gallery/d22304bd-f76e-422d-8506-dd60cd601058.hd,https://www.latinmass.com/find-latin-mass,2026-05-18T15:02:38.874520
St Stanislaus,"5 Green Street, Nashua, New Hampshire, 03064",,,,42.763873,-71.469336,"<p>Sunday 7:00am, 9:00am (High), 11:00am (High); Monday, Wednesday, Friday 8:00am; Tuesday 12:10pm; Saturday 9:00am</p>",FSSP,FSSP,https://www.latinmassnashua.org/,,,"<p>Sunday 7:00am, 9:00am (High), 11:00am (High); Monday, Wednesday, Friday 8:00am; Tuesday 12:10pm; Saturday 9:00am</p>",https://media.mapme.com/places/b6d1c3fc-6e7e-44d9-86d1-614b45be9595/gallery/68e5ae1c-1b73-468c-862d-f6c6835caf6e.hd,https://www.latinmass.com/find-latin-mass,2026-05-18T15:02:38.874520
St Lawrence Chapel,"110 State Street, Harrisburg, Pennsylvania, 17101",,,,40.262824,-76.888173,"Sunday 7:30am, 9am, 10:30am, 12pm, 6pm; M, Tu, Th 7:10am; W 6:15, 7:00pm; F 7:10am, 6:30pm; Sa 9:00am",FSSP,FSSP,https://stlawrence.cc/,,,"Sunday 7:30am, 9am, 10:30am, 12pm, 6pm; M, Tu, Th 7:10am; W 6:15, 7:00pm; F 7:10am, 6:30pm; Sa 9:00am",https://media.mapme.com/places/93bac1d8-a173-43dd-8cec-e034419ba029/gallery/16f22cdc-0101-46f7-929a-7a4fa603b9f3.hd,https://www.latinmass.com/find-latin-mass,2026-05-18T15:02:38.874520
St Lucy,"949 Scranton Street, Scranton PA 18504",,,,41.41572,-75.686059,"Sunday 8:00am (L), 10:30 (H); M-Th 7:45am; F 6:00pm, Sa 9:00am",FSSP,FSSP,https://fsspscranton.org/,,,"Sunday 8:00am (L), 10:30 (H); M-Th 7:45am; F 6:00pm, Sa 9:00am",https://media.mapme.com/places/ece43365-2395-4c3c-bf71-c5cb8d6f7aa7/gallery/18c3de23-62b9-44d6-80f8-f6efc7822fc0.hd,https://www.latinmass.com/find-latin-mass,2026-05-18T15:02:38.874520
St Mary Parish,"140 West Elm Street, Conshohocken, Pennsylvania, 19428",,,,40.073128,-75.308242,"<p>Sunday 8:00am (L), 10:00am (High except during Summer), 1:00pm (L); M, Tu, Th 7:15am, W 7:15am,12:05; F 12:05pm, 6:30pm; Sa 7:15am, 9:00am</p>",FSSP,FSSP,https://www.stmarylatinmass.com/,,,"<p>Sunday 8:00am (L), 10:00am (High except during Summer), 1:00pm (L); M, Tu, Th 7:15am, W 7:15am,12:05; F 12:05pm, 6:30pm; Sa 7:15am, 9:00am</p>",https://media.mapme.com/places/ca2b0b8b-cca0-41fb-97c7-9bc55b618107/gallery/d2d176c4-0c4c-4f83-855f-6edb5a41e022.hd,https://www.latinmass.com/find-latin-mass,2026-05-18T15:02:38.874520
National Shrine of St Alphonsus Liguori,"114 West Saratoga Street, Baltimore, Maryland, 21201",,,,39.293101,-76.617737,"Sunday 7:30 (L), 9:30 (L), 11:30 (H); M, Tu 7:00am; W-F 7:00am, 12:10pm",FSSP,FSSP,https://www.stalphonsusbalt.org/,,,"Sunday 7:30 (L), 9:30 (L), 11:30 (H); M, Tu 7:00am; W-F 7:00am, 12:10pm",https://media.mapme.com/places/31f1a1ec-6cfd-41c4-a42b-751383d6771d/gallery/e771d05b-ed7e-48bd-81da-846d481f6c3a.hd,https://www.latinmass.com/find-latin-mass,2026-05-18T15:02:38.874520
St Joseph Catholic,"828 Buford Road, Richmond, Virginia, 23235",,,,37.508506,-77.55319,"<p>Sun 8:30am (Low Mass), 11:00am (High Mass), 1:30pm (Low Mass)</p>",FSSP,FSSP,https://www.stjosephrichmond.org/,,,"<p>Sun 8:30am (Low Mass), 11:00am (High Mass), 1:30pm (Low Mass)</p>",https://media.mapme.com/places/5d7997a2-175a-4407-8703-5da122cac8a3/gallery/fbfb8be5-fe1b-4fa9-9b8c-457c2a4c3002.hd,https://www.latinmass.com/find-latin-mass,2026-05-18T15:02:38.874520
St Benedict,"521 McCosh Drive, Chesapeake, Virginia, 23320",,,,36.766511,-76.264909,"<p>Sun 7:00am, 8:30am, 11:00am (High), 1:30pm; Mon 6:00am, 8:00am; Tues 6:00am, 8:00am; Wed 6:00am, 8:00am; Thurs 6:00am, 8:00am; Fri 8:00am, 7:00pm; Sat 7:00am, 9:00am</p>",FSSP,FSSP,https://www.stbenedictsparish.org/,,,"<p>Sun 7:00am, 8:30am, 11:00am (High), 1:30pm; Mon 6:00am, 8:00am; Tues 6:00am, 8:00am; Wed 6:00am, 8:00am; Thurs 6:00am, 8:00am; Fri 8:00am, 7:00pm; Sat 7:00am, 9:00am</p>",https://media.mapme.com/places/37f75eb5-3b72-4f3e-8b8f-a29f54ad739c/gallery/872cf51a-16b3-465a-af72-a01d8a627725.hd,https://www.latinmass.com/find-latin-mass,2026-05-18T15:02:38.874520
St Francis de Sales,"587 Landers Drive Mableton, Georgia 30126",,,,33.82883,-84.571483,"<p>Sunday Mass times:&nbsp;<span style=""font-size: 1rem; color: rgba(var(--v-theme-on-surface),var(--v-high-emphasis-opacity));"">8am (Low),&nbsp;</span><span style=""font-size: 1rem; color: rgba(var(--v-theme-on-surface),var(--v-high-emphasis-opacity));"">10:30am (High),&nbsp;</span><span style=""font-size: 1rem; color: rgba(var(--v-theme-on-surface),var(--v-high-emphasis-opacity));"">1:00pm Low)</span></p>",FSSP,FSSP,https://www.fsspatl.com/,,,"<p>Sunday Mass times:&nbsp;<span style=""font-size: 1rem; color: rgba(var(--v-theme-on-surface),var(--v-high-emphasis-opacity));"">8am (Low),&nbsp;</span><span style=""font-size: 1rem; color: rgba(var(--v-theme-on-surface),var(--v-high-emphasis-opacity));"">10:30am (High),&nbsp;</span><span style=""font-size: 1rem; color: rgba(var(--v-theme-on-surface),var(--v-high-emphasis-opacity));"">1:00pm Low)</span></p>",https://media.mapme.com/places/aa0c8855-8f25-4b3c-abe4-9fb7731c3d30/gallery/c71d7ce3-3304-46d4-b69e-dbedf97f1d05.hd,https://www.latinmass.com/find-latin-mass,2026-05-18T15:02:38.874520
Our Lady Queen of Peace,"6455 SW State Road 200, Ocala, Florida, 34476",,,,29.11178,-82.227067,Sunday 4:30pm,FSSP,FSSP,https://www.ocalaqueenofpeace.com/,,,Sunday 4:30pm,https://media.mapme.com/places/9fe0d69c-9aba-4a24-937e-6246dc1928eb/gallery/299651fc-0d23-49ae-ba3d-5f0c0ca1bc15.hd,https://www.latinmass.com/find-latin-mass,2026-05-18T15:02:38.874520
St Francis de Sales Mission,"4086 Frankfort Pike Georgetown, Kentucky 40324",,,,38.209797,-84.558831,"<p>Sunday 10:00, 1:30</p>",FSSP,FSSP,https://sites.google.com/a/cdlex.org/reginapacis/home?authuser=0,,,"<p>Sunday 10:00, 1:30</p>",https://media.mapme.com/places/dc536fce-ab44-4e31-8f2b-f18d7701ec33/gallery/083f0c44-ad66-49c6-9db3-2b067f2f2181.hd,https://www.latinmass.com/find-latin-mass,2026-05-18T15:02:38.874520
Holy Family Catholic,"140 South Findlay Street, Dayton, Ohio, 45403",,,,39.761863,-84.155921,"Sunday 8:00am (L); 10:30am (H); Monday, Friday 7:00pm; Tuesday-Thurdsay 12:00; Saturday 9:00am (L)",FSSP,FSSP,https://www.daytonlatinmass.org/,,,"Sunday 8:00am (L); 10:30am (H); Monday, Friday 7:00pm; Tuesday-Thurdsay 12:00; Saturday 9:00am (L)",https://media.mapme.com/places/ee4d62d4-801b-441c-9fd8-99b63f18135d/gallery/40d31e46-6630-45c5-85b2-74be1383aa89.hd,https://www.latinmass.com/find-latin-mass,2026-05-18T15:02:38.874520
St Stanislaus Catholic,"415 North Brookfield Street, South Bend, Indiana, 46628",,,,41.680536,-86.278108,"<p>Sun 7:30am (Low Mass), 10:00am (Sung Mass)</p>",FSSP,FSSP,https://ststanparish.com/,,,"<p>Sun 7:30am (Low Mass), 10:00am (Sung Mass)</p>",https://media.mapme.com/places/a6ed0168-041c-4b5c-b764-e7cfccc598d8/gallery/0ad036b8-37ff-4b6b-b5c7-8b66d59e6135.hd,https://www.latinmass.com/find-latin-mass,2026-05-18T15:02:38.874520
Sacred Heart Catholic,"4643 Gaywood Drive, Fort Wayne, Indiana, 46806",,,,41.04159,-85.121963,"Sunday 8:00, 10:00; M, Tu, Th 7:00am; W, F 6:00pm; Sa 9:00am",FSSP,FSSP,https://sacredheartfw.org/,,,"Sunday 8:00, 10:00; M, Tu, Th 7:00am; W, F 6:00pm; Sa 9:00am",https://media.mapme.com/places/b0f72ca8-6d8d-41df-9f82-e8d57939259f/gallery/6675cf3a-a035-4d0b-a274-da6cfb2aeb4c.hd,https://www.latinmass.com/find-latin-mass,2026-05-18T15:02:38.874520
Sts Philomena and Cecilia,"16194 St Mary Road, Brookville, Indiana, 47012",,,,39.38764,-85.085047,"<p>Sunday 8:00am, 10:30am (High); Mon, Tues, Thurs, Sat 8:00am; Wed 12:00pm; Fri 6:30pm</p>",FSSP,FSSP,https://www.latinmassbrookville.com/,,,"<p>Sunday 8:00am, 10:30am (High); Mon, Tues, Thurs, Sat 8:00am; Wed 12:00pm; Fri 6:30pm</p>",https://media.mapme.com/places/267af31f-d9ea-48da-9776-00f9b66402c2/gallery/516d804d-5de2-47e0-9f2e-649600b05710.hd,https://www.latinmass.com/find-latin-mass,2026-05-18T15:02:38.874520
All Saints,"435 4th Street Northeast, Minneapolis, Minnesota, 55413",,,,44.994071,-93.258192,"Sunday 8:00 (L), 9:30 (L), 11:00 (H); M, Tu, W, Th 12:15; F 7:00pm; Sa 9:00am",FSSP,FSSP,https://fsspminneapolis.org/,,,"Sunday 8:00 (L), 9:30 (L), 11:00 (H); M, Tu, W, Th 12:15; F 7:00pm; Sa 9:00am",https://media.mapme.com/places/dfe60e90-8888-4a26-936b-9adea907a4a8/gallery/0ae66d87-4faf-489c-9b68-c592426af9cc.hd,https://www.latinmass.com/find-latin-mass,2026-05-18T15:02:38.874520
Immaculate Conception,"922 5th St, Rapid City, South Dakota, 57701",,,,44.075531,-103.226268,"Sunday 8:00am, 10:00am; M, W, F 7:00am; Sa 8:00am",FSSP,FSSP,https://www.fssp-rapidcity.org/,,,"Sunday 8:00am, 10:00am; M, W, F 7:00am; Sa 8:00am",https://media.mapme.com/places/e95e7902-f9ab-4082-b08b-7fbdc15c1e24/gallery/e03f1da4-32cf-4c76-8157-b1fabea37f3a.hd,https://www.latinmass.com/find-latin-mass,2026-05-18T15:02:38.874520
St Joseph Catholic,"1329 Belleview Avenue, Rockdale, Illinois, 60436",,,,41.508254,-88.11438,"<div>Sun 8:00am, 10:00am (High);&nbsp; Mon 7:30am; Tues 7:30am; Wed 7:30am; Thurs 7:30am, 5:30pm; Fri 7:30am; Sat 8:00am, 6:00pm. First Fridays additional Mass at 6:00pm</div>",FSSP,FSSP,https://fsspjoliet.wordpress.com/,,,"<div>Sun 8:00am, 10:00am (High);&nbsp; Mon 7:30am; Tues 7:30am; Wed 7:30am; Thurs 7:30am, 5:30pm; Fri 7:30am; Sat 8:00am, 6:00pm. First Fridays additional Mass at 6:00pm</div>",https://media.mapme.com/places/a6623d31-741f-4328-8017-303703bdb71f/gallery/bc7dbd02-db80-45f3-b12a-15c81b7ff76e.hd,https://www.latinmass.com/find-latin-mass,2026-05-18T15:02:38.874520
Sts Peter and Paul Catholic,"36 North Ellsworth Street, Naperville, Illinois, 60540",,,,41.775288,-88.144931,<p>Sun 3:30pm (High)</p>,Diocesan Parish,Diocesan,https://www.sspeterandpaul.net/,,,<p>Sun 3:30pm (High)</p>,https://media.mapme.com/places/26361678-a2de-4f5f-b0e9-0e032eb89758/gallery/284bf526-3bdf-4582-beee-a71522626e26.hd,https://www.latinmass.com/find-latin-mass,2026-05-18T15:02:38.874520
St Rose of Lima Catholic,"1009 N 8th St, Quincy, Illinois, 62301",,,,39.943366,-91.403807,"Sunday 8:00 (L), 11:00 (H); M, W, F 12:10; Tu, Th 7:00am; Sa 8:00am; First Fridays 12:10, 6:00pm<br>http://www.Strosequincy.org/<br>",FSSP,FSSP,,,,"Sunday 8:00 (L), 11:00 (H); M, W, F 12:10; Tu, Th 7:00am; Sa 8:00am; First Fridays 12:10, 6:00pm<br>http://www.Strosequincy.org/<br>",https://media.mapme.com/places/b3ae2959-3832-4766-9cae-d9b012cfaf2f/gallery/8638b205-e08f-4776-a761-8ee793e54e14.hd,https://www.latinmass.com/find-latin-mass,2026-05-18T15:02:38.874520
St Philippine Duchesne Catholic,"5035 Rainbow Blvd, Westwood, Kansas, 66205",,,,39.036286,-94.611199,"Sunday 7:00 (L), 9:00 (L), 11:30 (H); M, Tu 6:30am; W 6:30am, 6:00pm; Th 6:30am, 12:00pm, F 6:30am, 9:00am, 6:00pm; Sa 7:00am, 9:00am",FSSP,FSSP,https://spdlatinmass.com/,,,"Sunday 7:00 (L), 9:00 (L), 11:30 (H); M, Tu 6:30am; W 6:30am, 6:00pm; Th 6:30am, 12:00pm, F 6:30am, 9:00am, 6:00pm; Sa 7:00am, 9:00am",https://media.mapme.com/places/dcaca8be-c584-4927-a4ca-468e9b716611/gallery/6985b026-8629-4b21-b9c0-495158819678.hd,https://www.latinmass.com/find-latin-mass,2026-05-18T15:02:38.874520
St John Vianney,"14611B Waterman Crossing Road, Maple Hill, Kansas, 66507",,,,39.075014,-96.032308,"Sunday 6:00am (L), 7:30am (L), 9:00am (H), 11:00am (L), 12:30pm (L); M, Tu, Th, First Friday 8:00am, 6:30pm; W, Other Fridays, Sa 6:30am, 8:00am",FSSP,FSSP,https://www.fsspmaplehill.com/,,,"Sunday 6:00am (L), 7:30am (L), 9:00am (H), 11:00am (L), 12:30pm (L); M, Tu, Th, First Friday 8:00am, 6:30pm; W, Other Fridays, Sa 6:30am, 8:00am",https://media.mapme.com/places/500dc855-45af-4a4d-9407-00fab4f303db/gallery/0bdcb311-82bd-4b93-8bab-0792d919f02e.hd,https://www.latinmass.com/find-latin-mass,2026-05-18T15:02:38.874520
Our Lady of Guadalupe Seminary,"7700 West Denton Road, Denton, Nebraska, 68339",,,,40.74435,-96.825805,Sunday 9:00am (H),FSSP,FSSP,https://www.fsspolgs.org/,,,Sunday 9:00am (H),https://media.mapme.com/places/0ac47619-544d-499d-91f8-c4226a578a57/gallery/9f3186a3-a1a1-4619-84e2-bbb5f219ac8f.hd,https://www.latinmass.com/find-latin-mass,2026-05-18T15:02:38.874520
St Francis of Assisi,"1145 South Street, Lincoln, Nebraska, 68502",,,,40.791174,-96.70395,"Sunday 8:00 (L), 10:00 (H), 12:00 (L); M, W 7:00am; Tu, Th, Sa 8:00am; Fr 5:15pm",FSSP,FSSP,https://www.stfrancislincoln.org/,,,"Sunday 8:00 (L), 10:00 (H), 12:00 (L); M, W 7:00am; Tu, Th, Sa 8:00am; Fr 5:15pm",https://media.mapme.com/places/3489197d-8eef-4769-868e-81311e7510d0/gallery/82517969-b4d3-4bec-8951-bc3f0df1a49a.hd,https://www.latinmass.com/find-latin-mass,2026-05-18T15:02:38.874520
Mater Dei,"2030 East State Highway 356, Irving, Texas, 75060",,,,32.808819,-96.918356,"<div>Sunday 7:00am (Low),&nbsp;8:30am (Low) (Parish Hall),&nbsp;9:15am (High),&nbsp;10:00am (Low) (Parish Hall),&nbsp;11:30am (High),&nbsp;12:15pm (Low) (Parish Hall),&nbsp;1:30pm (Low),&nbsp;5:30 p.m. (Low)</div><br><div>Monday 8:30am (Low)*, 12:15pm (Low)*, 6:00pm (Low)<br>* NOT on the 2nd Monday of the month<br>&nbsp;<br>Tuesday 6:00am (Low), 8:30am (Low), 12:15pm (Low)<br>&nbsp;<br>Wednesday&nbsp;8:30am (Low)<br>&nbsp;<br>Thursday&nbsp;6:00am (Low),&nbsp;8:30am (Low),&nbsp;12:15pm (Low)<br>&nbsp;<br>Friday 8:30am (Low), 6:00pm (Low)<br><br>Saturday 8:30am (Low),&nbsp;10:00am (Low)&nbsp;First Saturdays ONLY&nbsp;</div>",Diocesan Parish,Diocesan,https://materdeiparish.com/,,,"<div>Sunday 7:00am (Low),&nbsp;8:30am (Low) (Parish Hall),&nbsp;9:15am (High),&nbsp;10:00am (Low) (Parish Hall),&nbsp;11:30am (High),&nbsp;12:15pm (Low) (Parish Hall),&nbsp;1:30pm (Low),&nbsp;5:30 p.m. (Low)</div><br><div>Monday 8:30am (Low)*, 12:15pm (Low)*, 6:00pm (Low)<br>* NOT on the 2nd Monday of the month<br>&nbsp;<br>Tuesday 6:00am (Low), 8:30am (Low), 12:15pm (Low)<br>&nbsp;<br>Wednesday&nbsp;8:30am (Low)<br>&nbsp;<br>Thursday&nbsp;6:00am (Low),&nbsp;8:30am (Low),&nbsp;12:15pm (Low)<br>&nbsp;<br>Friday 8:30am (Low), 6:00pm (Low)<br><br>Saturday 8:30am (Low),&nbsp;10:00am (Low)&nbsp;First Saturdays ONLY&nbsp;</div>",https://media.mapme.com/places/93abf7d9-9cc0-4094-9bab-4dee4419b635/gallery/526e72d1-d3c8-4db6-8d94-df2f6bf71505.hd,https://www.latinmass.com/find-latin-mass,2026-05-18T15:02:38.874520
St Benedict,"2920 Azle Avenue, Fort Worth, Texas, 76106",,,,32.80133,-97.381728,"Sunday 9:30, 11:00; M-Sa 12:15pm",FSSP,FSSP,https://www.stbensfw.org/,,,"Sunday 9:30, 11:00; M-Sa 12:15pm",https://media.mapme.com/places/f1efe72c-55d3-4663-b274-5a1f1090e09e/gallery/2c1cffe6-5fe0-4f07-8e10-c5039e5c32a0.hd,https://www.latinmass.com/find-latin-mass,2026-05-18T15:02:38.874520
Regina Caeli Catholic,"8121 Breen Drive, Houston, Texas, 77064",,,,29.897959,-95.51335,"Sunday 7:00am, 8:15am, 1030am (H), 2:00pm, 5:30pm; M 6:30am; Tu 9:00am, 7:00pm; W 6:30am, 9:00am; Th 6:30am, 7:00pm; F 6:30am (+ 7:00pm on First Fridays); Sa 6:30am, 7:30am",FSSP,FSSP,https://www.reginacaeliparish.org/,,,"Sunday 7:00am, 8:15am, 1030am (H), 2:00pm, 5:30pm; M 6:30am; Tu 9:00am, 7:00pm; W 6:30am, 9:00am; Th 6:30am, 7:00pm; F 6:30am (+ 7:00pm on First Fridays); Sa 6:30am, 7:30am",https://media.mapme.com/places/cdf6007c-ca98-451d-b0fb-753d5dda3bbd/gallery/bbfad065-a955-4755-86c0-5eaafb155c62.hd,https://www.latinmass.com/find-latin-mass,2026-05-18T15:02:38.874520
Immaculate Conception,"118 North Campbell Street, El Paso, Texas, 79901",,,,31.759703,-106.483542,"<p>Sun 8:00am, 10:00am (High); Mon 7:00am, 12:05pm; Tues 7:00am; Wed 7:00am; Thurs 12:05pm, 6:30pm; Fri 12:05pm, 6:30pm; Sat 7:30am, 9:00am</p>",FSSP,FSSP,https://fssp.com/apostolate/fssp-el-paso/,,,"<p>Sun 8:00am, 10:00am (High); Mon 7:00am, 12:05pm; Tues 7:00am; Wed 7:00am; Thurs 12:05pm, 6:30pm; Fri 12:05pm, 6:30pm; Sat 7:30am, 9:00am</p>",https://media.mapme.com/places/8711b483-4bbc-4de6-9262-fa2b0f7a8b03/gallery/d61d8225-df63-4fb1-80e4-bb09d9a4e1e3.hd,https://www.latinmass.com/find-latin-mass,2026-05-18T15:02:38.874520
Our Lady of Mt. Carmel,"5612 South Hickory Circle, Littleton, Colorado, 80120",,,,39.614634,-104.998669,"Sunday 6:30am, 8:00am, 9:30am, 11:00 am (H), 1:00pm; M-Th, Sa 6:30am, 8:30am; F 6:30am, 8:30am, 7:00pm",FSSP,FSSP,https://www.olmcfssp.org/index.php/olmc,,,"Sunday 6:30am, 8:00am, 9:30am, 11:00 am (H), 1:00pm; M-Th, Sa 6:30am, 8:30am; F 6:30am, 8:30am, 7:00pm",https://media.mapme.com/places/1a1f398c-767e-490f-bd4e-388066118a85/gallery/5683ad21-89ad-4613-ad6c-de152470120d.hd,https://www.latinmass.com/find-latin-mass,2026-05-18T15:02:38.874520
Mater Misericordiae Catholic,"1537 West Monroe Street, Phoenix, Arizona, 85007",,,,33.450005,-112.093234,<p>Mon 8:00am; Tues 12:00pm; Wed 5:30pm; Thurs 12:00pm; Fri 8:00am; Sat 8:00am</p>,FSSP,FSSP,https://phoenixlatinmass.org/,,,<p>Mon 8:00am; Tues 12:00pm; Wed 5:30pm; Thurs 12:00pm; Fri 8:00am; Sat 8:00am</p>,https://media.mapme.com/places/0bda789f-eb3b-4d29-ab0b-9e75ceb174fb/gallery/a8d93327-ec6c-4c09-96c7-397a1fc5b0e9.hd,https://www.latinmass.com/find-latin-mass,2026-05-18T15:02:38.874520
St Cecilia Catholic,"850 Main Street, Clarkdale, Arizona, 86324",,,,34.771601,-112.056116,<div>Sun 9:00am; Mon-Sat 8:00am</div>,FSSP,FSSP,https://fssp.com/apostolate/fssp-clarkdale,,,<div>Sun 9:00am; Mon-Sat 8:00am</div>,https://media.mapme.com/places/0889ab68-0aa0-4ef4-b1e9-cd7cd2eef0a9/gallery/90e6ae0b-c2ae-471d-93b1-06e9154a23ff.hd,https://www.latinmass.com/find-latin-mass,2026-05-18T15:02:38.874520
St Anne,"621 Sicard St, San Diego, California, 92113",,,,32.69889,-117.135506,"Sunday 6:00am, 7:30am, 9:00am, 11:00am, 12:30pm, 6:00pm; M-Sa 7:15am, 9:00am; M, W, F 6:30pm",FSSP,FSSP,https://stannesd.com/,,,"Sunday 6:00am, 7:30am, 9:00am, 11:00am, 12:30pm, 6:00pm; M-Sa 7:15am, 9:00am; M, W, F 6:30pm",,https://www.latinmass.com/find-latin-mass,2026-05-18T15:02:38.874520
St Anthony of Padua Catholic  - Holy Cross Chaplaincy,"5770 N Maroa Ave, Fresno, California, 93704",,,,36.821756,-119.799038,"<p>Sunday 3:30; M, Tu, W, F 12:00; Sa 7:00</p>",FSSP,FSSP,https://fssp-holycross.org/,,,"<p>Sunday 3:30; M, Tu, W, F 12:00; Sa 7:00</p>",https://media.mapme.com/places/29d6bc5c-e2c0-496d-abf8-6caa86b2d58b/gallery/fb5b2816-d6ca-489a-bd82-c1a587b97d20.hd,https://www.latinmass.com/find-latin-mass,2026-05-18T15:02:38.874520
North American Martyrs Parish,"9924 232nd Street SW Edmonds, Washington 98020",,,,47.788382,-122.366172,"Sunday 7:00am, 8:30am, 10:00am, 11:30am, 1:00pm; M-Th 8:00am; F 7:30pm",FSSP,FSSP,https://northamericanmartyrs.org/,,,"Sunday 7:00am, 8:30am, 10:00am, 11:30am, 1:00pm; M-Th 8:00am; F 7:30pm",https://media.mapme.com/places/c67f37b8-ea40-4495-be3a-a3222ff6b358/gallery/81461fbd-a222-41ce-abd2-b36bc79dd5ea.hd,https://www.latinmass.com/find-latin-mass,2026-05-18T15:02:38.874520
St Joan of Arc Catholic,"4772 E Poleline Ave Post Falls, Idaho 83854",,,,47.730003,-116.884293,"<p>Sunday Masses: 7:00am, 8:45am (Low Mass), 10:30am (Sung Mass), 1:00pm, 5:00pm (Low Mass); Daily Masses 6:30am, 8:00am</p>",FSSP,FSSP,https://www.stjoanarc.com/,,,"<p>Sunday Masses: 7:00am, 8:45am (Low Mass), 10:30am (Sung Mass), 1:00pm, 5:00pm (Low Mass); Daily Masses 6:30am, 8:00am</p>",https://media.mapme.com/places/871a0a07-71a7-47e8-9f8e-1a773c21dfd2/gallery/c9650574-3652-4341-be46-08fb2b701908.hd,https://www.latinmass.com/find-latin-mass,2026-05-18T15:02:38.874520
St Joseph Catholic,"602 South 34th Street Tacoma, Washington",,,,47.229306,-122.43966,"<p>Sun 7:30am, 9:00am, 10:30am (High), 1:00pm; Mon 8:00am; Tues 8:00am; Wed 8:00am, 12:00pm; Thurs 8:00am; Fri 8:00am, 6:30pm; Sat 9:00am</p>",FSSP,FSSP,https://Stjosephtacoma.org/,,,"<p>Sun 7:30am, 9:00am, 10:30am (High), 1:00pm; Mon 8:00am; Tues 8:00am; Wed 8:00am, 12:00pm; Thurs 8:00am; Fri 8:00am, 6:30pm; Sat 9:00am</p>",https://media.mapme.com/places/be47f878-e15c-41a4-8da8-8d586be8752b/gallery/36ce8905-c4aa-474b-b426-f13ed3afcaf3.hd,https://www.latinmass.com/find-latin-mass,2026-05-18T15:02:38.874520
Sts Cyril & Methodius Oratory,"79 Church St, Bridgeport, Connecticut, 06608",,,,41.185663,-73.177082,"Sunday 8:30 (L), 10:15 (H); M-Sa 7:45",Institute of Christ the King,ICKSP,https://institute-christ-king.org/bridgeport-home,,,"Sunday 8:30 (L), 10:15 (H); M-Sa 7:45",https://media.mapme.com/places/e5276fa0-8322-41d3-9264-ad41ae6109bb/gallery/cc7200ec-268e-4db1-bca3-b35a72e6f5b7.hd,https://www.latinmass.com/find-latin-mass,2026-05-18T15:02:38.874520
St Anthony of Padua Oratory,"1360 Pleasant Valley Way, West Orange, New Jersey, 07052",,,,40.778237,-74.278429,"Sunday 7:30 (L), 9:00 (L), 11:00 (H); M, W, Th, F, Sa 9:00; Tu 7:00pm; First Friday 9:00am, 7:00pm",Institute of Christ the King,ICKSP,https://institute-christ-king.org/westorange-home,,,"Sunday 7:30 (L), 9:00 (L), 11:00 (H); M, W, Th, F, Sa 9:00; Tu 7:00pm; First Friday 9:00am, 7:00pm",https://media.mapme.com/places/55059a4a-96f5-4a4c-a84e-eab9aa82b504/gallery/56cda52f-1eb8-4478-a0d3-6a1daf4ae12b.hd,https://www.latinmass.com/find-latin-mass,2026-05-18T15:02:38.874520
Our Lady of Czestochowa Shrine,"5755 Pennsylvania St, Merrillville, Indiana 46410, USA",,,,41.512941,-87.332307,<p>Sun 8:00am</p>,Institute of Christ the King,ICKSP,https://nwilatin.org/hammond,,,<p>Sun 8:00am</p>,https://media.mapme.com/places/ff0c9b62-fa47-4bde-a072-755caebc81d2/gallery/fcbf4470-4cb0-4fef-95e4-a67b8ecc5ef5.hd,https://www.latinmass.com/find-latin-mass,2026-05-18T15:02:38.874520
St Stanislaus,"524 West Historic Mitchell Street, Milwaukee, Wisconsin, 53204",,,,43.012518,-87.917162,"Sunday 8:00 (L), 10:00 (H); M-Th 12:00; F 6:30pm; Sa 9:00",Institute of Christ the King,ICKSP,https://institute-christ-king.org/milwaukee-home/,,,"Sunday 8:00 (L), 10:00 (H); M-Th 12:00; F 6:30pm; Sa 9:00",https://media.mapme.com/places/83755878-344e-4b00-944e-351d9642384a/gallery/a1831cf4-fcda-4d3c-ba09-49b85e850b77.hd,https://www.latinmass.com/find-latin-mass,2026-05-18T15:02:38.874520
St Mary Oratory,"517 Elm St, Rockford, Illinois, 61102",,,,42.272041,-89.098549,"Sunday 7:30am, 9:30am, 11:30am; M-Th 12:05pm, 6:05pm; Sa 8:00am",Institute of Christ the King,ICKSP,https://institute-christ-king.org/rockford-home/,,,"Sunday 7:30am, 9:30am, 11:30am; M-Th 12:05pm, 6:05pm; Sa 8:00am",https://media.mapme.com/places/12f539b8-0f6c-4eac-82c3-b0cd17c8d75b/gallery/4a064f6e-0402-4e48-a64b-60e09c7262b5.hd,https://www.latinmass.com/find-latin-mass,2026-05-18T15:02:38.874520
St Francis De Sales Oratory,"2653 Ohio Avenue, St. Louis, Missouri, 63104",,,,38.604203,-90.226299,"<p>Sun 8:00am, 10:30am (High); Mon-Sat 8:00am; Tues 6:30pm followed by Mother of Perpetual Help devotions; Wed 12:15pm; First Fridays additional Mass at 6:30pm (High)</p>",Institute of Christ the King,ICKSP,https://www.institute-christ-king.org/stlouis-home,,,"<p>Sun 8:00am, 10:30am (High); Mon-Sat 8:00am; Tues 6:30pm followed by Mother of Perpetual Help devotions; Wed 12:15pm; First Fridays additional Mass at 6:30pm (High)</p>",https://media.mapme.com/places/19c72124-49dc-452e-87e3-b7907d4edf06/gallery/2673cae9-ce0f-4d65-96d9-102a154e6dd5.hd,https://www.latinmass.com/find-latin-mass,2026-05-18T15:02:38.874520
Old St Patrick Oratory,"806 Cherry Street, Kansas City, Missouri, 64106",,,,39.10409,-94.576348,"<p>Sunday 8:00am (L), 10:15am (H); M, W, F 12:00pm except First Friday; Tu, Th 6:00pm; Sa 8:00am; First Fridays 6:00pm</p>",Institute of Christ the King,ICKSP,https://institute-christ-king.org/kansascity-home,,,"<p>Sunday 8:00am (L), 10:15am (H); M, W, F 12:00pm except First Friday; Tu, Th 6:00pm; Sa 8:00am; First Fridays 6:00pm</p>",https://media.mapme.com/places/2385f6f3-ce5e-4b91-8314-1db843da3dd2/gallery/58164986-fe2b-483b-b567-f2083736e2f9.hd,https://www.latinmass.com/find-latin-mass,2026-05-18T15:02:38.874520
St Margaret Mary,"1219 Excelsior Avenue, Oakland, California, 94610",,,,37.803929,-122.231593,"<span>Sunday 7:00am, 12:30pm; Weekdays, except on Thursdays 6:00pm; Thursday 12:00pm; Saturday 10:00am, 5:00pm</span>&nbsp;&nbsp;",Diocesan,Diocesan,https://stmargaretmaryoak.org/,,,"<span>Sunday 7:00am, 12:30pm; Weekdays, except on Thursdays 6:00pm; Thursday 12:00pm; Saturday 10:00am, 5:00pm</span>&nbsp;&nbsp;",https://media.mapme.com/places/279d1ba4-ffc3-48d7-8a1e-10e357bf6aad/gallery/a20d6318-38b1-457f-8168-ac2b9ba3b094.hd,https://www.latinmass.com/find-latin-mass,2026-05-18T15:02:38.874520
St Leo Oratory,"221 Hanford St Columbus, Ohio 43206",,,,39.93632,-82.989417,"Sunday 8:00am (L), 10:30am (H); M, W, F 12:00; Tu, Th 7:00pm; Sa 9:00am",Institute of Christ the King,ICKSP,https://institute-christ-king.org/columbus-home,,,"Sunday 8:00am (L), 10:30am (H); M, W, F 12:00; Tu, Th 7:00pm; Sa 9:00am",https://media.mapme.com/places/3703b8f6-d0b4-461d-b180-3e5f1589658e/gallery/49bf0b9d-f08f-4692-8831-9b268553edd4.hd,https://www.latinmass.com/find-latin-mass,2026-05-18T15:02:38.874520
Most Precious Blood of Jesus Parish,"3250 California Avenue Pittsburgh, Pennsylvania",,,,40.475656,-80.039215,"<p>Sun 8:00am, 11:00am (High); Mon-Fri 12:00pm; Tues 7:00pm;&nbsp;First Fridays additional Mass at 7:00pm; Sat 9:00a</p>",Institute of Christ the King,ICKSP,https://institute-christ-king.org/pittsburgh-home,,,"<p>Sun 8:00am, 11:00am (High); Mon-Fri 12:00pm; Tues 7:00pm;&nbsp;First Fridays additional Mass at 7:00pm; Sat 9:00a</p>",https://media.mapme.com/places/d4b9e578-b7e6-4c9c-9885-6422749f594c/gallery/c6c91ba1-d80f-41b8-bfd0-51c6dec41db4.hd,https://www.latinmass.com/find-latin-mass,2026-05-18T15:02:38.874520
St Patrick Parish & Oratory,"50 Charles St Waterbury, Connecticut",,,,41.542425,-73.045179,Sunday 8:30am (L); 10:30am (H); M-Sa 8:00am (L),Institute of Christ the King,ICKSP,https://institute-christ-king.org/waterbury-home,,,Sunday 8:30am (L); 10:30am (H); M-Sa 8:00am (L),https://media.mapme.com/places/ed00d6ec-8f9e-40b4-ad6d-6693444bd07a/gallery/1638df72-4f34-4d3a-93cb-a4df22cd57db.hd,https://www.latinmass.com/find-latin-mass,2026-05-18T15:02:38.874520
Sts Cyril and Methodius,"822 New Jersey Ave, Sheboygan, Wisconsin 53081, USA",,,,43.746738,-87.714067,Sunday 11:00am; Holy Days of Obligation 7:00pm; 1st Friday 6:30pm,Institute of Christ the King,ICKSP,https://institute-christ-king.org/sheboygan-home,,,Sunday 11:00am; Holy Days of Obligation 7:00pm; 1st Friday 6:30pm,https://media.mapme.com/places/d32fb1a0-7251-477c-8ce5-09d6b33f3f40/gallery/8365a3e7-02b6-4fc1-a39e-9089bfabd74f.hd,https://www.latinmass.com/find-latin-mass,2026-05-18T15:02:38.874520
St. Paul the Apostle Oratory,"1060 Main St. Warren, Massachusetts 01083",,,,42.213719,-72.198208,"<p>Sunday 8:00am (Low Mass), 10:30am (High Mass); Monday - Friday 7:30am (Low Mass); Saturday 9:00am (Low Mass)</p>",Diocesan Parish,Diocesan,https://www.institute-christ-king.org/warren-home,,,"<p>Sunday 8:00am (Low Mass), 10:30am (High Mass); Monday - Friday 7:30am (Low Mass); Saturday 9:00am (Low Mass)</p>",https://media.mapme.com/places/f36b9f09-693a-4bbe-a158-3ae45dbe7a6f/gallery/05a67f76-15c6-4300-92da-6c2712435fa3.hd,https://www.latinmass.com/find-latin-mass,2026-05-18T15:02:38.874520
St Adelaide Parish,"712 Lowell St, Peabody, Massachusetts, 01960",,,,42.550006,-71.016741,<p>Sunday 12:00; M-Sa 7:00am except 1st Saturdays at 9:00</p>,Diocesan Parish,Diocesan,https://www.Stadelaide.com/,,,<p>Sunday 12:00; M-Sa 7:00am except 1st Saturdays at 9:00</p>,https://media.mapme.com/places/7e73c137-241a-4ed8-9920-6b2031200d25/gallery/da0ebb0b-b4c0-47de-8e45-4d2a4e8dce8f.hd,https://www.latinmass.com/find-latin-mass,2026-05-18T15:02:38.874520
Cathedral of the Holy Cross (Our Lady’s Chapel),"1400 Washington Street, Boston, Massachusetts, 02118",,,,42.340786,-71.069601,Sunday 10:00,Diocesan Parish,Diocesan,https://holycrossboston.com/,,,Sunday 10:00,https://media.mapme.com/places/7d4abe36-3d8f-4302-8c1e-44870bec6475/gallery/a17c00b1-72ce-4099-87bd-55d6067be931.hd,https://www.latinmass.com/find-latin-mass,2026-05-18T15:02:38.874520
Mary Immaculate of Lourdes,"270 Elliot Street, Newton, Massachusetts, 02464",,,,42.312331,-71.22083,"<span>Sunday 11:00am, 5:30pm; Monday, Wednesday, Friday 12:30pm; Thursday 5:30pm; Saturday 9:00AM</span>",Diocesan Parish,Diocesan,https://www.maryimmaculateoflourdesnewtonma.org,,,"<span>Sunday 11:00am, 5:30pm; Monday, Wednesday, Friday 12:30pm; Thursday 5:30pm; Saturday 9:00AM</span>",https://media.mapme.com/places/c9614f2e-28b4-4433-95cd-65e57f72a53e/gallery/7127a0f8-6f5c-4d2a-8c0b-e23555ffd02b.hd,https://www.latinmass.com/find-latin-mass,2026-05-18T15:02:38.874520
Holy Ghost,"316 Judson Street, Tiverton, Rhode Island, 02878",,,,41.667836,-71.184444,<p>Sunday 9:00; Sa 9:00; Holy Days 5:00</p><p>Weekday times listed in bulletin</p>,Diocesan Parish,Diocesan,https://www.holyghostcc.org/,,,<p>Sunday 9:00; Sa 9:00; Holy Days 5:00</p><p>Weekday times listed in bulletin</p>,https://media.mapme.com/places/50b6a9f9-f295-429e-bcc4-b0b297737e8e/gallery/e9113d89-1262-4072-955f-0f6ad1128058.hd,https://www.latinmass.com/find-latin-mass,2026-05-18T15:02:38.874520
Holy Name,"99 Camp Street, Providence, Rhode Island, 02906",,,,41.84005,-71.403358,Sunday 11:00,Diocesan Parish,Diocesan,https://www.holynameprovidence.org/,,,Sunday 11:00,https://media.mapme.com/places/6fdcbd34-20b0-482e-9a18-a58360ae4b9d/gallery/21ec25d6-28f3-4aef-a4a2-5a734e90534f.hd,https://www.latinmass.com/find-latin-mass,2026-05-18T15:02:38.874520
Basilica of Sts Peter and Paul,"122 Ash St, Lewiston, Maine, 04240",,,,44.098555,-70.212498,Sunday 8:30am,Diocesan Parish,Diocesan,https://princeofpeace.me/mass-confession-times,,,Sunday 8:30am,https://media.mapme.com/places/4622c652-e3e2-4957-98de-46de49859658/gallery/73cb9dfc-29f0-49dd-902d-aebe9575bece.hd,https://www.latinmass.com/find-latin-mass,2026-05-18T15:02:38.874520
St Anthony,"305 Flynn Avenue, Burlington, Vermont, 05401",,,,44.45516,-73.214435,<p>Sun 9:30am (Missa Cantata); Tues 5:30pm; Wed 7:15am; Thurs 5:30pm; Fri 7:15am; Sat 7:15am</p><p>Holy Days 6:00pm (High) - see bulletin for specific weekly schedule</p>,Diocesan Parish,Diocesan,https://latinmass.vermontcatholic.org,,,<p>Sun 9:30am (Missa Cantata); Tues 5:30pm; Wed 7:15am; Thurs 5:30pm; Fri 7:15am; Sat 7:15am</p><p>Holy Days 6:00pm (High) - see bulletin for specific weekly schedule</p>,https://media.mapme.com/places/acf66411-acfd-45b3-9159-b4ac81fba338/gallery/2a39f839-2cf1-4ede-b3b3-d0c881264a06.hd,https://www.latinmass.com/find-latin-mass,2026-05-18T15:02:38.874520
Our Lady of Victories Parish,"150 Harriot Ave, Harrington Park, New Jersey, 07640",,,,40.985661,-73.981671,Sunday 8:00 (L),Diocesan Parish,Diocesan,https://olvhp.org/,,,Sunday 8:00 (L),https://media.mapme.com/places/67c3e7f0-3057-4bce-a7f0-9ba28bd8af7c/gallery/73ad2ead-c147-4e01-8fd2-269c7ec05384.hd,https://www.latinmass.com/find-latin-mass,2026-05-18T15:02:38.874520
The  of St Catherine,"130 Bray Avenue, Middletown, New Jersey, 07748",,,,40.438815,-74.11085,"Sunday 9:00; M, F 12:00",Diocesan Parish,Diocesan,https://stcathek.org/,,,"Sunday 9:00; M, F 12:00",,https://www.latinmass.com/find-latin-mass,2026-05-18T15:02:38.874520
Mater Ecclesiae Parish,"261 Cross Keys Rd, Berlin, New Jersey, 08009",,,,39.78799,-74.946131,"Sunday 8:00am (L), 10:30 (H)",Diocesan Parish,Diocesan,https://www.materecclesiae.org/,,,"Sunday 8:00am (L), 10:30 (H)",https://media.mapme.com/places/c1487558-7ee7-4ef2-9c2d-a665d6bf2eab/gallery/ab171c9b-57fc-4a98-8e89-fe76fc232872.hd,https://www.latinmass.com/find-latin-mass,2026-05-18T15:02:38.874520
St John the Baptist,"1282 Yardville Allentown Road, Allentown, New Jersey, 08501",,,,40.17476,-74.598637,"<p><span style=""color: inherit;"">Sun 12:30pm (High); Wed 7:00pm; Fri 8:00am</span><br></p>",Diocesan Parish,Diocesan,https://www.stjohnromancatholic.org/sjrc/,,,"<p><span style=""color: inherit;"">Sun 12:30pm (High); Wed 7:00pm; Fri 8:00am</span><br></p>",https://media.mapme.com/places/67b100a8-4e0c-40e2-aca1-1b3e0287429b/gallery/8f0cf301-d56a-42cc-8aee-90b16814005f.hd,https://www.latinmass.com/find-latin-mass,2026-05-18T15:02:38.874520
Shrine Chapel of the Blessed Sacrament,"50 W Somerset St, Raritan, New Jersey, 08869",,,,40.567239,-74.635148,Sunday 10:30 and Holy Days (Check website),Diocesan Parish,Diocesan,https://blessedsacramentshrine.com/,,,Sunday 10:30 and Holy Days (Check website),https://media.mapme.com/places/c0af2f0e-634b-40df-b2a6-aadf55a8ffd5/gallery/f23c6789-c184-467f-909c-79fce82ca318.hd,https://www.latinmass.com/find-latin-mass,2026-05-18T15:02:38.874520
The Church of the Holy Innocents,"128 West 37th Street, New York, New York, 10018",,,,40.752306,-73.988214,"Sunday 9:00am (L) 10:30am (H); Weekdays 6:00pm, Saturday 1:00pm",Diocesan Parish,Diocesan,https://shrineofholyinnocents.org/,,,"Sunday 9:00am (L) 10:30am (H); Weekdays 6:00pm, Saturday 1:00pm",https://media.mapme.com/places/41adcf74-0131-4efd-b2c8-38d7539329cf/gallery/fd1eb481-c761-43b2-a405-183e9d22573b.hd,https://www.latinmass.com/find-latin-mass,2026-05-18T15:02:38.874520
St Columbanus,"122 Oregon Road, Cortlandt, New York, 10567",,,,41.312982,-73.90397,Sunday 10:00,Diocesan Parish,Diocesan,https://stcolumbanusparish.org/,,,Sunday 10:00,https://media.mapme.com/places/d8536a5f-470d-47eb-9d5b-e890eb4e2aab/gallery/69186a84-bac8-4965-b50c-c8e314e2cf03.hd,https://www.latinmass.com/find-latin-mass,2026-05-18T15:02:38.874520
Immaculate Conception  (John Paul II Parish),"199 North Broadway, Sleepy Hollow, New York, 10591",,,,41.08263,-73.858992,<p>Sun 4:00pm</p>,Other,Other,https://www.johnpaul2parish.org/,,,<p>Sun 4:00pm</p>,https://media.mapme.com/places/3dda9c82-f09b-4d15-bace-a486b0ef006c/gallery/94b51570-116a-4215-9aef-d4d871861ec5.hd,https://www.latinmass.com/find-latin-mass,2026-05-18T15:02:38.874520
St Joseph Parish,"149 Cottage Street, Middletown, New York, 10940",,,,41.453048,-74.410654,<p>Blessed Sacrament Chapel<br>Sunday 10:00am</p>,Diocesan Parish,Diocesan,https://sj.com/,,,<p>Blessed Sacrament Chapel<br>Sunday 10:00am</p>,https://media.mapme.com/places/5a2b1390-af8b-44b2-a306-769ea53f1123/gallery/a8a84042-a9fa-4dd4-9a01-aff3c5019345.hd,https://www.latinmass.com/find-latin-mass,2026-05-18T15:02:38.874520
Our Lady of Peace,"522 Carroll St, Brooklyn, New York City, New York, 11215",,,,40.676449,-73.985032,Sunday 9:30; Third Saturdays 1:00,Diocesan Parish,Diocesan,https://ourladyofpeace-brooklyn.org/,,,Sunday 9:30; Third Saturdays 1:00,https://media.mapme.com/places/203f6ae9-be65-46b3-bb65-78836910d8ee/gallery/be848a83-5591-4963-874a-8d635c6403dc.hd,https://www.latinmass.com/find-latin-mass,2026-05-18T15:02:38.874520
St Joseph,"416 3rd Street, Troy, New York, 12180",,,,42.715963,-73.69326,Carmelite Latin Rite Mass Sundays and Fridays&nbsp;12:00,Diocesan Parish,Diocesan,https://www.stjosephcatholic-troy.org/,,,Carmelite Latin Rite Mass Sundays and Fridays&nbsp;12:00,https://media.mapme.com/places/8e6b5fc5-1f0c-4e0b-a275-b2e8feb603fd/gallery/ede91b78-18f2-4449-976e-cf41b5bedbfb.hd,https://www.latinmass.com/find-latin-mass,2026-05-18T15:02:38.874520
Chapel of Our Lady of the Way,"5 Douglas Road, Hyde Park, New York, 12538",,,,41.767581,-73.902498,Sunday 10:00,Diocesan Parish,Diocesan,https://catholicmasstime.org//chapel-of-our-lady-of-the-way/13487/,,,Sunday 10:00,https://media.mapme.com/places/68828280-2f70-4370-9965-42cc9809781d/gallery/82cdf05f-08c0-42d7-8f67-3145b49f8567.hd,https://www.latinmass.com/find-latin-mass,2026-05-18T15:02:38.874520
St Patrick Parish,"55 Grand Street, Newburgh, New York, 12550",,,,41.501002,-74.009952,Sunday 3:00,Diocesan Parish,Diocesan,https://stpatrickstmary.com/,,,Sunday 3:00,https://media.mapme.com/places/58503bb1-5f2c-4d02-b624-c3259eba4ad7/gallery/9a20595b-3ff1-402e-b238-d5b9078db456.hd,https://www.latinmass.com/find-latin-mass,2026-05-18T15:02:38.874520
St Anthony of Padua,"160 Court Street, Buffalo, New York, 14202",,,,42.886602,-78.880006,"Sunday 7:15am (Low), 9:15am (Sung); Weekdays 6:00pm; Saturday 9:00am",Diocesan Parish,Diocesan,https://www.stanthonyofpadua-buffalo.org/,,,"Sunday 7:15am (Low), 9:15am (Sung); Weekdays 6:00pm; Saturday 9:00am",https://media.mapme.com/places/c3b788e6-b7f9-4f9b-af7e-6abacc34ec31/gallery/94b55889-abf5-4add-8865-a486718824ec.hd,https://www.latinmass.com/find-latin-mass,2026-05-18T15:02:38.874520
Our Lady Help of Christians,"4125 Union Road, Cheektowaga, New York, 14225",,,,42.926858,-78.753508,Sunday 12:30,Diocesan Parish,Diocesan,https://www.ourladyhelpofchristians.org/index.html,,,Sunday 12:30,https://media.mapme.com/places/167aef77-d40b-414d-ae11-b2b65f4e7f1a/gallery/575d0a54-9f45-4f26-a5f6-d7b196732eae.hd,https://www.latinmass.com/find-latin-mass,2026-05-18T15:02:38.874520
Holy Family,"1200 Ligonier Street, Latrobe, Pennsylvania, 15650",,,,40.31466,-79.381708,Sunday 3:00,Diocesan Parish,Diocesan,https://www.holyfamilylatrobe.org/,,,Sunday 3:00,https://media.mapme.com/places/8d1c67ab-17e8-46bb-99f0-a1b1eda804d2/gallery/6e64f375-676f-4cf2-b36d-9f16cba41cde.hd,https://www.latinmass.com/find-latin-mass,2026-05-18T15:02:38.874520
Queen of Peace Parish,"907 6th Avenue, Patton, Pennsylvania, 16668",,,,40.635716,-78.652717,"Sunday 11:00, Holy Days 7:00pm",Diocesan Parish,Diocesan,https://queenofpeacepatton.org/,,,"Sunday 11:00, Holy Days 7:00pm",https://media.mapme.com/places/4bf5a263-67cc-4e49-929d-e559f3c45f62/gallery/40ec881e-b385-438f-a896-345a3bb94475.hd,https://www.latinmass.com/find-latin-mass,2026-05-18T15:02:38.874520
St Joseph Catholic,"440 St Joseph Street, Lancaster, Pennsylvania, 17603",,,,40.034763,-76.310312,Sunday 1:00,Diocesan Parish,Diocesan,https://lancasterlatinmass.com/,,,Sunday 1:00,https://media.mapme.com/places/53eee682-6e03-4182-9928-e165a744265c/gallery/4b5fdffc-6123-4a5f-91a0-554b98d502a0.hd,https://www.latinmass.com/find-latin-mass,2026-05-18T15:02:38.874520
St Stephen of Hungary Parish,"510 W Union St, Allentown, Pennsylvania, 18101",,,,40.600195,-75.466637,"Sunday 10:15 (H), 7:00 (L), 8:30 (L); M-Sa 8:00 (L)",FSSP,FSSP,https://www.lehighvalleylatinmass.org/,,,"Sunday 10:15 (H), 7:00 (L), 8:30 (L); M-Sa 8:00 (L)",https://media.mapme.com/places/7643f86e-dc3e-42e4-92be-4c8cc22c2b9b/gallery/6f1c4434-3d26-41f5-a84a-214316acd3d3.hd,https://www.latinmass.com/find-latin-mass,2026-05-18T15:02:38.874520
Our Lady of Consolation,"7056 Tulip St, Philadelphia, Pennsylvania, 19135",,,,40.026262,-75.037446,<p>Sun 1:30pm</p>,Diocesan Parish,Diocesan,https://olctacony.com/,,,<p>Sun 1:30pm</p>,https://media.mapme.com/places/01bfe9c2-2a06-4d7d-ab44-5fb34c23c343/gallery/c752ace2-ff1d-44f7-8aef-802129de4f06.hd,https://www.latinmass.com/find-latin-mass,2026-05-18T15:02:38.874520
Our Lady of Lourdes,"1920 North 63rd Street, Philadelphia, Pennsylvania, 19151",,,,39.985805,-75.248043,Sunday 9:30,Diocesan Parish,Diocesan,https://ourladylourdes.org/,,,Sunday 9:30,https://media.mapme.com/places/900ddec9-93ad-4f41-82bc-22c19e5d1cda/gallery/4bc776d0-03f6-4b86-8021-5ffea8b933ba.hd,https://www.latinmass.com/find-latin-mass,2026-05-18T15:02:38.874520
Our Lady of Mount Carmel,"406 Fairfield Rd, Plymouth Meeting, Pennsylvania, 19462",,,,40.109829,-75.319551,Sunday 11:30,Diocesan Parish,Diocesan,https://www.holysaviour.org/latin-mass/,,,Sunday 11:30,https://media.mapme.com/places/c4ff2269-977a-4a29-aa40-933878056a53/gallery/11163ca8-0120-4556-9441-15bc2973a94e.hd,https://www.latinmass.com/find-latin-mass,2026-05-18T15:02:38.874520
St Patrick,"1414 N King St, Wilmington, Delaware, 19801",,,,39.749067,-75.543887,"Sunday 8:00, 11:00; M, W 5:30pm; First Fridays 6:00pm, First Saturdays 9:00am",Diocesan Parish,Diocesan,https://smspwilmington.com/,,,"Sunday 8:00, 11:00; M, W 5:30pm; First Fridays 6:00pm, First Saturdays 9:00am",https://media.mapme.com/places/0a013a14-7e7c-4fcb-857c-0715b6dd06f5/gallery/dab841de-6012-45f4-b68a-0996d006d459.hd,https://www.latinmass.com/find-latin-mass,2026-05-18T15:02:38.874520
Holy Trinity Catholic,"8213 Linton Hall Road, Gainesville, Virginia, 20155",,,,38.779587,-77.598789,"<p><span style=""color: inherit;"">Mass is not celebrated in the main church, but is celebrated at Renaissance Montessori School. See the linked website for Mass times and information.</span></p>",Diocesan Parish,Diocesan,https://www.holytrinityparish.net/,,,"<p><span style=""color: inherit;"">Mass is not celebrated in the main church, but is celebrated at Renaissance Montessori School. See the linked website for Mass times and information.</span></p>",https://media.mapme.com/places/b46d1dc3-2bd1-42f5-9940-04cdd3aafcc6/gallery/f6008f75-58c9-4f23-97ba-ed0221f785d8.hd,https://www.latinmass.com/find-latin-mass,2026-05-18T15:02:38.874520
"Old St John the Evangelist, Our Lady Queen of Poland Parish","9700 Rosensteel Avenue, Silver Spring, Maryland, 20910",,,,39.016016,-77.051522,Sunday 8:00am,Diocesan Parish,Diocesan,https://www.tradlatinmass.org/,,,Sunday 8:00am,https://media.mapme.com/places/7371f012-7b72-4390-b1a3-0e634bcb8ed9/gallery/982820b1-484b-4cbf-bd2f-623e8e69292e.hd,https://www.latinmass.com/find-latin-mass,2026-05-18T15:02:38.874520
St Anthony of Padua,"10299 Milbank Road, King George, Virginia, 22485",,,,38.269213,-77.189718,<p>No Mass times have been published. Call the parish for more information&nbsp;(540) 848-4785.</p>,Diocesan Parish,Diocesan,https://Stselizabethandanthony.com/,,,<p>No Mass times have been published. Call the parish for more information&nbsp;(540) 848-4785.</p>,https://media.mapme.com/places/b8e32d61-f371-446e-b8e4-ffc67e397814/gallery/2bf2da93-9836-4b86-922d-012aaa139deb.hd,https://www.latinmass.com/find-latin-mass,2026-05-18T15:02:38.874520
St John the Baptist,"120 West Main Street, Front Royal, Virginia, 22630",,,,38.918511,-78.195517,"Sunday 12:30; M, W, F 7:00am",Diocesan Parish,Diocesan,https://www.sjtb.org/,,,"Sunday 12:30; M, W, F 7:00am",https://media.mapme.com/places/16db4f67-d563-40b6-b296-cc486e119544/gallery/174c3b76-f07e-4610-965a-feb4c3dea039.hd,https://www.latinmass.com/find-latin-mass,2026-05-18T15:02:38.874520
Holy Comforter Catholic,"208 East Jefferson Street, Charlottesville, Virginia, 22902",,,,38.031701,-78.47959,Sunday 2:00pm,Diocesan,Diocesan,https://holycomforterparish.org/,,,Sunday 2:00pm,https://media.mapme.com/places/b3a08399-11aa-43e5-9b0b-56f7e8e72170/gallery/f2363f8f-9528-44ee-9952-b674ebb75099.hd,https://www.latinmass.com/find-latin-mass,2026-05-18T15:02:38.874520
Priory of the Annunciation of the Blessed Virgin Mary,"219 S George St, Charles Town, West Virginia, 25414",,,,39.287722,-77.85877,"<p>Sunday 7:00, 8:30, 10:45 (H), 4:00; M-F 8:00, 11:15; Sa 8:00, 9:30</p>",Other Community Parish,Diocesan,https://www.canonsregular.com/,,,"<p>Sunday 7:00, 8:30, 10:45 (H), 4:00; M-F 8:00, 11:15; Sa 8:00, 9:30</p>",https://media.mapme.com/places/3766354f-4b42-4ea8-8b8b-8a9f98fa8959/gallery/c813e9b7-1353-419e-8aa1-ab841386045d.hd,https://www.latinmass.com/find-latin-mass,2026-05-18T15:02:38.874520
Sacred Heart,"108 South McKay Avenue, Dunn, North Carolina, 28334",,,,35.310188,-78.615247,<p>Sunday 1:00pm; Wednesday 6:30pm;&nbsp; Friday 8:30am: 1st Saturday 9:00am</p>,Diocesan Parish,Diocesan,https://sacredheartdunn.org/,,,<p>Sunday 1:00pm; Wednesday 6:30pm;&nbsp; Friday 8:30am: 1st Saturday 9:00am</p>,https://media.mapme.com/places/43ae051c-4efb-4c35-af1b-d598d21b1117/gallery/70f5d9db-d8d4-4952-b57c-95da54844e9a.hd,https://www.latinmass.com/find-latin-mass,2026-05-18T15:02:38.874520
Stella Maris,"1204 Middle Street, Sullivan Island, South Carolina, 29482",,,,32.760728,-79.858482,Sunday 5:30pm; 1st Friday 4:00pm,Diocesan Parish,Diocesan,https://stellamaris.org/,,,Sunday 5:30pm; 1st Friday 4:00pm,https://media.mapme.com/places/85a2a528-321b-49f4-a7f7-c5c597526a6c/gallery/b9722eda-4f54-48da-97e1-c1bce5fccfa9.hd,https://www.latinmass.com/find-latin-mass,2026-05-18T15:02:38.874520
Sacred Heart Catholic,"1707 Bull St, Savannah, Georgia 31401, USA",,,,32.060232,-81.099493,<p>Sun 1:00pm</p>,Diocesan Parish,Diocesan,https://www.sacredheartsavannah.org,,,<p>Sun 1:00pm</p>,https://media.mapme.com/places/4c3b880e-152d-4c1e-b3c5-0c5388e418d8/gallery/16634d35-3620-439f-a031-adf354b19b97.hd,https://www.latinmass.com/find-latin-mass,2026-05-18T15:02:38.874520
St Joseph Historic,"4124 Loretto Rd, Jacksonville, Florida 32223, USA",,,,30.15926,-81.600396,"<p>Sun 7:30am, 12:30pm</p>",Diocesan Parish,Diocesan,https://tlmjax.com,,,"<p>Sun 7:30am, 12:30pm</p>",https://media.mapme.com/places/51ff1dd2-3233-4fbc-86c2-fbdde2da96d8/gallery/cfad3c4a-16da-44e8-8546-0a459762079f.hd,https://www.latinmass.com/find-latin-mass,2026-05-18T15:02:38.874520
Holy Spirit,"1000 Lantana Road, Lantana, Florida, 33462",,,,26.586364,-80.061039,Sunday 2:00,Diocesan Parish,Diocesan,https://holyspiritlantana.com/,,,Sunday 2:00,https://media.mapme.com/places/a9fbddd1-52a2-4f14-b502-8eee5d00f750/gallery/35688a77-418f-43f1-9d53-a94879e6f82a.hd,https://www.latinmass.com/find-latin-mass,2026-05-18T15:02:38.874520
Epiphany of Our Lord Shrine,"2510 East Hanna Avenue, Tampa, Florida, 33610",,,,28.004049,-82.431149,"Sunday 7:00am, 9:00am, 11:00am; Monday 7:00pm; Tuesday-Friday 12:00pm; Saturday 9:00am; 1st Friday 7:00pm; Holy days 7:00am, 12:00pm, 7:00pm",Institute of Christ the King,ICKSP,https://www.epiphanytampa.com/latin-mass-schedule.html,,,"Sunday 7:00am, 9:00am, 11:00am; Monday 7:00pm; Tuesday-Friday 12:00pm; Saturday 9:00am; 1st Friday 7:00pm; Holy days 7:00am, 12:00pm, 7:00pm",https://media.mapme.com/places/b85c2e4b-8904-4a40-95d9-95c1e0289fb1/gallery/a9fac1fe-f87b-4417-9fa4-7ac8ee6d446d.hd,https://www.latinmass.com/find-latin-mass,2026-05-18T15:02:38.874520
Resurrection of our Lord,"8121 Cypress Lake Dr, Fort Myers, Florida, 33919",,,,26.545539,-81.889012,<p>Sunday 12:30</p>,FSSP,FSSP,https://www.corpuschristifssp.com/,,,<p>Sunday 12:30</p>,https://media.mapme.com/places/80ce1789-3f6a-4ae5-a77b-549d48b49209/gallery/60ad94b8-d9d2-45c8-ada6-cdea8c96d4d1.hd,https://www.latinmass.com/find-latin-mass,2026-05-18T15:02:38.874520
Ave Maria University,"5068 Annunciation Circle, Ave Maria, Florida, 34142",,,,26.337096,-81.436268,"Sunday 12:30; Tu, Th 7:30am",College,College,https://www.avemariaparish.org/,,,"Sunday 12:30; Tu, Th 7:30am",https://media.mapme.com/places/1364ccf1-13ce-4e4c-b847-99d9bb9c1491/gallery/ac4cf7bd-5579-48ac-9717-765a7b273bc6.hd,https://www.latinmass.com/find-latin-mass,2026-05-18T15:02:38.874520
Christ The King Catholic,"1900 Meadowood Street, Sarasota, Florida, 34231",,,,27.266035,-82.529132,"<p>Sun 7:00am, 8:30am, 10:30am (High), 1:00pm; Mon 12:00pm; Tues-Sat 9:00am; Fri also 6:30pm; Tues, Wed, Thurs 7:00am</p><p><a href=""http://www.christthekingsarasota.org/"" target=""_blank"" rel=""noopener noreferrer"">http://www.christthekingsarasota.org/</a><br></p>",FSSP,FSSP,,,,"<p>Sun 7:00am, 8:30am, 10:30am (High), 1:00pm; Mon 12:00pm; Tues-Sat 9:00am; Fri also 6:30pm; Tues, Wed, Thurs 7:00am</p><p><a href=""http://www.christthekingsarasota.org/"" target=""_blank"" rel=""noopener noreferrer"">http://www.christthekingsarasota.org/</a><br></p>",https://media.mapme.com/places/d62f475e-35a0-4ce8-80be-c0d5706de69f/gallery/c605c581-7286-44e6-82fa-e3d6dca2beb5.hd,https://www.latinmass.com/find-latin-mass,2026-05-18T15:02:38.874520
Christ the King Chapel,"5060 County Road 1635, Cullman, Alabama, 35058",,,,34.239243,-86.721085,"<span>Sunday 8am<span>&nbsp;(</span></span><span>High)</span><span>,<span>&nbsp;</span></span><span>5:30pm (Low)</span><span>;&nbsp; Mon-Sat<span>&nbsp;</span></span><span>5:30pm</span><span>&nbsp;(Low)</span>",Diocesan Parish,Diocesan,https://www.ctkmonastery.com/,,,"<span>Sunday 8am<span>&nbsp;(</span></span><span>High)</span><span>,<span>&nbsp;</span></span><span>5:30pm (Low)</span><span>;&nbsp; Mon-Sat<span>&nbsp;</span></span><span>5:30pm</span><span>&nbsp;(Low)</span>",https://media.mapme.com/places/cf6171c1-88bd-46f1-bc1f-95153c646d3d/gallery/bfcae0f9-a4e7-4d34-9356-f8950c871e3b.hd,https://www.latinmass.com/find-latin-mass,2026-05-18T15:02:38.874520
Blessed Sacrament,"1460 Pearson Avenue Southwest, Birmingham, Alabama, 35211",,,,33.48894,-86.855644,"<p>Sun 7:30am, 10:45am (High); Tues 8:30am; Thurs 8:30am; First Fridays 6:30pm; First Saturdays 8:30am</p>",Diocesan Parish,Diocesan,https://www.myblessedsacrament.com/,,,"<p>Sun 7:30am, 10:45am (High); Tues 8:30am; Thurs 8:30am; First Fridays 6:30pm; First Saturdays 8:30am</p>",https://media.mapme.com/places/be82cbf0-8399-48ed-b539-0f23cc914cc0/gallery/f26e622e-c1e7-473c-8496-4e9ebf4ca054.hd,https://www.latinmass.com/find-latin-mass,2026-05-18T15:02:38.874520
St Martin of Tours Catholic,"639 South Shelby Street, Louisville, Kentucky, 40202",,,,38.245495,-85.738902,"Sunday 8:00, 12:00 (H);",Diocesan Parish,Diocesan,https://www.shrineofstmartin.org/,,,"Sunday 8:00, 12:00 (H);",https://media.mapme.com/places/7ff6403c-aa2a-461f-a92c-8daa3319ccd9/gallery/c8972b3b-90fe-4d17-9b82-92f7125c829d.hd,https://www.latinmass.com/find-latin-mass,2026-05-18T15:02:38.874520
Our Lady of Lourdes,"1101 Amsterdam Road, Park Hills, Kentucky, 41011",,,,39.071361,-84.532328,"<p>Sun 7:00am, 9:00am, 11:30am (High); Mon-Fri 6:30am, 12:10pm; Sat 8:00am</p>",Diocesan Parish,Diocesan,https://www.ourladyoflourdes.info/,,,"<p>Sun 7:00am, 9:00am, 11:30am (High); Mon-Fri 6:30am, 12:10pm; Sat 8:00am</p>",https://media.mapme.com/places/1a4c0341-195f-4777-b6f7-c014daa2ea3d/gallery/be9586f2-bbf4-486f-ba33-b8b8e8d42855.hd,https://www.latinmass.com/find-latin-mass,2026-05-18T15:02:38.874520
St Joseph,"628 Locust Street, Toledo, Ohio, 43604",,,,41.659194,-83.5293,"Sunday 7:00am, 9:00am (H)",Diocesan Parish,Diocesan,https://www.stjosephstoledo.com/,,,"Sunday 7:00am, 9:00am (H)",https://media.mapme.com/places/e017b1c2-3917-4b30-949b-049f69cb1735/gallery/e7f84b02-8afc-4c56-85ca-0e12cdc710ba.hd,https://www.latinmass.com/find-latin-mass,2026-05-18T15:02:38.874520
St Peter,"425 North 4th Street, Steubenville, Ohio, 43952",,,,40.365511,-80.612788,<p>Sunday 12:00pm</p>,Diocesan Parish,Diocesan,https://www.stpetersteub.com/,,,<p>Sunday 12:00pm</p>,https://media.mapme.com/places/ca3c2bf7-3079-470e-9a82-49a7be7dc799/gallery/b0bd54f4-83be-42f1-a7c8-f7e8dc0a933b.hd,https://www.latinmass.com/find-latin-mass,2026-05-18T15:02:38.874520
St Stephen,"1930 West 54th Street, Cleveland, Ohio, 44102",,,,41.478921,-81.724082,<p>Sun 9:30am (High); Wed 6:30pm; First Friday 6:30pm</p>,Diocesan Parish,Diocesan,https://www.ststephencleveland.org/,,,<p>Sun 9:30am (High); Wed 6:30pm; First Friday 6:30pm</p>,https://media.mapme.com/places/346e5b3f-4401-435f-bfe1-aed1741435f6/gallery/15229af7-2b2e-4a88-8dc4-c496a7924cbb.hd,https://www.latinmass.com/find-latin-mass,2026-05-18T15:02:38.874520
Queen of the Holy Rosary,"291 Scoville Dr, Vienna, Ohio, 44473",,,,41.236406,-80.707451,"Sunday 8:00, 11:00, 4:00; M-Sa 8:00; Fr 6:00pm",FSSP,FSSP,https://www.qhrparish.com/,,,"Sunday 8:00, 11:00, 4:00; M-Sa 8:00; Fr 6:00pm",https://media.mapme.com/places/34f5c264-340c-48c8-8edd-29764e8b1443/gallery/ae1c6bcc-5e75-42f5-923f-5b36cc037d04.hd,https://www.latinmass.com/find-latin-mass,2026-05-18T15:02:38.874520
Old St Mary,"123 East 13th Street, Cincinnati, Ohio, 45202",,,,39.109519,-84.512429,"Sunday 7:30am, 9:30am (High); Monday-Saturday 7:15am; 1st Friday 6:30pm (High)",Diocesan Parish,Diocesan,https://www.oldstmarys.org/,,,"Sunday 7:30am, 9:30am (High); Monday-Saturday 7:15am; 1st Friday 6:30pm (High)",https://media.mapme.com/places/a09b7d8e-faf6-4a6b-878c-d13008e69456/gallery/ce80ceee-173c-424b-b181-ae33bd9e136d.hd,https://www.latinmass.com/find-latin-mass,2026-05-18T15:02:38.874520
Sacred Heart,"2733 Massachusetts Avenue, Cincinnati, Ohio, 45225",,,,39.131791,-84.533441,Sunday 11:00am; Friday 9:00am; First Saturday 9:00am,Diocesan Parish,Diocesan,https://www.sacredheartcincinnati.com/,,,Sunday 11:00am; Friday 9:00am; First Saturday 9:00am,https://media.mapme.com/places/598db412-cde4-4b76-93d5-7fa6ebd4c17e/gallery/88bbf8d8-cf8c-4474-9085-a5db987f36ea.hd,https://www.latinmass.com/find-latin-mass,2026-05-18T15:02:38.874520
Holy Rosary Parish,"520 Stevens Street, Indianapolis, Indiana, 46203",,,,39.75808,-86.148806,"<p>Sun 7am (Low), 11am (High); Mon, Wed 7:20am; Fri 5:45pm; 1st Saturday 5:45pm</p>",Diocesan Parish,Diocesan,https://holyrosaryindy.org,,,"<p>Sun 7am (Low), 11am (High); Mon, Wed 7:20am; Fri 5:45pm; 1st Saturday 5:45pm</p>",https://media.mapme.com/places/06f558ec-9797-49bb-a397-d4f2050f40c1/gallery/6129896d-3329-448a-bda1-e9f139e4c65d.hd,https://www.latinmass.com/find-latin-mass,2026-05-18T15:02:38.874520
University of Notre Dame Sacred Heart Crypt,"Sacred Heart Parish Center, 104, Notre Dame, Indiana 46556",,,,41.700191,-86.237933,Sunday 9:00am. Notre Dame is as pagan as any secular college. But they do have weekly Latin Mass.,College,College,https://campusministry.nd.edu/mass-worship/mass-schedules/ancient-traditions/,,,Sunday 9:00am. Notre Dame is as pagan as any secular college. But they do have weekly Latin Mass.,https://media.mapme.com/places/ccbaa453-1201-4279-87e3-e342c6bb3917/gallery/f08f6660-1be5-4eba-8dbc-86d6b768bb93.hd,https://www.latinmass.com/find-latin-mass,2026-05-18T15:02:38.874520
St Gregory the Great,"3020 S Washington Ave, Lansing, Michigan 48910, USA",,,,42.70157,-84.561479,<p>Mass on Saturdays is every Saturday at 9 am</p><p>Mass on Monday is at 12:10 during the months of November - March</p>,Diocesan Parish,Diocesan,https://gregorythegreat.com/,,,<p>Mass on Saturdays is every Saturday at 9 am</p><p>Mass on Monday is at 12:10 during the months of November - March</p>,https://media.mapme.com/places/0c88046a-9b50-4ee1-919b-4ad93d9a93bc/gallery/700610ef-813d-4410-89ac-4662521e34f5.hd,https://www.latinmass.com/find-latin-mass,2026-05-18T15:02:38.874520
Holy Rosary,"6982 South Schomberg Road, Cedar, Michigan, 49621",,,,44.877718,-85.77614,<p>Sun 11:00am; Tues 8:15am; Sat 8:15am; 1st Fridays 5:45pm</p>,Diocesan Parish,Diocesan,https://www.holyrosarycedar.org/,,,<p>Sun 11:00am; Tues 8:15am; Sat 8:15am; 1st Fridays 5:45pm</p>,https://media.mapme.com/places/a4374990-e27e-4427-b652-02c76c07965c/gallery/27a69578-9846-4838-b0be-632bda9a0ed9.hd,https://www.latinmass.com/find-latin-mass,2026-05-18T15:02:38.874520
Carmelite Monastery of the Infant of Prague,"3501 Silver Lake Rd, Traverse City, Michigan, 49684",,,,44.734285,-85.659943,"Sunday, Saturday 7:30am; Weekdays 6:55am",Diocesan Parish,Diocesan,https://carmeloftraversecity.org/,,,"Sunday, Saturday 7:30am; Weekdays 6:55am",https://media.mapme.com/places/31acb0eb-7ba1-42b5-b40d-63c985b14ba3/gallery/14bd344b-c150-4761-86a0-f04d9ac58db4.hd,https://www.latinmass.com/find-latin-mass,2026-05-18T15:02:38.874520
St Patrick Catholic,"4330 St Patricks Drive, Iowa City, Iowa, 52240",,,,41.665436,-91.471493,Sunday 2:30,Diocesan Parish,Diocesan,https://stpatsic.com/,,,Sunday 2:30,,https://www.latinmass.com/find-latin-mass,2026-05-18T15:02:38.874520
Holy Family Church,1315 W. Pleasant St. Davenport Iowa 52804,,,,41.539229,-90.593371,<p>Sunday 11:00</p>,Diocesan Parish,Diocesan,https://holyfamilydavenport.com/,,,<p>Sunday 11:00</p>,https://media.mapme.com/places/406e0b25-f978-482f-9ae7-4bd58360f9d0/gallery/f9a57fb2-a73f-4c1b-8f4e-a0009c202e87.hd,https://www.latinmass.com/find-latin-mass,2026-05-18T15:02:38.874520
Our Lady of Mount Carmel Catholic,"5400 19th Avenue, Kenosha, Wisconsin, 53140",,,,42.58559,-87.832539,Sunday 12:00; Sa 8:30,Diocesan Parish,Diocesan,https://www.olmckenosha.org/,,,Sunday 12:00; Sa 8:30,https://media.mapme.com/places/d7e0d9c2-c93c-4814-bef6-11765e3f1922/gallery/62f4cee2-d192-4549-825f-aa4d60243ef3.hd,https://www.latinmass.com/find-latin-mass,2026-05-18T15:02:38.874520
St Mary of Pine Bluff Catholic,"3673 County Highway P, Cross Plains, Wisconsin, 53528",,,,43.055696,-89.657967,<p>Sun 8:00am; Tues 7:30am; Wed 7:30am; Thurs 7:30am; 1st Fridays 7:30am; 1st Saturdays 8:15am</p>,Diocesan Parish,Diocesan,https://stmarypinebluff.com/,,,<p>Sun 8:00am; Tues 7:30am; Wed 7:30am; Thurs 7:30am; 1st Fridays 7:30am; 1st Saturdays 8:15am</p>,https://media.mapme.com/places/cdd43ef3-ae41-46e8-b2c5-d07dc85b9b10/gallery/31e65495-c9d6-4265-94d3-105d908c668d.hd,https://www.latinmass.com/find-latin-mass,2026-05-18T15:02:38.874520
St Patrick Oratory,"211 N Maple Ave, Green Bay, Wisconsin, 54303",,,,44.519275,-88.023353,"Sunday 6:30am, 8:00am, 10:00 (H); M 6:30am; Tu 6:00pm; W 8:00am; Th 8:00am; F 6:00pm; Sa 9:00am; Holy Days 6:00pm",Institute of Christ the King,ICKSP,https://www.institute-christ-king.org/greenbay-home,,,"Sunday 6:30am, 8:00am, 10:00 (H); M 6:30am; Tu 6:00pm; W 8:00am; Th 8:00am; F 6:00pm; Sa 9:00am; Holy Days 6:00pm",https://media.mapme.com/places/b86ffd2a-5aad-47cf-9f8a-5a51f5d20550/gallery/a48e9e3c-9d1f-4a8d-b656-6536df495e5b.hd,https://www.latinmass.com/find-latin-mass,2026-05-18T15:02:38.874520
St Mary Oratory,"408 Seymour Street, Wausau, Wisconsin, 54403",,,,44.953845,-89.623077,"Sunday 7:00, 8:30, 10:30 (H); Tu, W, F, Sa 8:00am; M, Th 6:00pm; 1st Friday 8:00am, 6:00pm (H); 1st Saturday 10:00am (H)",Institute of Christ the King,ICKSP,https://www.institute-christ-king.org/wausau-home,,,"Sunday 7:00, 8:30, 10:30 (H); Tu, W, F, Sa 8:00am; M, Th 6:00pm; 1st Friday 8:00am, 6:00pm (H); 1st Saturday 10:00am (H)",https://media.mapme.com/places/e59b8f99-de10-4ae6-a1a4-41141ff38272/gallery/eff16f3b-d527-4f6d-990b-8422efd7e60a.hd,https://www.latinmass.com/find-latin-mass,2026-05-18T15:02:38.874520
Shrine of Our Lady of Guadalupe,"5250 Justin Road, Louisiana Crosse, Wisconsin, 54601",,,,43.754344,-91.180077,<p>Sun 9:00am</p><p>See website for additional Latin Mass times offered throughout the year</p>,Diocesan Parish,Diocesan,https://guadalupeshrine.org/,,,<p>Sun 9:00am</p><p>See website for additional Latin Mass times offered throughout the year</p>,https://media.mapme.com/places/bdbac472-a7f5-4b79-8134-f31904fa43f3/gallery/1ba6643d-eedf-4b57-beac-3ec52018e0af.hd,https://www.latinmass.com/find-latin-mass,2026-05-18T15:02:38.874520
St Augustine,"408 3rd St N, South St Paul, Minnesota, 55075",,,,44.894146,-93.03872,"Sunday 10:00, 12:00; Sa 8:00am",Diocesan Parish,Diocesan,https://holytrinitysspmn.org/,,,"Sunday 10:00, 12:00; Sa 8:00am",https://media.mapme.com/places/52f8797e-021f-434e-9f60-5e8320735823/gallery/f8557378-a3d3-47c9-a3ab-0b85f3395350.hd,https://www.latinmass.com/find-latin-mass,2026-05-18T15:02:38.874520
St Agnes,"535 Thomas Avenue West, St Paul, Minnesota, 55103",,,,44.959508,-93.122785,Sunday 8:00 (L),Diocesan Parish,Diocesan,https://ofStagnes.org/,,,Sunday 8:00 (L),https://media.mapme.com/places/c9fc15c3-a22b-41e8-af32-b8f7c3362ea2/gallery/823dc5ac-9d88-4073-9769-494cfdce1a02.hd,https://www.latinmass.com/find-latin-mass,2026-05-18T15:02:38.874520
St Benedict Catholic,"1419 St Benedict Street, Duluth, Minnesota, 55811",,,,46.823379,-92.101705,Sunday 1:00pm,Diocesan Parish,Diocesan,https://www.stbensduluth.org/,,,Sunday 1:00pm,https://media.mapme.com/places/cb463420-5687-4980-9195-43c556094000/gallery/90ea6d1d-f10b-4a75-b920-09eb248062c5.hd,https://www.latinmass.com/find-latin-mass,2026-05-18T15:02:38.874520
St Michael Catholic,"451 5th Street Southwest, Pine Island, Minnesota, 55963",,,,44.197747,-92.653247,Sunday 7:00am,Diocesan Parish,Diocesan,https://www.stpaulstmichael.com/,,,Sunday 7:00am,https://media.mapme.com/places/6cf2ed00-295d-4dd2-9b1e-544664c7421a/gallery/0731d17c-b926-4c0b-b763-05572ec9b2ba.hd,https://www.latinmass.com/find-latin-mass,2026-05-18T15:02:38.874520
Sts Peter and Paul Catholic,"105 North 5th Street, Mankato, Minnesota, 56001",,,,44.165265,-93.996334,"Sun 11:30am<p><span style=""color: inherit;"">Mass is not celebrated in the main , but is celebrated at the Loyola High School chapel located at 145 Good Counsel Dr. Mankato, MN 56001</span></p>",Diocesan Parish,Diocesan,https://sspeterandpaul.com/,,,"Sun 11:30am<p><span style=""color: inherit;"">Mass is not celebrated in the main , but is celebrated at the Loyola High School chapel located at 145 Good Counsel Dr. Mankato, MN 56001</span></p>",https://media.mapme.com/places/4e8e9196-bd1c-4c7c-99f7-2a2a28848b0d/gallery/b06b3d2e-9d6f-4e38-b954-87615b028b1f.hd,https://www.latinmass.com/find-latin-mass,2026-05-18T15:02:38.874520
Sacred Heart,"12 Pine Street, Flensburg, Minnesota, 56328",,,,45.955149,-94.530467,<p>Sunday 10:00</p>,Diocesan Parish,Diocesan,https://www.triparishcatholiccommunity.org/home/sacred-heart-in-flensburg/,,,<p>Sunday 10:00</p>,https://media.mapme.com/places/683326a0-1de9-42a2-946a-ffdfa95dcfd3/gallery/243b9789-f42f-4f38-80b2-82f3e615b175.hd,https://www.latinmass.com/find-latin-mass,2026-05-18T15:02:38.874520
St Peter Catholic,"27551 Volo Village Rd, Volo, Illinois, 60073",,,,42.325819,-88.169957,"Snday 7:00, 11:30; M-F 6:15am; W, 1st Friday 7:00pm",Other Community Parish,Diocesan,https://stpetervolo.org/,,,"Snday 7:00, 11:30; M-F 6:15am; W, 1st Friday 7:00pm",https://media.mapme.com/places/fcce7cdc-cc90-465e-bb42-222ece23ee98/gallery/7b2a6c6f-eae6-4df6-8f45-ffba6c3074af.hd,https://www.latinmass.com/find-latin-mass,2026-05-18T15:02:38.874520
St John Vianney Parish,"46 N Wolf Rd, Northlake, Illinois, 60164",,,,41.908367,-87.903896,Sunday 10:00,PK/K/1-8 School - Diocesan,Diocesan,https://sjv-parish.org/,,,Sunday 10:00,https://media.mapme.com/places/dd3c4f0b-2041-46b2-82a3-26e1737106c6/gallery/c256cd3a-abdf-47c7-bec1-79d1420b3e39.hd,https://www.latinmass.com/find-latin-mass,2026-05-18T15:02:38.874520
St Mary Catholic,"140 N Oakwood Ave, West Chicago, Illinois, 60185",,,,41.886221,-88.19968,<p>Sunday 10:00am</p>,Diocesan Parish,Diocesan,https://stmarywc.org/,,,<p>Sunday 10:00am</p>,https://media.mapme.com/places/96e56bf8-047c-4102-af02-958fd8370bd3/gallery/413a8053-1870-4d3c-96be-81bafd9f1bb3.hd,https://www.latinmass.com/find-latin-mass,2026-05-18T15:02:38.874520
St John Cantius,"825 North Carpenter Street, Chicago, Illinois, 60642",,,,41.897187,-87.653374,"<p>Sun 7:30am, 12:30pm (High - no TLM on 1st Sundays); Wed 7:30pm; First Friday 7:30pm; Sat 8:30am; Daily Mass 8:00am</p><p>No TLM on Christmas, Easter, and PentecoSt&nbsp;</p>",Other Community Parish,Diocesan,https://www.cantius.org/,,,"<p>Sun 7:30am, 12:30pm (High - no TLM on 1st Sundays); Wed 7:30pm; First Friday 7:30pm; Sat 8:30am; Daily Mass 8:00am</p><p>No TLM on Christmas, Easter, and PentecoSt&nbsp;</p>",https://media.mapme.com/places/de5db1f0-18bd-46e3-ad98-10ba687cf84a/gallery/f5795a97-3f52-4d7d-bda3-422ead6c5500.hd,https://www.latinmass.com/find-latin-mass,2026-05-18T15:02:38.874520
Queen of the Holy Rosary Shrine,"529 4th St, LaSalle, Illinois, 61301",,,,41.331545,-89.098102,Sunday 10:00,Diocesan Parish,Diocesan,https://ivlatinmass.org/,,,Sunday 10:00,https://media.mapme.com/places/164ca6d9-cf34-45d3-8ba2-b79379b5dbdb/gallery/bda6901f-bb83-4213-979c-fbaa917ad1f3.hd,https://www.latinmass.com/find-latin-mass,2026-05-18T15:02:38.874520
St Andrew Parish,"110 East Ash St, Fairbury, Illinois, 61739",,,,40.749337,-88.511994,<p>Sunday 10:30am;&nbsp;Holy Days 8am</p>,Diocesan Parish,Diocesan,https://fairburycatholic.org/,,,<p>Sunday 10:30am;&nbsp;Holy Days 8am</p>,https://media.mapme.com/places/64503a9a-a96a-41d9-a028-30d60d857d29/gallery/ee068e8b-efd4-4e57-9b3e-8ede206d44a5.hd,https://www.latinmass.com/find-latin-mass,2026-05-18T15:02:38.874520
"Sacred Heart, St Katharine Drexel Parish","730 South 12th Street, Springfield, Illinois, 62703",,,,39.793908,-89.639066,"<p>Sunday 8:00, 10:00; M-F 7:00am, W +7:00pm; Sa 8:30am</p>",Other Community Parish,Diocesan,https://www.katharinedrexel.com/,,,"<p>Sunday 8:00, 10:00; M-F 7:00am, W +7:00pm; Sa 8:30am</p>",https://media.mapme.com/places/b2eb8aa8-50de-4a72-b239-f937d030a951/gallery/86a0e7d9-5bea-4240-993e-0c35582eb186.hd,https://www.latinmass.com/find-latin-mass,2026-05-18T15:02:38.874520
St Mary Catholic,"600 North Liberty Street , Independence, Missouri , 64050",,,,39.096482,-94.417284,Sunday 5:00,Diocesan Parish,Diocesan,https://Stmarysparish.org/,,,Sunday 5:00,https://media.mapme.com/places/56f2e201-9aea-4c8d-899d-25f2cd30f3ec/gallery/305726c8-578d-40f1-9b47-8dca704c67e1.hd,https://www.latinmass.com/find-latin-mass,2026-05-18T15:02:38.874520
Christ the King Catholic,"8510 Wornall Road, Kansas City, Missouri, 64114",,,,38.97391,-94.595577,<p>Sunday 10am; Friday 12pm</p>,Diocesan Parish,Diocesan,https://www.ctkkcmo.org/,,,<p>Sunday 10am; Friday 12pm</p>,https://media.mapme.com/places/7ce36b35-13c0-4c58-8bd7-42544bbb5ae0/gallery/28c60e6c-1d43-4eb4-96c3-b77efae7d440.hd,https://www.latinmass.com/find-latin-mass,2026-05-18T15:02:38.874520
Abbey of Our Lady of Ephesus,"8005 Northwest 316th Street, Gower, Missouri, 64454",,,,39.66546,-94.564337,11:00 Daily,Diocesan Parish,Diocesan,https://benedictinesofmary.org/,,,11:00 Daily,https://media.mapme.com/places/ce21b473-de9a-4f22-a9bc-6131263bac3f/gallery/2a0efc7e-9410-48a3-b671-824a3b2530d4.hd,https://www.latinmass.com/find-latin-mass,2026-05-18T15:02:38.874520
St James,"5814 King Hill Avenue, St Joseph, Missouri, 64504",,,,39.715559,-94.862483,Sunday 11:30,Diocesan Parish,Diocesan,https://saintjamescatholic.church/,,,Sunday 11:30,https://media.mapme.com/places/7122f305-47a5-43fc-bf14-6e19a166d047/gallery/7f8ff51c-6040-4ed5-8dd7-ad1675cb0e84.hd,https://www.latinmass.com/find-latin-mass,2026-05-18T15:02:38.874520
St Joseph the Worker Catholic,"847 S Holland Ave, Springfield, Missouri 65806, USA",,,,37.198379,-93.285794,"<p>Sun 8:00am</p><p>Mass is held at the Catholic Campus Ministry in Springfield, MO</p>",Diocesan Parish,Diocesan,https://sjwozark.org/,,,"<p>Sun 8:00am</p><p>Mass is held at the Catholic Campus Ministry in Springfield, MO</p>",https://media.mapme.com/places/1c138ef0-4d3a-45b8-9913-edbe17b51548/gallery/dbf04a55-4218-4cd3-9629-0fe1aa5a7974.hd,https://www.latinmass.com/find-latin-mass,2026-05-18T15:02:38.874520
Immaculate Conception,"2708 South 24th Street, Omaha, Nebraska, 68108",,,,41.234024,-95.947241,"<p>Sunday 7:00am, 10:00am (H), 1:00pm; M-Sa 6:45am; W-F (except First Fridays) 5:30pm; First Friday 7:00pm; Sa 9:00am</p>",FSSP,FSSP,https://www.latinmassomaha.org/,,,"<p>Sunday 7:00am, 10:00am (H), 1:00pm; M-Sa 6:45am; W-F (except First Fridays) 5:30pm; First Friday 7:00pm; Sa 9:00am</p>",https://media.mapme.com/places/0a6e5a27-b79d-4807-85cd-ed7900817f48/gallery/43d2622e-f008-4ec1-80ad-8b6fbd053d35.hd,https://www.latinmass.com/find-latin-mass,2026-05-18T15:02:38.874520
Cathedral of the Immaculate Conception,"935 Bilbo Street, Lake Charles, Louisiana, 70602",,,,30.226608,-93.216695,<p>Sunday 12:45pm; Monday-Friday 5:00pm</p>,Diocesan Parish,Diocesan,https://immaculateconceptioncathedral.com/,,,<p>Sunday 12:45pm; Monday-Friday 5:00pm</p>,https://media.mapme.com/places/b8e49681-10a6-454e-a425-d64f02033ea0/gallery/da467bc4-2734-4748-80c4-3f06d88f01ea.hd,https://www.latinmass.com/find-latin-mass,2026-05-18T15:02:38.874520
Our Lady of Prompt Succor Catholic,"1109 Cypress Street, Sulphur, Louisiana, 70663",,,,30.230511,-93.36495,Sunday 9:00,Diocesan Parish,Diocesan,https://olpssulphur.com/,,,Sunday 9:00,https://media.mapme.com/places/114c9ba9-57af-476d-9630-7bde40230549/gallery/0c4c56a9-4bd3-4847-b084-3d236e61d6f0.hd,https://www.latinmass.com/find-latin-mass,2026-05-18T15:02:38.874520
Clear Creek Benedictine Abbey,"5804 W Monastery Rd., Hulbert, Oklahoma, 74441",,,,36.03035,-95.186706,10:00 High Mass every day!,Other Community Parish,Diocesan,https://clearcreekmonks.org/,,,10:00 High Mass every day!,https://media.mapme.com/places/c113ec8d-5b14-4c70-8cca-b1184f3b9602/gallery/33d45764-df8c-4ce1-b611-6831ae8cabda.hd,https://www.latinmass.com/find-latin-mass,2026-05-18T15:02:38.874520
St Joseph the Worker,"5075 Farm to Market Road 14, Tyler, Texas, 75712",,,,32.37926,-95.290709,"<p>Sunday 7:00am, 9:00am (L), 11:00am, 2:00pm (H); M-Th 6:30am, 8:00am; F 6:30am, 11:00am, 7:00pm; Sa 6:30am, 9:00am</p>",FSSP,FSSP,https://latinmasstyler.org/,,,"<p>Sunday 7:00am, 9:00am (L), 11:00am, 2:00pm (H); M-Th 6:30am, 8:00am; F 6:30am, 11:00am, 7:00pm; Sa 6:30am, 9:00am</p>",https://media.mapme.com/places/a59ecc42-2767-44cf-ac3c-f943b25f9c0f/gallery/9edc7b72-b323-4ef5-be5b-c426e3795e05.hd,https://www.latinmass.com/find-latin-mass,2026-05-18T15:02:38.874520
Annunciation Catholic,"1618 Texas Avenue, Houston, Texas, 77003",,,,29.756377,-95.357279,<p>Sundays 11:00am; Tuesdays and Thursdays 12:10pm</p>,Diocesan Parish,Diocesan,https://www.annunciationcc.org/,,,<p>Sundays 11:00am; Tuesdays and Thursdays 12:10pm</p>,https://media.mapme.com/places/f6122ff1-5672-45bc-b88c-f2e146de6385/gallery/f62806cf-88f7-415f-9b84-06bcbb68a44e.hd,https://www.latinmass.com/find-latin-mass,2026-05-18T15:02:38.874520
Sacred Heart of Mary,"6739 South Boulder Road, Boulder, Colorado, 80303",,,,39.988381,-105.195471,Sunday 12:30; Tuesday 12:00,Diocesan Parish,Diocesan,https://www.sacredheartofmary.org/,,,Sunday 12:30; Tuesday 12:00,https://media.mapme.com/places/51771460-31c6-40cb-a5b0-1fc5f111a219/gallery/9ed3eff6-5803-479a-bff1-b64a62316956.hd,https://www.latinmass.com/find-latin-mass,2026-05-18T15:02:38.874520
Immaculate Conception Catholic,"626 Aspen Dr, Colorado Springs, Colorado, 80911",,,,38.752075,-104.732147,"Sunday 7:00am, 9:00am, 11:00am (H); M, Tu, W, F Sa 8:00am; Th 6:00pm",FSSP,FSSP,https://www.cosfssp.org/,,,"Sunday 7:00am, 9:00am, 11:00am (H); M, Tu, W, F Sa 8:00am; Th 6:00pm",https://media.mapme.com/places/18f7f83a-8367-4c16-b420-999b562678f8/gallery/fddfb186-88d8-4e8a-abfd-80a4c39f55ee.hd,https://www.latinmass.com/find-latin-mass,2026-05-18T15:02:38.874520
"St John Bosco Chapel, St Catherine of Siena Parish","6600 South Central Avenue, Phoenix, Arizona, 85042",,,,33.386551,-112.073952,"Sunday 8:00am, 9:10am (Spanish sermon); 12:15pm (English sermon); W 5:30pm",Diocesan Parish,Diocesan,https://www.stcatherinephoenix.org/,,,"Sunday 8:00am, 9:10am (Spanish sermon); 12:15pm (English sermon); W 5:30pm",https://media.mapme.com/places/099888db-7ff6-4585-8bf9-0fd9c0f5b8c4/gallery/fbdc8413-1e7f-4745-9645-05530657ec25.hd,https://www.latinmass.com/find-latin-mass,2026-05-18T15:02:38.874520
St Gianna Oratory at Holy Family,"338 West University Boulevard, Tucson, Arizona, 85705",,,,32.231916,-110.977534,"<p>Sun 8:30am, 10:30am (High), 5:00pm; Wed 8:00am; Thurs 6:00pm; 1st Friday 6:00pm (High); Weekday 1st Class Feast 6:00pm (High);&nbsp;</p>",Institute of Christ the King,ICKSP,https://www.institute-christ-king.org/tucson-home,,,"<p>Sun 8:30am, 10:30am (High), 5:00pm; Wed 8:00am; Thurs 6:00pm; 1st Friday 6:00pm (High); Weekday 1st Class Feast 6:00pm (High);&nbsp;</p>",https://media.mapme.com/places/f9f367e0-8114-4d0f-81ae-86099175c54f/gallery/384c9e56-09f1-4b92-93e8-600364f423d0.hd,https://www.latinmass.com/find-latin-mass,2026-05-18T15:02:38.874520
St Peter & St Paul,"515 West Opp Street, Wilmington, California, 90744",,,,33.782806,-118.268148,<p>Sunday 9:30am&nbsp;High Mass (typically Solemn High)</p>,Diocesan Parish,Diocesan,https://www.wilmingtoncatholic.org/,,,<p>Sunday 9:30am&nbsp;High Mass (typically Solemn High)</p>,https://media.mapme.com/places/a7d9d1ba-629a-4212-8cd8-a98e997edded/gallery/9f8e187e-43b8-4093-a7e5-b92dd3a95708.hd,https://www.latinmass.com/find-latin-mass,2026-05-18T15:02:38.874520
San Secondo d'Asti,"250 N Turner Ave, Ontario, California, 91761",,,,34.064089,-117.5834,"<p>Sun 10:30am, 2:30PM</p>",Diocesan Parish,Diocesan,https://www.ssda.org/,,,"<p>Sun 10:30am, 2:30PM</p>",https://media.mapme.com/places/47982eda-9692-406c-b6f5-2f4da74b36b2/gallery/a4cb5b85-8c1e-4891-9f3d-106b86dd1fd8.hd,https://www.latinmass.com/find-latin-mass,2026-05-18T15:02:38.874520
St Therese,"1100 East Alhambra Road, Alhambra, California, 91801",,,,34.105814,-118.119145,Sunday 1:00,Diocesan Parish,Diocesan,https://www.sttheresechurchalhambra.org/,,,Sunday 1:00,https://media.mapme.com/places/0bc8ea60-ea4d-4132-b449-0066b1f1ed34/gallery/89efbe39-18a8-4f1e-835a-c6540d8287cb.hd,https://www.latinmass.com/find-latin-mass,2026-05-18T15:02:38.874520
Sacred Heart,"43775 Deep Canyon Rd, Palm Desert, California, 92260",,,,33.730452,-116.365598,<p>Sun 2:00pm</p>,Diocesan Parish,Diocesan,https://church.sacredheartpalmdesert.com,,,<p>Sun 2:00pm</p>,https://media.mapme.com/places/983aba6a-0fc0-444d-bff1-2330fe5d6ea9/gallery/808cfd54-dc28-455a-9125-6c7fb256d12a.hd,https://www.latinmass.com/find-latin-mass,2026-05-18T15:02:38.874520
St John the Baptist Catholic,"1015 Baker St, Costa Mesa, California, 92626",,,,33.679776,-117.899294,<p>Sun &amp; Solemnities 12:30pm</p>,Other Community Parish,Diocesan,https://www.stjohnthebaptistcostamesa.org,,,<p>Sun &amp; Solemnities 12:30pm</p>,https://media.mapme.com/places/ffa383a7-467d-45b7-87be-5ae64cfd48d9/gallery/f68f35d3-1ee5-4283-b317-0b0b4317ddb2.hd,https://www.latinmass.com/find-latin-mass,2026-05-18T15:02:38.874520
Pope John Paul II Polish Center,"3999 Rose Dr, Yorba Linda, California, 92886",,,,33.903588,-117.842776,Sunday 7:00am,Diocesan Parish,Diocesan,https://www.polishcenter.org/?lang=en,,,Sunday 7:00am,https://media.mapme.com/places/094ba50a-51ac-4060-b4b0-35dc2812f3b6/gallery/f2c68684-2a93-4d07-bfe1-777689e91437.hd,https://www.latinmass.com/find-latin-mass,2026-05-18T15:02:38.874520
St Mary Magdalen Chapel,"2532 E Ventura Blvd, Camarillo, California, 93010",,,,34.215088,-119.0362,Sunday 10:00,Diocesan Parish,Diocesan,https://www.smmcam.org/,,,Sunday 10:00,https://media.mapme.com/places/12ceb4d5-171c-4932-b069-6e43c0713344/gallery/bd39c9b4-3113-4fc5-9aef-d094c938a0f4.hd,https://www.latinmass.com/find-latin-mass,2026-05-18T15:02:38.874520
St Malachy,"407 West E Street, Tehachapi, California, 93561",,,,35.131248,-118.45356,<p>Sun 2:00pm</p>,Diocesan Parish,Diocesan,https://tlmstmalachy.faith,,,<p>Sun 2:00pm</p>,https://media.mapme.com/places/db9adbc3-f239-4cba-8054-afbce7917116/gallery/9c3643b7-f506-43d2-b5c3-ec3e531d1621.hd,https://www.latinmass.com/find-latin-mass,2026-05-18T15:02:38.874520
Mater Dolorosa,"1040 Miller Ave, South San Francisco, CA 94080, USA",,,,37.661912,-122.433971,<p>Sunday 2:00am (Sung); Weekdays 12:00pm (Low);&nbsp;Saturday 9:00pm (Low);&nbsp;Holy days of obligation 10:00am</p>,Diocesan Parish,Diocesan,https://www.mdssf.org/,,,<p>Sunday 2:00am (Sung); Weekdays 12:00pm (Low);&nbsp;Saturday 9:00pm (Low);&nbsp;Holy days of obligation 10:00am</p>,https://media.mapme.com/places/8fbce2c8-d76c-4454-959d-12c38f84d280/gallery/7c934cc9-098d-475c-bb38-c1ab7639b267.hd,https://www.latinmass.com/find-latin-mass,2026-05-18T15:02:38.874520
Star of the Sea,"4420 Geary Boulevard, San Francisco, California, 94118",,,,37.78152,-122.46729,"<span>Sunday 11:30; M-F 7:00am; Saturday 12:00; 1st Friday 6:00pm (H); Holy Days 7:00am, 6:00pm (H)</span><br>",Diocesan Parish,Diocesan,https://starparish.com/,,,"<span>Sunday 11:30; M-F 7:00am; Saturday 12:00; 1st Friday 6:00pm (H); Holy Days 7:00am, 6:00pm (H)</span><br>",https://media.mapme.com/places/8e2559a5-c1b9-43ff-8731-e2310e125959/gallery/c2ecda25-4939-4179-895d-d7cb4c27a454.hd,https://www.latinmass.com/find-latin-mass,2026-05-18T15:02:38.874520
Immaculate Heart of Mary,"500 Fairview Ave, Brentwood, California, 94513",,,,37.93347,-121.722529,Sunday 5:00pm,Diocesan Parish,Diocesan,https://www.ihmbrentwood.com/,,,Sunday 5:00pm,https://media.mapme.com/places/c40529db-9252-41bd-9105-abe157de8ea0/gallery/31380004-1907-4382-8101-78b604e2d00a.hd,https://www.latinmass.com/find-latin-mass,2026-05-18T15:02:38.874520
Most Holy Rosary Chapel at St Vincent School for Boys,"1 St Vincents Dr, San Rafael, California, 94903",,,,38.032908,-122.534001,"Sundays and Holy Days of Obligation  8:00am (Low Mass),&nbsp;12:30pm (High Mass);&nbsp;Monday, Tuesday,&nbsp; Wednesday&nbsp;6:00pm<br>",Institute of Christ the King,ICKSP,https://www.tlmsf.org/Home/,,,"Sundays and Holy Days of Obligation  8:00am (Low Mass),&nbsp;12:30pm (High Mass);&nbsp;Monday, Tuesday,&nbsp; Wednesday&nbsp;6:00pm<br>",https://media.mapme.com/places/30fe0f0b-8c10-4e45-9f94-bbbf0ee2bc9a/gallery/fa03da83-a66b-4c97-b9d2-fc6d798904e8.hd,https://www.latinmass.com/find-latin-mass,2026-05-18T15:02:38.874520
St Patrick Catholic,"19399 Hwy 120, Ripon, California, 95366",,,,37.798983,-121.071709,Sunday 3:45,Diocesan Parish,Diocesan,https://www.stpatricksripon.com/,,,Sunday 3:45,https://media.mapme.com/places/b54fb2fa-0319-433f-bc8a-76d6694f6447/gallery/5dd6e86e-a578-4712-81f5-ab19325cfab0.hd,https://www.latinmass.com/find-latin-mass,2026-05-18T15:02:38.874520
Our Lady of the Assumption,"2602 S Walnut Rd, Turlock, California, 95380",,,,37.467984,-120.866447,<p>Sunday 1:30</p>,Diocesan Parish,Diocesan,https://olassumption.net/,,,<p>Sunday 1:30</p>,https://media.mapme.com/places/0b8554ff-c0a4-461d-8231-8f0eab65c238/gallery/ef835e34-4828-4645-8a28-5bced8551d13.hd,https://www.latinmass.com/find-latin-mass,2026-05-18T15:02:38.874520
St Mary,"350 Stinson Avenue, Vacaville, California, 95688",,,,38.364948,-121.999166,Sunday 2:00,Diocesan Parish,Diocesan,https://www.stmarysvacaville.com/,,,Sunday 2:00,https://media.mapme.com/places/3944f8cb-b2d7-44d7-a5f5-9b129b844695/gallery/b6c11293-ae95-4452-ad98-e694e9b60463.hd,https://www.latinmass.com/find-latin-mass,2026-05-18T15:02:38.874520
"St Stephen, the First Martyr Parish","5461 44th St, Sacramento, California, 95820",,,,38.526287,-121.455661,"Sunday 7:00am, 8:30am, 10:00am, 11:30am, 1:00pm (H), 6:00pm; M-F 7:00am, 12:00pm, 6:00pm; Sa 7:00am, 8:30am, 12:00pm",FSSP,FSSP,https://www.sacfssp.com/,,,"Sunday 7:00am, 8:30am, 10:00am, 11:30am, 1:00pm (H), 6:00pm; M-F 7:00am, 12:00pm, 6:00pm; Sa 7:00am, 8:30am, 12:00pm",https://media.mapme.com/places/28589603-11a8-4524-b61d-7345306a0ac7/gallery/9a13ad06-2593-4555-8a5e-d1175391cbfe.hd,https://www.latinmass.com/find-latin-mass,2026-05-18T15:02:38.874520
St Stephen Catholic,"1112 Southeast 41st Avenue, Portland, Oregon, 97214",,,,45.514534,-122.619798,"Sundays 8:00am Low, 10:30am Sung Mass (Missa Cantata), 5:00pm Low<br>Tuesday 12:00pm Low<br>Wednesday 6:45pm Low<br>Thursday 12:00pm Low<br>Friday 12:00pm Low<br>Saturday 9:00am Low<br><br class=""Apple-interchange-newline"">",Diocesan Parish,Diocesan,https://www.saintstephenpdx.com/bulletins,,,"Sundays 8:00am Low, 10:30am Sung Mass (Missa Cantata), 5:00pm Low<br>Tuesday 12:00pm Low<br>Wednesday 6:45pm Low<br>Thursday 12:00pm Low<br>Friday 12:00pm Low<br>Saturday 9:00am Low<br><br class=""Apple-interchange-newline"">",https://media.mapme.com/places/9ac4f19f-0fc5-4e28-b950-04bdd4832ea7/gallery/8a6a485a-9f36-4b8c-ae37-62d2f047e807.hd,https://www.latinmass.com/find-latin-mass,2026-05-18T15:02:38.874520
St Birgitta Catholic,"11820 Northwest St Helens Road, Portland, Oregon, 97231",,,,45.607431,-122.791961,"Sunday 9:30; Sa 9:00, 1st Fridays 7:00pm",Diocesan Parish,Diocesan,https://www.stbirgittapdx.com/,,,"Sunday 9:30; Sa 9:00, 1st Fridays 7:00pm",,https://www.latinmass.com/find-latin-mass,2026-05-18T15:02:38.874520
Holy Rosary Parish,"375 Northeast Clackamas Street, Portland, Oregon, 97232",,,,45.533139,-122.66219,Sunday 11:00; M-Sa 6:00am; Dominican Rite,Diocesan Parish,Diocesan,https://holyrosarypdx.org/,,,Sunday 11:00; M-Sa 6:00am; Dominican Rite,https://media.mapme.com/places/6e1ce87f-2a26-4ef5-9f3c-b996ae8a3700/gallery/9c508ccf-976e-4a51-b6b8-c0bb14622e4d.hd,https://www.latinmass.com/find-latin-mass,2026-05-18T15:02:38.874520
St Joseph Parish,"721 Chemeketa Street Northeast, Salem, Oregon, 97301",,,,44.941047,-123.032329,Sunday 7:30,Diocesan Parish,Diocesan,https://stjosephchurch.com/,,,Sunday 7:30,https://media.mapme.com/places/50edee11-3fb5-4ddf-836e-b7323f0a8a39/gallery/776c502f-4590-408e-889e-82b3dcb16391.hd,https://www.latinmass.com/find-latin-mass,2026-05-18T15:02:38.874520
St Bernadette Catholic Parish,"545 East Providence Avenue, Spokane, Washington, 99207",,,,47.69258,-117.400839,"Starting April 10, 2026<br>Sunday 7:30am, 11am",Diocesan Parish,Diocesan,https://sfxspokane.org/,,,"Starting April 10, 2026<br>Sunday 7:30am, 11am",https://media.mapme.com/places/fdb9e8cd-4055-4645-9210-8660a026ef83/gallery/3f342f95-7723-44b8-b1c2-43ec210fb409.hd,https://www.latinmass.com/find-latin-mass,2026-05-18T15:02:38.874520
Corpus Christi,"100 James St South River, New Jersey 08882",,,,40.436399,-74.383259,"Sunday 3:00; W 6:15pm, 1st Saturdays 12:00",Diocesan Parish,Diocesan,https://corpuschristisouthriver.org/,,,"Sunday 3:00; W 6:15pm, 1st Saturdays 12:00",https://media.mapme.com/places/751f02e7-673b-4fed-a95f-df9b67672edb/gallery/87a07080-2381-4215-b3bc-6cae9c6ab480.hd,https://www.latinmass.com/find-latin-mass,2026-05-18T15:02:38.874520
Cathedral of the Epiphany,"1000 Douglas Street Sioux City, Iowa 51105",,,,42.500925,-96.406903,"<p>Sun 8:30am</p><p>The Latin Mass is now being offered at <br>St Boniface<br>703 West 5th Street Sioux City, IA 51103</p>",Diocesan Parish,Diocesan,https://www.sccathedral.org/,,,"<p>Sun 8:30am</p><p>The Latin Mass is now being offered at <br>St Boniface<br>703 West 5th Street Sioux City, IA 51103</p>",https://media.mapme.com/places/30c35eed-7b8d-4b02-a341-8b1350be125f/gallery/e5cac3e3-2f1f-4000-afdc-c12c2cb9b4e0.hd,https://www.latinmass.com/find-latin-mass,2026-05-18T15:02:38.874520
Church of the Immaculate Heart of Mary,"1040 Alameda de las Pulgas Belmont, California",,,,37.510455,-122.29423,Sunday 4:00pm,Diocesan Parish,Diocesan,https://www.ihmbelmont.org/,,,Sunday 4:00pm,https://media.mapme.com/places/9d4a668c-d316-4c1a-848b-aedff609d4fe/gallery/95c667f1-8c68-485b-b9df-88d270601986.hd,https://www.latinmass.com/find-latin-mass,2026-05-18T15:02:38.874520
St Justin Martyr,"10851 Ridge Road Seminole, Florida",,,,27.871093,-82.79664,Sunday 11:00,Diocesan Parish,Diocesan,https://www.stjustinmartyr.net/,,,Sunday 11:00,https://media.mapme.com/places/14fd6832-40ab-45a0-8912-2c67882dbab8/gallery/1cb499e0-86cf-4039-8c78-9b968468c499.hd,https://www.latinmass.com/find-latin-mass,2026-05-18T15:02:38.874520
Immaculate Conception Parish,"112 S Day St Earlington, Kentucky 42410",,,,37.275082,-87.508765,Sunday 12:30,Diocesan Parish,Diocesan,https://owensborodiocese.org/listing/immaculate-conception-parish-2/,,,Sunday 12:30,https://media.mapme.com/places/eb404fad-c627-4402-8e9e-4055c25c72f6/gallery/49d087de-83da-4e77-bd14-36d0edde998b.hd,https://www.latinmass.com/find-latin-mass,2026-05-18T15:02:38.874520
Colorado State University - St John XXIII Campus,"1220 University Avenue Fort Collins, Colorado 80521",,,,40.573601,-105.098579,Sunday 11:30,Diocesan Parish,Diocesan,https://saintjohn.church/,,,Sunday 11:30,https://media.mapme.com/places/40ba3f33-61da-4e79-bb93-f4a1548e9beb/gallery/ccb17791-401e-4ceb-bef3-98f72c02b5f0.hd,https://www.latinmass.com/find-latin-mass,2026-05-18T15:02:38.874520
St. Mary's Visitation,"1260 Church Street Elm Grove, Wisconsin",,,,43.045972,-88.076057,Sunday 12:30,Diocesan Parish,Diocesan,https://www.stmaryeg.org/,,,Sunday 12:30,https://media.mapme.com/places/3e6b5e90-0348-4100-9710-4dff5fc7e9d3/gallery/2ed55537-25b4-4bd1-98a2-82bffe6948f0.hd,https://www.latinmass.com/find-latin-mass,2026-05-18T15:02:38.874520
St Peter Catholic Student Center,"1415 South 9th Street Waco, Texas 76706",,,,31.543205,-97.123704,Saturday 5:30pm (Anticipatory),Diocesan Parish,Diocesan,https://baylorcatholic.org/mass-and-reconciliation-times,,,Saturday 5:30pm (Anticipatory),https://media.mapme.com/places/2d0f2b33-d07f-4da5-adfa-a04bf5792bbc/gallery/0fae67d5-8186-4d06-9a62-5dfcf9858310.hd,https://www.latinmass.com/find-latin-mass,2026-05-18T15:02:38.874520
St Gianna Beretta Molla,"1421 New Rd Northfield, New Jersey 08225",,,,39.374125,-74.557803,Sunday 12:00pm,Diocesan Parish,Diocesan,https://stgiannanorthfieldnj.org/mass-schedule/,,,Sunday 12:00pm,,https://www.latinmass.com/find-latin-mass,2026-05-18T15:02:38.874520
Sacred Heart of Jesus,"151 Garfield Ave SW Grand Rapids, Michigan",,,,42.960434,-85.697525,<span>Sundays 11:30am; Thursdays 8:00am; Holy Days of Obligation 7:00pm</span>,Diocesan Parish,Diocesan,https://www.sacredheartgr.org/,,,<span>Sundays 11:30am; Thursdays 8:00am; Holy Days of Obligation 7:00pm</span>,https://media.mapme.com/places/91da38ac-b0d0-451e-86b1-93d9c80c119b/gallery/f6e88c15-9bcf-400a-bb5f-1ab90b4c385a.hd,https://www.latinmass.com/find-latin-mass,2026-05-18T15:02:38.874520
St Joseph,"1728 St Joseph Street Trenton, Missouri 64683",,,,40.08488,-93.602233,"Sunday 8:30am, 4:00pm; M-Sa 8:30am",Diocesan Parish,Diocesan,https://www.stjoseph-trenton.org/,,,"Sunday 8:30am, 4:00pm; M-Sa 8:30am",https://media.mapme.com/places/98d13ec4-5376-4789-b8e0-433bf825cd30/gallery/ad45f31b-d059-44c6-8081-1044f31fbf6f.hd,https://www.latinmass.com/find-latin-mass,2026-05-18T15:02:38.874520
of St Rocco,"18 3rd St Glen Cove, New York 11542",,,,40.854569,-73.617792,Sunday 11:30 (H),Diocesan Parish,Diocesan,https://www.glencovecatholic.org/,,,Sunday 11:30 (H),https://media.mapme.com/places/29351b43-03e4-4380-921f-fef9231eefaa/gallery/55f69777-ad41-4fbb-bcec-35a27e26e9e7.hd,https://www.latinmass.com/find-latin-mass,2026-05-18T15:02:38.874520
St Joseph,"1813 Oakdale Road Modesto, California",,,,37.670278,-120.958333,Sunday 9:00,Diocesan Parish,Diocesan,https://www.stjmod.com/,,,Sunday 9:00,https://media.mapme.com/places/6162204f-7391-4a37-bd98-0579fa7ba307/gallery/a1da16bc-3745-4032-8290-7d289a749032.hd,https://www.latinmass.com/find-latin-mass,2026-05-18T15:02:38.874520
Mary Queen of Heaven,"200 W Alder St, Sprague, Washington 99032, USA",,,,47.302478,-117.976006,<p>Sun 10:30am (High)</p>,Other,Other,https://www.westplainscatholicparishes.org/,,,<p>Sun 10:30am (High)</p>,https://media.mapme.com/places/446e3469-3ccf-4ec1-8efe-20bccb781986/gallery/be443240-e344-4389-9829-5fc64575b851.hd,https://www.latinmass.com/find-latin-mass,2026-05-18T15:02:38.874520
St Anthony the Abbot,"20428 Cortez Boulevard Brooksville, Florida",,,,28.537492,-82.390866,"<p>Sunday 12:00pm, W 7:00pm</p>",Diocesan Parish,Diocesan,https://www.stanthonytheabbot.org/,,,"<p>Sunday 12:00pm, W 7:00pm</p>",https://media.mapme.com/places/77c9b8f8-18c2-4f98-8dfc-359a4943638b/gallery/2521f9f5-6dfa-4521-90bd-ebab2ea3dbf2.hd,https://www.latinmass.com/find-latin-mass,2026-05-18T15:02:38.874520
St Martha,"214 Brainard Road Enfield, Connecticut",,,,42.019721,-72.565101,Sunday 11:00; W 7:00pm; 1st Saturday 9:00,Diocesan Parish,Diocesan,https://www.Stmarthaparish.org/,,,Sunday 11:00; W 7:00pm; 1st Saturday 9:00,https://media.mapme.com/places/5e5e526d-12ba-4165-a0ca-74242e3d3890/gallery/4d10448e-408c-4d35-9d7c-14401669f3c9.hd,https://www.latinmass.com/find-latin-mass,2026-05-18T15:02:38.874520
St Wenceslaus,"214 E 2nd St Wahoo, Nebraska 68066",,,,41.20656,-96.618056,Sunday 12:00,Diocesan Parish,Diocesan,,,,Sunday 12:00,,https://www.latinmass.com/find-latin-mass,2026-05-18T15:02:38.874520
Cathedral of St Eugene,"2323 Montgomery Drive Santa Rosa, California 95405",,,,38.447542,-122.687471,<p>Sunday 1:30pm&nbsp;in the Becker Center (moved from the Cathedral)</p>,Unknown,Other,https://www.steugenes.com/,,,<p>Sunday 1:30pm&nbsp;in the Becker Center (moved from the Cathedral)</p>,https://media.mapme.com/places/9da19108-f20b-47f9-9800-e7d657c59620/gallery/41574a3d-5832-43e5-96e3-048f803b337d.hd,https://www.latinmass.com/find-latin-mass,2026-05-18T15:02:38.874520
St Josaphat,"34-32 210th St Queens, New York 11361",,,,40.768497,-73.777433,"<p>Sunday 9:30; Mon-Wed, Saturday 7:00am; 1st Friday 7:30pm from Oct-June<br><br>Rorate Caeli Masses Mon-Wed, Friday (except 1st Friday), Saturday 6:30am<br><br><br></p>",Institute of Christ the King,ICKSP,https://stjosaphat-queens.org/,,,"<p>Sunday 9:30; Mon-Wed, Saturday 7:00am; 1st Friday 7:30pm from Oct-June<br><br>Rorate Caeli Masses Mon-Wed, Friday (except 1st Friday), Saturday 6:30am<br><br><br></p>",https://media.mapme.com/places/d8bb2ec0-182a-489a-9f69-e1e20c014000/gallery/5c65d5ec-96d3-47fa-ae91-fdc9cb7e1620.hd,https://www.latinmass.com/find-latin-mass,2026-05-18T15:02:38.874520
St Michael the Archangel,"60 Liberty St Pawcatuck, Connecticut 06379",,,,41.380003,-71.837723,Sunday 11:45,Diocesan Parish,Diocesan,https://www.stmichaelpawcatuck.com/,,,Sunday 11:45,https://media.mapme.com/places/26bfeadf-cded-4f94-bf31-c7f81e559b14/gallery/d0c2359c-5128-4b61-942c-da0d61cb9df7.hd,https://www.latinmass.com/find-latin-mass,2026-05-18T15:02:38.874520
St John of the Cross Catholic,"7550 26th St Vero Beach, Florida 32966",,,,27.647704,-80.480861,"<p>Sunday 1:00pm, Holy Days 6:00pm</p>",Diocesan Parish,Diocesan,https://www.stjohnsvero.org/,,,"<p>Sunday 1:00pm, Holy Days 6:00pm</p>",https://media.mapme.com/places/73a379c1-ce56-4878-bfb3-9e25dd05c1f8/gallery/f8d0fd2c-21db-461d-ad1d-616162918956.hd,https://www.latinmass.com/find-latin-mass,2026-05-18T15:02:38.874520
Holy Trinity,"775 Main St Poughkeepsie, New York 12603",,,,41.697587,-73.901399,<p>Sunday 1:00pm</p>,Diocesan Parish,Diocesan,https://holytrinitypoughkeepsie.com/,,,<p>Sunday 1:00pm</p>,https://media.mapme.com/places/dfd66231-7940-4111-a560-b69875dfb372/gallery/4b92407f-5d1b-43d3-81a9-cf23a7df136d.hd,https://www.latinmass.com/find-latin-mass,2026-05-18T15:02:38.874520
St Agatha,"7983 Southeast 15th Avenue Portland, Oregon",,,,45.465938,-122.651439,Sunday 12:30,Diocesan Parish,Diocesan,https://www.stagathaportland.com/,,,Sunday 12:30,https://media.mapme.com/places/63c40a18-cde7-4596-9b91-7bda999ca292/gallery/a0330090-21ae-4de5-abbe-a9f30fad0515.hd,https://www.latinmass.com/find-latin-mass,2026-05-18T15:02:38.874520
Divine Mercy Parish - St Cecilia,"84 Herbert St Brooklyn, New York 11222",,,,40.720081,-73.942187,<p>Sunday 2:00pm</p>,Unknown,Other,https://divinemercy-brooklyn.org/,,,<p>Sunday 2:00pm</p>,https://media.mapme.com/places/dec1f22a-680a-4a46-8970-01476bf550ec/gallery/6e34967c-d210-498b-8937-befdf313ff17.hd,https://www.latinmass.com/find-latin-mass,2026-05-18T15:02:38.874520
Sacred Heart,"888 King St Charleston, South Carolina 29403",,,,32.800055,-79.947656,<p>Sunday 12:00; First Friday 6:30pm; First Saturday 10:00; Holy Days of Obligation (except Christmas &amp; January 1st) 6:30pm</p><p>See website for Mass times for other feast days throughout the year</p>,Diocesan Parish,Diocesan,https://www.sacredheartcharleston.org/,,,<p>Sunday 12:00; First Friday 6:30pm; First Saturday 10:00; Holy Days of Obligation (except Christmas &amp; January 1st) 6:30pm</p><p>See website for Mass times for other feast days throughout the year</p>,https://media.mapme.com/places/9f0924e3-b916-49ad-b156-b0144f7b358f/gallery/1c4de66d-6253-4cb0-bf04-814cd85369a6.hd,https://www.latinmass.com/find-latin-mass,2026-05-18T15:02:38.874520
St John Paul II (St Martins),"907 S 9th St Kankakee, Illinois 60901",,,,41.11129,-87.879761,Sunday 3:00,Diocesan Parish,Diocesan,https://kankakeelatinmass.altaredesign.com/finally-tlm-for-kankakee-area/,,,Sunday 3:00,https://media.mapme.com/places/ecc124b1-f382-485a-94a7-b6fb44a16d10/gallery/11f7004e-77a1-462d-a8f9-2f57a3c1052d.hd,https://www.latinmass.com/find-latin-mass,2026-05-18T15:02:38.874520
St Mary,"939 Charlotte Avenue Kalamazoo, Michigan 49048",,,,42.301039,-85.564748,"Sunday 8:00, 12:00 (H)",Diocesan Parish,Diocesan,https://stmarykazoo.org/,,,"Sunday 8:00, 12:00 (H)",https://media.mapme.com/places/5cc23d5c-139d-439e-b428-e33ddc820b13/gallery/4a34855d-df7b-48b4-8363-cbe5a3e32f24.hd,https://www.latinmass.com/find-latin-mass,2026-05-18T15:02:38.874520
Sacred Heart,"Sacred Heart Academy Keating Drive, Winchester, Virginia",,,,39.189279,-78.189508,Sunday 12:30,Diocesan Parish,Diocesan,https://sacredheartwinchester.org/,,,Sunday 12:30,https://media.mapme.com/places/c6e7c8be-bdfa-4453-b87c-0b53dd2b9543/gallery/bbafb889-2205-49b7-849e-38f1cc487873.hd,https://www.latinmass.com/find-latin-mass,2026-05-18T15:02:38.874520
Our Lady of Fatima Chapel,"66110 Vortisch Road Lacombe, Louisiana 70445",,,,30.38888,-89.895992,,SSPX,SSPX,,,,,,https://www.latinmass.com/find-latin-mass,2026-05-18T15:02:38.874520
Immaculate Conception,"500 Morrill Street Gilford, New Hampshire 03249",,,,43.55305,-71.437406,Sunday 2:00,SSPX,SSPX,,,,Sunday 2:00,,https://www.latinmass.com/find-latin-mass,2026-05-18T15:02:38.874520
Our Lady Of Sorrows,"525 Lawrence Avenue Girard, Ohio 44420",,,,41.159924,-80.697721,,SSPX,SSPX,,,,,,https://www.latinmass.com/find-latin-mass,2026-05-18T15:02:38.874520
St Lawrence Chapel,"1001 Foster Street Extension South Windsor (Hartford), Connecticut 06074",,,,41.848236,-72.532131,,SSPX,SSPX,,,,,,https://www.latinmass.com/find-latin-mass,2026-05-18T15:02:38.874520
Our Lady of Fatima,"209 Peach Street  Sanger, Texas  76266",,,,33.365036,-97.17206,<p>Sun 1:30pm; First Fridays additional Mass at 6:00pm</p>,SSPX,SSPX,https://www.sangercatholic.com/,,,<p>Sun 1:30pm; First Fridays additional Mass at 6:00pm</p>,https://media.mapme.com/places/731216f1-0cff-4761-9886-deb5bc070586/gallery/766d1605-c28e-482c-bb19-1bb58502091c.hd,https://www.latinmass.com/find-latin-mass,2026-05-18T15:02:38.874520
Christ the King,"209 Tackora Trail Ridgefield, Connecticut 06877",,,,41.318692,-73.518713,,SSPX,SSPX,,,,,,https://www.latinmass.com/find-latin-mass,2026-05-18T15:02:38.874520
St Anthony of Padua Chapel,"103 Gould Avenue (corner of Mountain & Gould) North Caldwell, New Jersey 07006",,,,40.859928,-74.258533,,SSPX,SSPX,,,,,,https://www.latinmass.com/find-latin-mass,2026-05-18T15:02:38.874520
North American Martyrs Chapel,"100 Boulevard Hudson Falls, New York 12839",,,,43.314238,-73.596103,,SSPX,SSPX,,,,,,https://www.latinmass.com/find-latin-mass,2026-05-18T15:02:38.874520
Holy Name of Jesus Academy,"337 Trippany Road Massena, New York 13662",,,,44.956987,-74.804177,,SSPX,SSPX,,,,,,https://www.latinmass.com/find-latin-mass,2026-05-18T15:02:38.874520
St Athanasius,"406 Shady Drive Endwell (Binghamton), New York 13760",,,,42.105247,-76.023483,,SSPX,SSPX,,,,,,https://www.latinmass.com/find-latin-mass,2026-05-18T15:02:38.874520
Our Lady of the Rosary,"231 McKinley Parkway Lackawanna (Buffalo), New York 14220",,,,42.838304,-78.814682,"<p>Sunday 8:00, 10:00</p>",SSPX,SSPX,,,,"<p>Sunday 8:00, 10:00</p>",,https://www.latinmass.com/find-latin-mass,2026-05-18T15:02:38.874520
St James,"326 S. Main Street Pittsburgh, Pennsylvania 15220",,,,40.441931,-80.032839,,SSPX,SSPX,,,,,,https://www.latinmass.com/find-latin-mass,2026-05-18T15:02:38.874520
Child Jesus Chapel,"62 Broad Street Pittston, Pennsylvania 18640",,,,41.321866,-75.787967,,SSPX,SSPX,,,,,,https://www.latinmass.com/find-latin-mass,2026-05-18T15:02:38.874520
St Jude,"1402 E. 10th Street Eddystone (Philadelphia), Pennsylvania 19022",,,,39.861089,-75.342835,"<span>Sunday 8:00am, 10:00am; Monday 10:00am; Friday 7:00pm; Saturday 9:00am</span>&nbsp;",SSPX,SSPX,https://sspxphiladelphia.org/,,,"<span>Sunday 8:00am, 10:00am; Monday 10:00am; Friday 7:00pm; Saturday 9:00am</span>&nbsp;",,https://www.latinmass.com/find-latin-mass,2026-05-18T15:02:38.874520
St Pius X Chapel,"7604 S. Osborne Road Upper Marlboro, Maryland  20772",,,,38.785608,-76.796889,,SSPX,SSPX,,,,,,https://www.latinmass.com/find-latin-mass,2026-05-18T15:02:38.874520
Our Lady of Fatima Chapel,"5217 Futura Avenue Richmond, Virginia 23231",,,,37.514024,-77.388403,,SSPX,SSPX,,,,,,https://www.latinmass.com/find-latin-mass,2026-05-18T15:02:38.874520
Immaculate Conception Mission,"509 S Rosemont Rd Virginia Beach, Virginia 23452",,,,36.824565,-76.097269,,SSPX,SSPX,,,,,,https://www.latinmass.com/find-latin-mass,2026-05-18T15:02:38.874520
St Thomas Aquinas Seminary,"1208 Archbishop Lefebvre Avenue Dillwyn, Virginia 23936",,,,37.650581,-78.545418,,SSPX,SSPX,,,,,,https://www.latinmass.com/find-latin-mass,2026-05-18T15:02:38.874520
Old St Mary,"215 E. Mulberry Street Goldsboro, North Carolina 27530",,,,35.383626,-77.99327,<p>1st &amp; 3rd Sundays 1:00pm</p>,SSPX,SSPX,https://fsspx.today/chapel/nc-goldsboro/info,,,<p>1st &amp; 3rd Sundays 1:00pm</p>,,https://www.latinmass.com/find-latin-mass,2026-05-18T15:02:38.874520
Holy Redeemer,"1841 N. White Street Youngsville, North Carolina 27587",,,,36.003982,-78.481832,<p>Sunday 9:00am</p>,SSPX,SSPX,https://fsspx.today/chapel/nc-raleigh/info,,,<p>Sunday 9:00am</p>,,https://www.latinmass.com/find-latin-mass,2026-05-18T15:02:38.874520
St Anthony of Padua,"108 Horseshoe Bend Beach Road Mt. Holly (Charlotte), North Carolina 28120",,,,35.354992,-80.975861,"<p>Sun 8:00am, 10:00am; Sat 5:00pm</p>",SSPX,SSPX,https://fsspx.today/chapel/nc-charlotte/info,,,"<p>Sun 8:00am, 10:00am; Sat 5:00pm</p>",https://media.mapme.com/places/44fd4b84-0390-437e-8dc4-83bc9c49e5fe/gallery/6c6c59ca-c1d5-4ad6-82b5-935003780345.hd,https://www.latinmass.com/find-latin-mass,2026-05-18T15:02:38.874520
St Michael,"715 Hardscrabble Road, Roswell, Georgia 30075",,,,34.066245,-84.378805,"Sunday 8:00am (Low), 10:00am (High), 1:00pm (Low)<br>Weekday Mass schedule:&nbsp;<a href=""https://fsspx.today/chapel/ga-atlanta/"">Click for more info</a>",SSPX,SSPX,https://sspxatlanta.com/,,,"Sunday 8:00am (Low), 10:00am (High), 1:00pm (Low)<br>Weekday Mass schedule:&nbsp;<a href=""https://fsspx.today/chapel/ga-atlanta/"">Click for more info</a>",https://media.mapme.com/places/0a875f7c-d6c4-45e3-b0d0-1c6759ac9aa6/gallery/e26a884a-e8ad-448b-8023-d6267aef887d.hd,https://www.latinmass.com/find-latin-mass,2026-05-18T15:02:38.874520
St Michael the Archangel Chapel,"1950 Bartram Rd. Jacksonville, Florida 32207",,,,30.30699,-81.603367,<p>Sunday 7:30am; 10:00am; 4:00pm</p>,SSPX,SSPX,https://florida.sspx.org/en/St_Michael_Jacksonville,,,<p>Sunday 7:30am; 10:00am; 4:00pm</p>,https://media.mapme.com/places/1c1aff52-3675-450f-8d1e-9e9c1cc425fb/gallery/187f4c53-b5fc-4f94-8892-ab8561cd2c9f.hd,https://www.latinmass.com/find-latin-mass,2026-05-18T15:02:38.874520
St Anthony Mary Claret Mission,"686 Scenic Gulf Drive Miramar Beach, Florida 32550",,,,30.375413,-86.360288,<p>Sunday 9:00</p>,SSPX,SSPX,,,,<p>Sunday 9:00</p>,https://media.mapme.com/places/b4cb52cd-dc56-4e76-adde-151dd04ff244/gallery/f90aba19-5df1-4e74-99f8-1be6edb06120.hd,https://www.latinmass.com/find-latin-mass,2026-05-18T15:02:38.874520
"Our Lady of Victory , and the National Shrine of St Philomena","4580 SW 65th Avenue Davie, Florida 33314",,,,26.064139,-80.232807,"<p>Sun 7:00am, 9:00am, 11:00am;&nbsp;Fri 6:30pm; Sat 10:00am</p>",SSPX,SSPX,https://mylatinmass.com/,,,"<p>Sun 7:00am, 9:00am, 11:00am;&nbsp;Fri 6:30pm; Sat 10:00am</p>",https://media.mapme.com/places/c98f3a87-ca63-4583-a70a-86e1dc4272b6/gallery/f2fd9fd4-a4a3-436a-bdab-23e79b2c110c.hd,https://www.latinmass.com/find-latin-mass,2026-05-18T15:02:38.874520
Queen of the Most Holy Rosary,"509 21st Street West Palm Beach, Florida 33407",,,,26.733482,-80.055479,<p>Sunday 12:00pm;&nbsp; Saturday 9:30am</p>,SSPX,SSPX,https://florida.sspx.org/en/queen-most-holy-rosary--33596,,,<p>Sunday 12:00pm;&nbsp; Saturday 9:30am</p>,,https://www.latinmass.com/find-latin-mass,2026-05-18T15:02:38.874520
Our Lady Queen of Angels Chapel,"376 Prospect Avenue Ft. Myers, Florida 33905",,,,26.67098,-81.824803,<p>Sun 8:00am; Fri 6:00pm (except 1st Fri 6:30pm); Sat 9:00am</p>,SSPX,SSPX,https://florida.sspx.org/en/Our-Lady-Queen-Angels_ft-myers,,,<p>Sun 8:00am; Fri 6:00pm (except 1st Fri 6:30pm); Sat 9:00am</p>,https://media.mapme.com/places/33093981-b060-4ca4-a0ed-320895127f12/gallery/ab966335-d940-4787-b8cc-760e9823921f.hd,https://www.latinmass.com/find-latin-mass,2026-05-18T15:02:38.874520
Our Lady of Fatima Chapel,"14231 Old Mission Rd, Dade City, Florida 33525, USA",,,,28.365187,-82.244871,<p>Sunday 4:00pm (Low Mass)</p>,SSPX,SSPX,https://www.olfatima.com/,,,<p>Sunday 4:00pm (Low Mass)</p>,https://media.mapme.com/places/b861ae01-6de4-4669-a491-65cf85caad80/gallery/9167c6eb-ee39-4b75-a116-779a1f219b89.hd,https://www.latinmass.com/find-latin-mass,2026-05-18T15:02:38.874520
Corpus Christi Chapel,"130 Old Liberty Pike Franklin, Tennessee 37064",,,,35.929254,-86.862105,"<div>Sunday 8am, 10am; Saturday 6:30pm; 1st Fridays 6:30pm&nbsp;</div><br>",SSPX,SSPX,https://corpuschristichapel.com,,,"<div>Sunday 8am, 10am; Saturday 6:30pm; 1st Fridays 6:30pm&nbsp;</div><br>",,https://www.latinmass.com/find-latin-mass,2026-05-18T15:02:38.874520
St Cecilia,"28 E. Peebles Road Memphis, Tennessee 38109",,,,35.066867,-90.06309,,SSPX,SSPX,,,,,,https://www.latinmass.com/find-latin-mass,2026-05-18T15:02:38.874520
St Benedict,"1240 Matha Avenue Louisville, Kentucky 40215",,,,38.18216,-85.782602,,SSPX,SSPX,,,,,,https://www.latinmass.com/find-latin-mass,2026-05-18T15:02:38.874520
St Peregrine,"3086 W Streetsboro Rd 9632, Richfield OH 44286",,,,41.24385,-81.601579,,SSPX,SSPX,https://www.facebook.com/StPeregrineandAcademy/,,,,,https://www.latinmass.com/find-latin-mass,2026-05-18T15:02:38.874520
Immaculate Heart of Mary Chapel,"2935 Chenoweth Road Akron, Ohio 44312",,,,40.988679,-81.488438,<p>Sunday 9:00am</p>,Other,Other,https://www.ihmchapel.com,,,<p>Sunday 9:00am</p>,,https://www.latinmass.com/find-latin-mass,2026-05-18T15:02:38.874520
St Joseph,"245 W. Broadway Street Greenwood, Indiana 46142",,,,39.615363,-86.109129,,SSPX,SSPX,,,,,,https://www.latinmass.com/find-latin-mass,2026-05-18T15:02:38.874520
Immaculate Heart of Mary,"501 Wayland Avenue Kingsford Heights, Indiana 46346",,,,41.476113,-86.693092,,SSPX,SSPX,,,,,,https://www.latinmass.com/find-latin-mass,2026-05-18T15:02:38.874520
St John Fisher,"4800 Calhoun St, Fort Wayne, Indiana 46807, USA",,,,41.039813,-85.137581,<p>Sun 9:00am; Sat 6:00pm (call first); First Fridays additional Mass at 7:00pm; First Saturdays additional Mass at 9:00am</p>,SSPX,SSPX,tel:2604475085,,,<p>Sun 9:00am; Sat 6:00pm (call first); First Fridays additional Mass at 7:00pm; First Saturdays additional Mass at 9:00am</p>,,https://www.latinmass.com/find-latin-mass,2026-05-18T15:02:38.874520
Infant of Prague Mission,"112 S. Van Buren Street Bay City, Michigan 48708",,,,43.588744,-83.882795,,SSPX,SSPX,,,,,,https://www.latinmass.com/find-latin-mass,2026-05-18T15:02:38.874520
St Margaret Mary,"11352 Brown Street Allendale (Grand Rapids), Michigan 49401",,,,42.975118,-85.955734,,SSPX,SSPX,,,,,,https://www.latinmass.com/find-latin-mass,2026-05-18T15:02:38.874520
Sacred Heart,"2342 Valley Road Mancelona, Michigan 49659",,,,44.908809,-85.043601,,SSPX,SSPX,,,,,,https://www.latinmass.com/find-latin-mass,2026-05-18T15:02:38.874520
St Therese Chapel,"6039 Baltes Road Waunakee (Madison), Wisconsin 53597",,,,43.186646,-89.556028,"<p>Sundays 9:00am;&nbsp;<span style=""font-size: 1rem; color: rgba(var(--v-theme-on-surface),var(--v-high-emphasis-opacity));"">1st Fridays 6:30pm;&nbsp;</span><span style=""font-size: 1rem; color: rgba(var(--v-theme-on-surface),var(--v-high-emphasis-opacity));"">1st Saturdays 9:00am;&nbsp;</span><span style=""font-size: 1rem; color: rgba(var(--v-theme-on-surface),var(--v-high-emphasis-opacity));"">Saturdays 5:00pm during the winter months;&nbsp;</span><span style=""font-size: 1rem; color: rgba(var(--v-theme-on-surface),var(--v-high-emphasis-opacity));"">Saturdays at 6:00pm except when it 9:00am</span></p>",SSPX,SSPX,,,,"<p>Sundays 9:00am;&nbsp;<span style=""font-size: 1rem; color: rgba(var(--v-theme-on-surface),var(--v-high-emphasis-opacity));"">1st Fridays 6:30pm;&nbsp;</span><span style=""font-size: 1rem; color: rgba(var(--v-theme-on-surface),var(--v-high-emphasis-opacity));"">1st Saturdays 9:00am;&nbsp;</span><span style=""font-size: 1rem; color: rgba(var(--v-theme-on-surface),var(--v-high-emphasis-opacity));"">Saturdays 5:00pm during the winter months;&nbsp;</span><span style=""font-size: 1rem; color: rgba(var(--v-theme-on-surface),var(--v-high-emphasis-opacity));"">Saturdays at 6:00pm except when it 9:00am</span></p>",https://media.mapme.com/places/e8baa698-e6fd-48bb-8a8c-ded925b5338c/gallery/323896a7-7dd3-461e-8df2-9881403df022.hd,https://www.latinmass.com/find-latin-mass,2026-05-18T15:02:38.874520
Our Lady of Victory Chapel,"N11190 17th Ave Necedah, Wisconsin 54646",,,,44.049713,-90.034348,<p>Sun 4:00pm</p>,SSPX,SSPX,https://sspx.org/en/wisconsin-chapels-schedule,,,<p>Sun 4:00pm</p>,https://media.mapme.com/places/3572cb23-fd11-4acf-bd69-57208d9a66b4/gallery/30903eb9-6395-463c-bf06-8466fc796705.hd,https://www.latinmass.com/find-latin-mass,2026-05-18T15:02:38.874520
Immaculate Heart of Mary Church,"875 Manomin Avenue S. St. Paul, Minnesota 55107",,,,44.919794,-93.100952,Sunday 12:30 (L),SSPX,SSPX,,,,Sunday 12:30 (L),,https://www.latinmass.com/find-latin-mass,2026-05-18T15:02:38.874520
Holy Angels Novitiate,"21077 Quarry Hill Road Winona, Minnesota 55987",,,,44.031934,-91.726928,"<p>Sun 8:00am, 10:00am</p>",SSPX,SSPX,https://fsspx.today/chapel/mn-winona/info,,,"<p>Sun 8:00am, 10:00am</p>",https://media.mapme.com/places/65b73ccc-582f-43a0-9bd0-c1cb068798f2/gallery/9490dc81-b033-45fb-aed6-b9cf1115c01f.hd,https://www.latinmass.com/find-latin-mass,2026-05-18T15:02:38.874520
Holy Family Chapel,"10679 182nd Street Belle Plaine, Minnesota 56011",,,,44.67298,-93.796917,,SSPX,SSPX,,,,,,https://www.latinmass.com/find-latin-mass,2026-05-18T15:02:38.874520
St. Robert Bellarmine Church,"430 8th Avenue S. St. Cloud, Minnesota 56301",,,,45.554978,-94.158427,,SSPX,SSPX,,,,,,https://www.latinmass.com/find-latin-mass,2026-05-18T15:02:38.874520
Sacred Heart Novitiate,"540 W. 8th Street Browerville, Minnesota 56438",,,,46.087845,-94.8743,,SSPX,SSPX,,,,,,https://www.latinmass.com/find-latin-mass,2026-05-18T15:02:38.874520
Our Lady of Sorrows Chapel,"600 E. Roberts Street Crookston, Minnesota 56716",,,,47.767114,-96.599408,,SSPX,SSPX,,,,,,https://www.latinmass.com/find-latin-mass,2026-05-18T15:02:38.874520
St Michael,"210 5th Avenue NW Mandan, North Dakota 58554",,,,46.827398,-100.89711,,SSPX,SSPX,,,,,,https://www.latinmass.com/find-latin-mass,2026-05-18T15:02:38.874520
Our Lady of Good Success Chapel,"1460 5th Ave. E. Dickinson, North Dakota 58601",,,,46.898723,-102.77687,,SSPX,SSPX,,,,,,https://www.latinmass.com/find-latin-mass,2026-05-18T15:02:38.874520
Our Lady of the Bitterroot Chapel,"4th Street & B Street Victor, Montana 59875",,,,46.419388,-114.154551,"1st, 3rd, 5th Sundays 4:00",SSPX,SSPX,https://sspx.org/en/our-lady-bitterroot-chapel-victor-mt,,,"1st, 3rd, 5th Sundays 4:00",https://media.mapme.com/places/e8ca09ab-da32-4544-8a91-d0e3620e40a3/gallery/9b7cbac2-3e90-4ba3-8a6f-a223e44265a1.hd,https://www.latinmass.com/find-latin-mass,2026-05-18T15:02:38.874520
Immaculate Conception Chapel,"890 Foy Canyon Road Kalispell, Montana 59901",,,,48.128974,-114.319025,,SSPX,SSPX,,,,,,https://www.latinmass.com/find-latin-mass,2026-05-18T15:02:38.874520
Our Lady of Good Success Chapel,20418 Hwy 54 Louisiana Missouri 63353,,,,39.418838,-91.091498,,SSPX,SSPX,,,,,,https://www.latinmass.com/find-latin-mass,2026-05-18T15:02:38.874520
St Mary Magdalene Chapel,"1200 N. Clark Street, Mexico, Missouri 65265",,,,39.181569,-91.884171,,SSPX,SSPX,,,,,,https://www.latinmass.com/find-latin-mass,2026-05-18T15:02:38.874520
Assumption Chapel; St. Mary's Academy,"200 E. Mission Street St. Mary's, Kansas 66536",,,,39.191191,-96.061323,,SSPX,SSPX,https://academy.smac.edu/en,,,,,https://www.latinmass.com/find-latin-mass,2026-05-18T15:02:38.874520
Mary Immaculate,"1800 S Washington Street Wichita, Kansas 67211",,,,37.660442,-97.325877,,SSPX,SSPX,,,,,,https://www.latinmass.com/find-latin-mass,2026-05-18T15:02:38.874520
Our Lady of Sorrows Chapel,"3475 N. Sherwood Forest Boulevard Baton Rouge, Louisiana 70814",,,,30.482109,-91.0591,,SSPX,SSPX,,,,,,https://www.latinmass.com/find-latin-mass,2026-05-18T15:02:38.874520
Queen of the Miraculous Medal Chapel,"201 SW 3rd Street Bryant (Little Rock), Arkansas 72022",,,,34.592245,-92.490887,,SSPX,SSPX,,,,,,https://www.latinmass.com/find-latin-mass,2026-05-18T15:02:38.874520
St Michael,"4701 N. McMillan Avenue Bethany, Oklahoma 73008",,,,35.518686,-97.657529,<p>Sun 9:00am</p>,SSPX,SSPX,https://www.saintmichaelschapel.com/,,,<p>Sun 9:00am</p>,https://media.mapme.com/places/d8d9ff89-5ef8-46e5-b688-a3f2d5f46643/gallery/b7f2ec06-97d1-450c-9ee0-41747de0454e.hd,https://www.latinmass.com/find-latin-mass,2026-05-18T15:02:38.874520
Assumption of the BVM Chapel,"426 County Road 152 Clayton (Carthage), Texas 75637",,,,32.102413,-94.49378,,SSPX,SSPX,,,,,,https://www.latinmass.com/find-latin-mass,2026-05-18T15:02:38.874520
Our Lady of Mt. Carmel,"3900 Scruggs Drive North Richland Hills (Ft. Worth), Texas 76180",,,,32.82105,-97.234063,"<p>Sun 7:30am, 9:30am</p>",SSPX,SSPX,https://olmcnrh.com/,,,"<p>Sun 7:30am, 9:30am</p>",https://media.mapme.com/places/8dcb8982-222a-48b6-9457-cd1207bf7877/gallery/ce1d593d-1f1d-4efd-bd1b-34a9ef3bec93.hd,https://www.latinmass.com/find-latin-mass,2026-05-18T15:02:38.874520
St Michael the Archangel,"24001 Aldine Westfield Road Spring, Texas 77373",,,,30.05582,-95.394487,<p>Sun 8:30am; Sat 9:00am; 1st Fridays 6:30pm; Holy Days of Obligation (if they fall Mon-Fri) 6:30pm</p>,SSPX,SSPX,https://stmichael-spring.com,,,<p>Sun 8:30am; Sat 9:00am; 1st Fridays 6:30pm; Holy Days of Obligation (if they fall Mon-Fri) 6:30pm</p>,https://media.mapme.com/places/fe70e06d-ac14-427c-8f15-755982dca0e8/gallery/71c94e33-67f3-493b-b487-9038dd857402.hd,https://www.latinmass.com/find-latin-mass,2026-05-18T15:02:38.874520
Queen of Angels,"4100 Highway 3 (corner Of FM517 & Hwy 3) Dickinson (Houston), Texas 77539",,,,29.461157,-95.051853,,SSPX,SSPX,,,,,,https://www.latinmass.com/find-latin-mass,2026-05-18T15:02:38.874520
St Joseph,"7815 Orland Park San Antonio, Texas 78213",,,,29.507457,-98.517995,"Sunday 7:30am, 10:00am; Saturday Vigil 6:00pm",SSPX,SSPX,https://sanantonio.tx.sspx.org/,,,"Sunday 7:30am, 10:00am; Saturday Vigil 6:00pm",https://media.mapme.com/places/1b4b10de-4030-401a-9276-7a948a79fc8f/gallery/9379652a-af81-49c4-b405-8a8cbce33e7e.hd,https://www.latinmass.com/find-latin-mass,2026-05-18T15:02:38.874520
Our Lady of the Blessed Sacrament Mission,"500 Wildcat Dr, Portland, TX 78374, USA",,,,27.873989,-97.31971,"<p>2nd &amp; 4th Sunday Mass: 4:30 pm<br><br>(346) 336-2444</p><p><a href=""mailto:chapel61@sspx.org"">chapel61@sspx.org</a></p>",SSPX,SSPX,,,,"<p>2nd &amp; 4th Sunday Mass: 4:30 pm<br><br>(346) 336-2444</p><p><a href=""mailto:chapel61@sspx.org"">chapel61@sspx.org</a></p>",https://media.mapme.com/places/bab51718-9f51-4f68-a48f-4f56dcfbaea1/gallery/528ba2de-f23a-415c-8d29-0c15222fde6b.hd,https://www.latinmass.com/find-latin-mass,2026-05-18T15:02:38.874520
St Francis of Assisi Mission,"4415 S IH 35 Frontage Rd Austin, Texas 78744",,,,30.210792,-97.753427,,SSPX,SSPX,,,,,,https://www.latinmass.com/find-latin-mass,2026-05-18T15:02:38.874520
St Isidore,"32100 E. Colfax Avenue, Service Road Watkins, Colorado 80137",,,,39.738949,-104.611714,"<p>Sun 7:00am, 9:00am (High); Mon-Sat 8:00am</p>",SSPX,SSPX,https://stisidores-priory.com/en,,,"<p>Sun 7:00am, 9:00am (High); Mon-Sat 8:00am</p>",https://media.mapme.com/places/9bc1142a-86b3-486c-98b9-372642acb8c1/gallery/ab5806a9-46e7-4db0-846b-cd4f4fc881f7.hd,https://www.latinmass.com/find-latin-mass,2026-05-18T15:02:38.874520
Annunciation Chapel,"290 E. County Road 56 Fort Collins, Colorado 80524",,,,40.654581,-105.072158,,SSPX,SSPX,,,,,,https://www.latinmass.com/find-latin-mass,2026-05-18T15:02:38.874520
Our Lady of Guadalupe Chapel,"221 W. Elm Street New Plymouth (Boise), Idaho 83655",,,,43.970053,-116.822231,,SSPX,SSPX,,,,,,https://www.latinmass.com/find-latin-mass,2026-05-18T15:02:38.874520
St. Joseph Mission,"87541 Highway 3 N. St. Maries, Idaho 83861",,,,47.339436,-116.601157,,SSPX,SSPX,,,,,,https://www.latinmass.com/find-latin-mass,2026-05-18T15:02:38.874520
Our Lady of Sorrows,"750 E. Baseline Road Phoenix, Arizona 85042",,,,33.378467,-112.062774,"<p>Sun 7:00am, 8:30am (High), 11:00am; <br>Mon 7:30am, 11:10am; <br>Tues 5:45am, 7:30am, 11:10am; <br>Wed 7:30am, 11:10am; <br>Thurs 5:45am, 7:30am, 11:10am; <br>Fri 7:30am, 11:10am; <br>Sat 7:30am, 8:30am</p>",SSPX,SSPX,https://ourladyofsorrows-priory.com/en,,,"<p>Sun 7:00am, 8:30am (High), 11:00am; <br>Mon 7:30am, 11:10am; <br>Tues 5:45am, 7:30am, 11:10am; <br>Wed 7:30am, 11:10am; <br>Thurs 5:45am, 7:30am, 11:10am; <br>Fri 7:30am, 11:10am; <br>Sat 7:30am, 8:30am</p>",https://media.mapme.com/places/20f6645d-335a-4406-95dc-0b470f0376e0/gallery/1509ef71-69b5-4dc1-afa7-b1050be6846e.hd,https://www.latinmass.com/find-latin-mass,2026-05-18T15:02:38.874520
Mission Santa Maria,"12028 Turquoise Cir Dewey, Arizona 86327",,,,34.550279,-112.254003,,SSPX,SSPX,,,,,,https://www.latinmass.com/find-latin-mass,2026-05-18T15:02:38.874520
Sts Peter & Paul,"5800 Ouray Road NW Albuquerque, New Mexico 87120",,,,35.111021,-106.705451,"<p>Sunday 7:00, 9:00; M-Sa 7:30am</p>",SSPX,SSPX,,,,"<p>Sunday 7:00, 9:00; M-Sa 7:30am</p>",https://media.mapme.com/places/167db10e-b475-4042-a3b9-7e48415d9ec7/gallery/96562864-691e-4237-852c-e6ad465377c3.hd,https://www.latinmass.com/find-latin-mass,2026-05-18T15:02:38.874520
Our Lady of Guadalupe Monastery,"142 Joseph Blane Road Silver City, New Mexico 88061",,,,32.880265,-108.267013,,SSPX,SSPX,,,,,,https://www.latinmass.com/find-latin-mass,2026-05-18T15:02:38.874520
Our Lady of Victory,"1575 E. Windmill Lane Las Vegas, Nevada 89123",,,,36.041506,-115.131038,"<p>Sun 7:30am (Low), 10:00am (High)</p>",SSPX,SSPX,https://www.ourladyofvictorylv.com/,,,"<p>Sun 7:30am (Low), 10:00am (High)</p>",https://media.mapme.com/places/d50ee42f-2c70-4f09-8785-2c70fddc3d1c/gallery/ddda5822-27b8-42c0-b0dc-009306c5ddcd.hd,https://www.latinmass.com/find-latin-mass,2026-05-18T15:02:38.874520
St Thomas Chapel,"3495 Fairview Drive Carson City, Nevada 89701",,,,39.160345,-119.728353,,SSPX,SSPX,,,,,,https://www.latinmass.com/find-latin-mass,2026-05-18T15:02:38.874520
Maria Stella Maris Mission,"3600 S. Gaffey Street  San Pedro, California 90731",,,,33.711521,-118.292818,<p>Sun 8:00am</p>,SSPX,SSPX,https://fsspx.today/chapel/ca-san-pedro/info,,,<p>Sun 8:00am</p>,https://media.mapme.com/places/98110714-df2f-40e1-ad99-a035145ec730/gallery/df727c3c-aa3d-4f3f-84e0-9937d042d455.hd,https://www.latinmass.com/find-latin-mass,2026-05-18T15:02:38.874520
Our Lady of the Angels,"1100 W. Duarte Road  Arcadia (Los Angeles), California 91007",,,,34.124048,-118.064758,"<p>Sun 7:30am, 10:00am</p>",SSPX,SSPX,https://sspx.org/en/our-lady-angels--priory,,,"<p>Sun 7:30am, 10:00am</p>",https://media.mapme.com/places/ee997638-019e-4a64-8d0e-fa2c331fd133/gallery/81b24012-6985-47c8-8c84-443a06aacab6.hd,https://www.latinmass.com/find-latin-mass,2026-05-18T15:02:38.874520
St Joseph & Immaculate Heart of Mary,"1090 W. Laurel Street Colton, California 92324",,,,34.081046,-117.343239,"<p>Sun 7:30am, 10:00am (ASL interpreter available); Sat 9:00am</p>",SSPX,SSPX,https://fsspx.today/chapel/ca-colton/info/,,,"<p>Sun 7:30am, 10:00am (ASL interpreter available); Sat 9:00am</p>",https://media.mapme.com/places/41226be9-fb94-4731-af37-47b6e62fecd1/gallery/69fa1400-cb93-44be-85c6-6ec9d6b9e0d7.hd,https://www.latinmass.com/find-latin-mass,2026-05-18T15:02:38.874520
Our Lady of Perpetual Help,"19101 Bear Creek Road Los Gatos, California 95033",,,,37.186493,-122.003424,,SSPX,SSPX,,,,,,https://www.latinmass.com/find-latin-mass,2026-05-18T15:02:38.874520
St Thomas More Chapel,"1565 S. White Road San Jose, California 95127",,,,37.348356,-121.813111,,SSPX,SSPX,,,,,,https://www.latinmass.com/find-latin-mass,2026-05-18T15:02:38.874520
St Michael,"4524 Garfield Avenue Carmichael, California 95608",,,,38.647036,-121.336263,"<p>Sun 8:00am, 10:00am; Sat&nbsp; 7:00pm; First Fridays additional Mass 7:00pm; First Saturdays additional Mass 8:00am</p>",SSPX,SSPX,https://sarh.ca.sspx.org/en/Stmichaels,,,"<p>Sun 8:00am, 10:00am; Sat&nbsp; 7:00pm; First Fridays additional Mass 7:00pm; First Saturdays additional Mass 8:00am</p>",https://media.mapme.com/places/7a6f3c22-10a6-4187-95f0-b141e5c4be12/gallery/1c086e97-719b-4824-81ee-4bf19c186a60.hd,https://www.latinmass.com/find-latin-mass,2026-05-18T15:02:38.874520
St Therese Chapel,"1749 Spruce Avenue Chico, California 95926",,,,39.746965,-121.846365,,SSPX,SSPX,,,,,,https://www.latinmass.com/find-latin-mass,2026-05-18T15:02:38.874520
Our Lady of Fatima,"13400 Northeast 28th Street, Vancouver, Washington 98682, USA",,,,45.643472,-122.535036,,SSPX,SSPX,,,,,,https://www.latinmass.com/find-latin-mass,2026-05-18T15:02:38.874520
St Stephen Chapel,"1121 NE 7th Street Grants Pass, Oregon 97526",,,,42.449452,-123.319698,,SSPX,SSPX,,,,,,https://www.latinmass.com/find-latin-mass,2026-05-18T15:02:38.874520
St Therese Chapel,"12371 Keno Worden Road Keno (Klamath Falls), Oregon 97603",,,,42.113669,-121.923155,,SSPX,SSPX,,,,,,https://www.latinmass.com/find-latin-mass,2026-05-18T15:02:38.874520
Corpus Christi,"204 6th Avenue N. Edmonds (Seattle), Washington 98020",,,,47.811447,-122.374533,<p>Sun 9:00am; Fri 6:30pm; Sat 6:00pm</p>,SSPX,SSPX,https://hns-edmonds.org,,,<p>Sun 9:00am; Fri 6:30pm; Sat 6:00pm</p>,,https://www.latinmass.com/find-latin-mass,2026-05-18T15:02:38.874520
Carmel of the Holy Trinity Convent,"4027 S. Wilbur Road Spokane, Washington 99206",,,,47.619501,-117.24695,,SSPX,SSPX,,,,,,https://www.latinmass.com/find-latin-mass,2026-05-18T15:02:38.874520
"St Therese, Patroness of Alaska Mission","7653 Cranberry Street Anchorage, Alaska 99502",,,,61.150707,-149.93648,,SSPX,SSPX,,,,,,https://www.latinmass.com/find-latin-mass,2026-05-18T15:02:38.874520
Our Lady of Grace,"2552 Kentucky Avenue Kenner (New Orleans), Louisiana",,,,30.002169,-90.233709,,SSPX,SSPX,,,,,,https://www.latinmass.com/find-latin-mass,2026-05-18T15:02:38.874520
St Michael the Archangel,"900 Horseblock Road Farmingville, New York",,,,40.830115,-73.024801,,SSPX,SSPX,,,,,,https://www.latinmass.com/find-latin-mass,2026-05-18T15:02:38.874520
St Therese,"68 County Route 55 North Lawrence, New York 12967",,,,44.804693,-74.677986,"<p>Sunday 7:30, 9:30; M, Tu, Th, F 7:15am; M, F 11:30; W, Sa 8:00am; 1st Friday 6:00pm</p>",SSPX,SSPX,https://sspx.org/en/st-therese--priory,,,"<p>Sunday 7:30, 9:30; M, Tu, Th, F 7:15am; M, F 11:30; W, Sa 8:00am; 1st Friday 6:00pm</p>",https://media.mapme.com/places/340b4750-b032-4f96-9e2f-28f8b3e40cf7/gallery/b17ab0a5-26a8-4500-b723-f8fce181c20a.hd,https://www.latinmass.com/find-latin-mass,2026-05-18T15:02:38.874520
Blessed Virgin Mary  & Priory; Mater Dei Academy,"2656 Warners Road Warners, New York 13164",,,,43.083819,-76.325102,"Sunday 7:30, 10:00 (H), 12:30; M-F 5:45am, 7:15am; M-W 5:00pm; Sa 8:00am",SSPX,SSPX,https://blessedvirginmary-priory.com/en,,,"Sunday 7:30, 10:00 (H), 12:30; M-F 5:45am, 7:15am; M-W 5:00pm; Sa 8:00am",https://media.mapme.com/places/7bb0f850-8b1c-4124-9fb4-183fca76de87/gallery/508506e6-ed5d-4a67-9949-804e1a4cc680.hd,https://www.latinmass.com/find-latin-mass,2026-05-18T15:02:38.874520
St Thomas More  & Priory,"550 Riverview Avenue Sanford, Florida 32771",,,,28.816625,-81.294689,"<p>Sunday 7:30am, 9:30am (H), 12:00, 6:00pm; M-F 7:30am; Tu, Thu 5:45am, 11:00am; Fri 6:00pm; Sa 8:30am, 11:00</p>",SSPX,SSPX,https://www.sspxflorida.com/en,,,"<p>Sunday 7:30am, 9:30am (H), 12:00, 6:00pm; M-F 7:30am; Tu, Thu 5:45am, 11:00am; Fri 6:00pm; Sa 8:30am, 11:00</p>",https://media.mapme.com/places/16ca524d-6b8c-4943-8bfb-2c46128b4e0a/gallery/b831122c-2fbb-4d95-a93d-f25cc63ba7aa.hd,https://www.latinmass.com/find-latin-mass,2026-05-18T15:02:38.874520
Our Lady of the Assumption  & Priory; Assumption Academy,"472 Beaver Road Walton, Kentucky 41094",,,,38.871426,-84.627759,"Sunday&nbsp;<span style=""font-size: 1rem; color: rgba(var(--v-theme-on-surface),var(--v-high-emphasis-opacity));"">6:30am,&nbsp;</span><span style=""font-size: 1rem; color: rgba(var(--v-theme-on-surface),var(--v-high-emphasis-opacity));"">8:30am(High),&nbsp;</span><span style=""font-size: 1rem; color: rgba(var(--v-theme-on-surface),var(--v-high-emphasis-opacity));"">10:30am,&nbsp;</span><span style=""font-size: 1rem; color: rgba(var(--v-theme-on-surface),var(--v-high-emphasis-opacity));"">12:00PM</span>; M-F 7:15am, 11:20; Sa 8:00am",SSPX,SSPX,https://www.assumption.net/,,,"Sunday&nbsp;<span style=""font-size: 1rem; color: rgba(var(--v-theme-on-surface),var(--v-high-emphasis-opacity));"">6:30am,&nbsp;</span><span style=""font-size: 1rem; color: rgba(var(--v-theme-on-surface),var(--v-high-emphasis-opacity));"">8:30am(High),&nbsp;</span><span style=""font-size: 1rem; color: rgba(var(--v-theme-on-surface),var(--v-high-emphasis-opacity));"">10:30am,&nbsp;</span><span style=""font-size: 1rem; color: rgba(var(--v-theme-on-surface),var(--v-high-emphasis-opacity));"">12:00PM</span>; M-F 7:15am, 11:20; Sa 8:00am",https://media.mapme.com/places/c66276ba-e59f-4d2f-89ce-3df1af91c56a/gallery/b0669510-47ec-4a8d-9479-a0c7d7d0a324.hd,https://www.latinmass.com/find-latin-mass,2026-05-18T15:02:38.874520
St Joseph,"57575 Romeo Plank Road Ray Township, Michigan 48096",,,,42.719914,-82.962451,"Sunday 7:30, 10:00 (H); M-Sa 8:00am",SSPX,SSPX,https://sspx.org/en/st-josephs--priory,,,"Sunday 7:30, 10:00 (H); M-Sa 8:00am",https://media.mapme.com/places/75172ccf-cb5b-4c8f-b03f-cc34edcd7100/gallery/c6360a09-e9f2-45a9-ba82-b35f37789793.hd,https://www.latinmass.com/find-latin-mass,2026-05-18T15:02:38.874520
St John Vianney Chapel & Priory,"18910 Ellipse Loop Long Prairie, Minnesota 56347",,,,45.903118,-94.880871,"Sunday 8:00, 10:00 (H); M-Sa 8:00am",SSPX,SSPX,https://sspx.org/en/st-john-vianney--priory,,,"Sunday 8:00, 10:00 (H); M-Sa 8:00am",https://media.mapme.com/places/1de5b89f-27a1-4772-a3a5-8f4d5e57f8d2/gallery/9b113a53-9d2e-4ccf-b293-e00a345d40e6.hd,https://www.latinmass.com/find-latin-mass,2026-05-18T15:02:38.874520
Our Lady Immaculate,"410 Washington Boulevard Oak Park, Illinois 60302",,,,41.881958,-87.784799,<p>Sun 9:00am</p>,SSPX,SSPX,https://sspx.org/en/community/priories/our-lady-immaculate--priory-432,,,<p>Sun 9:00am</p>,https://media.mapme.com/places/be3d71f1-8574-4406-b723-9c54eb83f64d/gallery/0ed9b6d3-fe24-4be2-bfdc-6c55419ab9db.hd,https://www.latinmass.com/find-latin-mass,2026-05-18T15:02:38.874520
St. Mary's Assumption Church & Priory,"1126 Dolman Street St. Louis, Missouri 63104",,,,38.61847,-90.209118,"Sunday 7:30, 10:00 (H), M-F 7:00am; Tu, Th 6:00pm; First Friday 7:00pm; Sa 8:00am",SSPX,SSPX,https://smastl.org/,,,"Sunday 7:30, 10:00 (H), M-F 7:00am; Tu, Th 6:00pm; First Friday 7:00pm; Sa 8:00am",https://media.mapme.com/places/1f982de2-88f9-433b-8ff5-08c2507f5b0c/gallery/d1faad39-951b-43c1-b63b-02a473362675.hd,https://www.latinmass.com/find-latin-mass,2026-05-18T15:02:38.874520
St Vincent de Paul,"3106 Flora Avenue Kansas City, Missouri 64109",,,,39.069891,-94.566029,"Sunday 7:30, 9:30 (H), 11:30; M-F 7:15am; M, Th 11:00am; Sa 8:00am",SSPX,SSPX,https://www.stvincentkc.org/,,,"Sunday 7:30, 9:30 (H), 11:30; M-F 7:15am; M, Th 11:00am; Sa 8:00am",https://media.mapme.com/places/0ee2dd11-d1c0-410f-98bf-c343e6055ddc/gallery/10ed2328-11b8-406a-8b04-c75a05c4862b.hd,https://www.latinmass.com/find-latin-mass,2026-05-18T15:02:38.874520
Jesus and Mary  & Priory: Jesus & Mary Academy,"1401 W. Yandell Drive  El Paso, Texas 79902",,,,31.762818,-106.50347,"Sunday 7:30, 9:30 (H), 11:30; call (915) 544-7385 for more information",SSPX,SSPX,https://jesusandmarychapel.weebly.com/,,,"Sunday 7:30, 9:30 (H), 11:30; call (915) 544-7385 for more information",https://media.mapme.com/places/99627349-154c-460a-afbf-62ab00eb90c3/gallery/4b1e0eef-6f27-411b-bb1a-e0f242279d49.hd,https://www.latinmass.com/find-latin-mass,2026-05-18T15:02:38.874520
Immaculate Conception,"495 Lincoln Street Post Falls, Idaho 83854",,,,47.711859,-116.940635,"Sunday 7:00am, 8:30 (H), 10:30, 12:00; M-F 5:45am, 7:15am, 8:00am, 11:20am on school days; Sa 7:15am, 8:00am",SSPX,SSPX,https://icc.id.sspx.org/en,,,"Sunday 7:00am, 8:30 (H), 10:30, 12:00; M-F 5:45am, 7:15am, 8:00am, 11:20am on school days; Sa 7:15am, 8:00am",https://media.mapme.com/places/c33e4fd5-8b2f-4133-a70c-e80851ae3ba4/gallery/aa07989f-c981-4526-b28e-8965dbf6278f.hd,https://www.latinmass.com/find-latin-mass,2026-05-18T15:02:38.874520
St Thomas Becket,"25269 E. Bolton Road Veneta, Oregon 97487",,,,44.042074,-123.343458,"Sunday 7:30, 9:00, 11:00; M-W 7:15am, 11:15; Th 11:15; F 7:15am; Sa 8:00am",SSPX,SSPX,https://www.sspxthomasbecket.com/,,,"Sunday 7:30, 9:00, 11:00; M-W 7:15am, 11:15; Th 11:15; F 7:15am; Sa 8:00am",https://media.mapme.com/places/914f900e-25c2-42f4-8a18-34fff00f178f/gallery/17520773-3f56-488d-a36e-1dcf1e1c8474.hd,https://www.latinmass.com/find-latin-mass,2026-05-18T15:02:38.874520
Our Lady of Mt Carmel,"4465 N Causeway Blvd Covington, Louisiana 70433, USA",,,,30.413358,-90.083177,Sunday 9:00; M-F 7:00am; Sa varies,Diocesan Parish,Diocesan,https://ourladymc.org/,,,Sunday 9:00; M-F 7:00am; Sa varies,https://media.mapme.com/places/b46c4b2e-84bc-44b6-bb29-c413f1a1414e/gallery/b73a5455-5aff-45f8-9618-949e3bac43ff.hd,https://www.latinmass.com/find-latin-mass,2026-05-18T15:02:38.874520
St Agnes,"749 East Boulevard, Baton Rouge, Louisiana, 70802",,,,30.44135,-91.179627,<p>Sunday 9:15am</p>,Diocesan Parish,Diocesan,https://stagnesbr.com/,,,<p>Sunday 9:15am</p>,https://media.mapme.com/places/0a1aa287-5b41-4094-a6f7-63242f6113db/gallery/c1d3ee7f-a990-44b2-ad06-1b5da466542d.hd,https://www.latinmass.com/find-latin-mass,2026-05-18T15:02:38.874520
Our Lady of the Gulf Catholic Church,"228 S Beach Blvd Bay St. Louis, Mississippi 39520, USA",,,,30.307554,-89.328366,Sunday 12:30,Diocesan Parish,Diocesan,https://olgchurch.net/,,,Sunday 12:30,https://media.mapme.com/places/386d39ef-7953-44ec-9a25-fe0a0d3e6124/gallery/b96afe50-e53e-4827-932c-22659444ae82.hd,https://www.latinmass.com/find-latin-mass,2026-05-18T15:02:38.874520
St Frances Cabrini,"2211 E Texas Ave, Alexandria, Louisiana, 71301",,,,31.281956,-92.455895,Sunday 1:00,Diocesan Parish,Diocesan,https://www.diocesealex.org//st-frances-cabrini-/,,,Sunday 1:00,https://media.mapme.com/places/e9c21cfa-b620-4aa9-b7d7-ff2e919e5daa/gallery/609682b5-0894-44dc-a7b6-6628303acb9c.hd,https://www.latinmass.com/find-latin-mass,2026-05-18T15:02:38.874520
St Patrick,"724 Camp Street, New Orleans, Louisiana, 70130",,,,29.946616,-90.06975,Sunday 9:15; M-F 7:15am; Sa 8:00am,Diocesan Parish,Diocesan,https://oldstpatricks.org/,,,Sunday 9:15; M-F 7:15am; Sa 8:00am,,https://www.latinmass.com/find-latin-mass,2026-05-18T15:02:38.874520
Chapel of the Blessed Sacrament,"138 Caroll St Gibson, Louisiana, USA",,,,29.687487,-90.991198,"Sunday 8:00, 10:00 (H); Tu, Th 6:00pm; W, F, 7:00am; Sa 8:00",Diocesan Parish,Diocesan,https://htdiocese.org/blessedsacramentchapel,,,"Sunday 8:00, 10:00 (H); Tu, Th 6:00pm; W, F, 7:00am; Sa 8:00",https://media.mapme.com/places/9d2de9bf-a466-413e-aee5-9cecf96d8663/gallery/814d7393-ec0c-424c-a0d5-fa60db52dfca.hd,https://www.latinmass.com/find-latin-mass,2026-05-18T15:02:38.874520
Blessed Sacrament Catholic,"2564 Hale Avenue, Memphis, Tennessee, 38112",,,,35.143848,-89.974468,"<p>Sunday 8:15am</p><p>Mass times for St Theresa Little Flower, 1644 Jackson Ave, Memphis, TN 38107:</p><p>Tu 5:30pm; Th 8:15am; Sa 8:15am; First Friday 6:00pm; First Saturday 8:15am; First Sunday 8:30am</p>",Diocesan Parish,Diocesan,https://www.romanmassmemphis.com/,,,"<p>Sunday 8:15am</p><p>Mass times for St Theresa Little Flower, 1644 Jackson Ave, Memphis, TN 38107:</p><p>Tu 5:30pm; Th 8:15am; Sa 8:15am; First Friday 6:00pm; First Saturday 8:15am; First Sunday 8:30am</p>",https://media.mapme.com/places/b853d525-2400-46b5-9ebc-766da8121249/gallery/4a7a8ba3-8a56-4967-91b5-53834f079d67.hd,https://www.latinmass.com/find-latin-mass,2026-05-18T15:02:38.874520
Church of the Assumption,"1227 7th Avenue North, Nashville, Tennessee, 37208",,,,36.17556,-86.791646,Sundays 7:00am Low; 10:00am High; 6:00pm Vespers,Diocesan Parish,Diocesan,https://www.assumptionnashville.org,,,Sundays 7:00am Low; 10:00am High; 6:00pm Vespers,https://media.mapme.com/places/4b3466cd-d868-4ad9-9d1f-588017230193/gallery/5713f4a7-2c32-478b-98ef-408aff02a993.hd,https://www.latinmass.com/find-latin-mass,2026-05-18T15:02:38.874520
Immaculate Heart of Mary Academy,"777 221st Avenue NW Oak Grove, Minnesota 55011",,,,45.370962,-93.285156,Sunday 6:30am; 9:00am (H),SSPX,SSPX,https://ihm-academy.com/en,,,Sunday 6:30am; 9:00am (H),https://media.mapme.com/places/cb3910ac-ad4a-4aee-8249-c045b4b87232/gallery/7f378dcd-af03-46da-af14-657de339bc91.hd,https://www.latinmass.com/find-latin-mass,2026-05-18T15:02:38.874520
Notre Dame de La Salette Boys Academy,"5065 Olivet Road Georgetown, Illinois 61846",,,,39.940464,-87.643884,,SSPX,SSPX,https://www.lasalette.net/,,,,https://media.mapme.com/places/099738bf-17f1-400c-90ff-3bf7388b0a4b/gallery/32b9a2cc-e28d-42cb-81e9-10be7c9d53cf.hd,https://www.latinmass.com/find-latin-mass,2026-05-18T15:02:38.874520
Nuestra Senora la Conquistadora Academy,"5800 Ouray Road NW Albuquerque, New Mexico 87120",,,,35.111021,-106.705451,,SSPX,SSPX,https://nslca.org/,,,,https://media.mapme.com/places/1c3588ca-21e8-4a5a-91c1-03c0bf821019/gallery/cbde1eec-787a-4a9f-b9bb-11e6fbd77965.hd,https://www.latinmass.com/find-latin-mass,2026-05-18T15:02:38.874520
Our Lady Help of Christians Academy,"32100 E. Colfax Avenue, Service Road Watkins, Colorado 80137",,,,39.738949,-104.611714,,SSPX,SSPX,https://olhcacademy.org/,,,,https://media.mapme.com/places/e86220c3-9aff-498e-84ac-ee1302ace02d/gallery/36d0acc8-85fc-4b31-9dee-f0497104431c.hd,https://www.latinmass.com/find-latin-mass,2026-05-18T15:02:38.874520
Our Lady of Sorrows Academy,"750 E. Baseline Road Phoenix, Arizona 85042",,,,33.378467,-112.062774,,SSPX,SSPX,https://ourladyofsorrows-academy.com/en,,,,https://media.mapme.com/places/48cc5530-7c77-41b0-b169-7dbc573ebe78/gallery/d45078e4-18fd-464e-80ef-4b57ccdc1d86.hd,https://www.latinmass.com/find-latin-mass,2026-05-18T15:02:38.874520
Padre Pio School,"209 Tackora Trail Ridgefield, Connecticut 06877",,,,41.318692,-73.518713,,SSPX,SSPX,https://www.sspxridgefield.com/padre-pio-academy,,,,https://media.mapme.com/places/a7ea8b8c-6ba8-4255-810c-8bbe8b47ccde/gallery/fab94898-b5c8-44f3-aee2-da91953a0b75.hd,https://www.latinmass.com/find-latin-mass,2026-05-18T15:02:38.874520
Queen of Angels Academy,"4100 Highway 3 Dickinson, Texas 77539",,,,29.461157,-95.051853,,SSPX,SSPX,https://sspx.org/en/node/500,,,,https://media.mapme.com/places/934d514a-7c5f-418b-a933-720868c40b40/gallery/c1553a0c-211e-4466-ab75-7eb53d5fb764.hd,https://www.latinmass.com/find-latin-mass,2026-05-18T15:02:38.874520
Queen of the Holy Rosary Academy,"393 W. Old Watson Road St. Louis, Missouri 63119",,,,38.563092,-90.368178,,SSPX,SSPX,https://www.qhra.org/,,,,https://media.mapme.com/places/d27e9e7d-484c-43da-b538-bd9142a5e333/gallery/206837a2-491a-4c46-baf8-c34b32aee817.hd,https://www.latinmass.com/find-latin-mass,2026-05-18T15:02:38.874520
St. Mary's College,"200 E. Mission Street St. Mary's, Kansas 66536",,,,39.191191,-96.061323,,College,College,https://college.smac.edu/en,,,,https://media.mapme.com/places/5821af9d-0e71-4269-ba0d-e15a2cbdf0f5/gallery/0babcdb4-5e76-4656-a8be-143a31a16363.hd,https://www.latinmass.com/find-latin-mass,2026-05-18T15:02:38.874520
Immaculate Heart of Mary,"282 Still River Rd, Still River, Massachusetts 01467",,,,42.482743,-71.62214,Contact through website for Mass times,PK/K/1-12 School - Other Community,School,https://www.saintbenedict.com/pray/mass-devotions-schedule/,,,Contact through website for Mass times,https://media.mapme.com/places/f394fb29-bd78-455d-af8a-5e1bc6b23f07/gallery/951a7bcb-6d65-41ed-9b6c-7dd5a992a52c.hd,https://www.latinmass.com/find-latin-mass,2026-05-18T15:02:38.874520
St Dominic Convent and School,"20274 W. Riverview Drive Post Falls, Idaho 83854",,,,47.686506,-117.020326,,PK/K/1-12 School - Other Community,School,https://stdominicpostfalls.org/about/,,,,https://media.mapme.com/places/6cd18c19-5f1b-4e42-8187-dd8621929268/gallery/ea0a09be-5079-48d7-92be-ce5a2c3e7888.hd,https://www.latinmass.com/find-latin-mass,2026-05-18T15:02:38.874520
Prince of Peace  and School,"1209 Brushy Creek Rd, Taylors, South Carolina 29687, USA",,,,34.895841,-82.305532,<p>Sun 12:00pm (High); Mon-Fri 12:00pm; Sat 8:00am</p>,Diocesan Parish,Diocesan,https://www.princeofpeacetaylors.org,,,<p>Sun 12:00pm (High); Mon-Fri 12:00pm; Sat 8:00am</p>,https://media.mapme.com/places/783b69d3-8667-43f6-917e-2105536adc24/gallery/9c69ff63-ec6b-4fd6-b01e-d65b39dce633.hd,https://www.latinmass.com/find-latin-mass,2026-05-18T15:02:38.874520
Wyoming Catholic College,"306 Main St, Lander, Wyoming 82520, USA",,,,42.833409,-108.731372,,College,College,https://wyomingcatholic.edu/,,,,https://media.mapme.com/places/b136c233-15f9-4018-bb80-199aa19faa15/gallery/0e0b4687-688a-410c-b87a-ab43ed2031ca.hd,https://www.latinmass.com/find-latin-mass,2026-05-18T15:02:38.874520
Thomas Aquinas College,"10000 Ojai Rd, Santa Paula, California 93060, USA",,,,34.429349,-119.088667,,College,College,https://thomasaquinas.edu/,,,,https://media.mapme.com/places/35fe5454-ed73-4db7-a011-407012859a36/gallery/e547eb69-1db1-43df-8309-0bb2fa229f7f.hd,https://www.latinmass.com/find-latin-mass,2026-05-18T15:02:38.874520
Holy Innocents,"425 East 20th Street  Long Beach, California 90806",,,,33.793746,-118.187575,Sunday 9:00am; M-F 7:00pm (Spanish sermon),Diocesan Parish,Diocesan,https://lbcatholic.com/,,,Sunday 9:00am; M-F 7:00pm (Spanish sermon),https://media.mapme.com/places/8188eebb-5306-4956-80c6-3669fa340ff5/gallery/a1368837-349f-4578-8424-9229e769703e.hd,https://www.latinmass.com/find-latin-mass,2026-05-18T15:02:38.874520
500 E 8th St Garage,"500 E 8th St #206, Kansas City, MO 64106, USA",,,,39.104807,-94.576531,,College,College,https://www.the-collegium.org/,,,,,https://www.latinmass.com/find-latin-mass,2026-05-18T15:02:38.874520
Most Precious Blood,"3029 S 57th W Ave, Tulsa, Oklahoma 74107, USA",,,,36.120464,-96.055787,"<p>Sunday 8:30, 10:30 (H), 1:00; M 12:00; Tu, Th 8:00am; W 6:00pm; F 7:00pm, Sa 9:00am; First Fridays additional Mass at 6:00pm; First Saturdays additional Mass at 11:00am</p>",FSSP,FSSP,https://www.mpbptulsa.com/,,,"<p>Sunday 8:30, 10:30 (H), 1:00; M 12:00; Tu, Th 8:00am; W 6:00pm; F 7:00pm, Sa 9:00am; First Fridays additional Mass at 6:00pm; First Saturdays additional Mass at 11:00am</p>",https://media.mapme.com/places/c9feeb78-1b4f-4ac8-9756-39018d83ecc9/gallery/0d6c7a18-741a-4052-95f2-5f05a32f343a.hd,https://www.latinmass.com/find-latin-mass,2026-05-18T15:02:38.874520
St Damien,"8455 NW 234th St, Edmond, Oklahoma 73025, USA",,,,35.712345,-97.664597,"Sun 8:00am, 10:30am (High); Mon-Sat 8:00am<p><span style=""color: inherit;""><a href=""http://www.stdamiens.com/""><br></a></span></p><p><span style=""color: inherit;""><a href=""http://www.stdamiens.com/"">http://www.stdamiens.com/</a></span><br></p>",FSSP,FSSP,,,,"Sun 8:00am, 10:30am (High); Mon-Sat 8:00am<p><span style=""color: inherit;""><a href=""http://www.stdamiens.com/""><br></a></span></p><p><span style=""color: inherit;""><a href=""http://www.stdamiens.com/"">http://www.stdamiens.com/</a></span><br></p>",https://media.mapme.com/places/ded358a6-228d-427d-a6a2-a1d8912cbb89/gallery/f7d052ce-60d4-468d-9530-9edfef330118.hd,https://www.latinmass.com/find-latin-mass,2026-05-18T15:02:38.874520
St John the Baptist Catholic,"602 E Main St, Cabot, Arkansas 72023, USA",,,,34.96961,-92.010673,"<p>Sun 8:00am, 10:30am (High); Mon 8:00am; Tues 6:30pm; Wed 8:00am; Thurs 8:00am; Fri 6:30pm; Sat 8:00am</p>",FSSP,FSSP,https://arkansaslatinmass.org/,,,"<p>Sun 8:00am, 10:30am (High); Mon 8:00am; Tues 6:30pm; Wed 8:00am; Thurs 8:00am; Fri 6:30pm; Sat 8:00am</p>",https://media.mapme.com/places/d29857fd-863f-44e2-8cca-a42be8f00623/gallery/b104cc18-00c3-4bb2-a938-169b7adab110.hd,https://www.latinmass.com/find-latin-mass,2026-05-18T15:02:38.874520
St Thomas Aquinas,"2567 Buell Rd. Elmira, Michigan",,,,45.066677,-84.858613,Sunday 3:00,Diocesan Parish,Diocesan,https://dioceseofgaylord.org/parish/st-thomas-aquinas-elmira,,,Sunday 3:00,,https://www.latinmass.com/find-latin-mass,2026-05-18T15:02:38.874520
Holy Trinity,"749 6th Ave S, South St Paul, Minnesota 55075",,,,44.878401,-93.040877,"Sunday 10:00, 12:00; Sa 8:00am",Diocesan Parish,Diocesan,https://holytrinitysspmn.org/,,,"Sunday 10:00, 12:00; Sa 8:00am",https://media.mapme.com/places/f6ad0370-0078-4825-a3ec-9f149ba4ea31/gallery/b3353ee1-5910-4d13-9684-64d14ca72746.hd,https://www.latinmass.com/find-latin-mass,2026-05-18T15:02:38.874520
"St Stanislaus Catholic, Winchester","80 Richmond St, Winchester, New Hampshire 03470",,,,42.768406,-72.37529,<span>Sundays 8:30am (Low Mass) 10:30am (High Mass);&nbsp;Monday - Friday 7:15am; Wednesday 11:30am;&nbsp;Friday 6:00pm</span>&nbsp;&nbsp;&nbsp;&nbsp;,Other Community Parish,Diocesan,https://www.winchesterlatinmass.com/,,,<span>Sundays 8:30am (Low Mass) 10:30am (High Mass);&nbsp;Monday - Friday 7:15am; Wednesday 11:30am;&nbsp;Friday 6:00pm</span>&nbsp;&nbsp;&nbsp;&nbsp;,https://media.mapme.com/places/5664e1a8-0648-4b07-b0a4-923f6200409d/gallery/4ec79313-9119-4c64-95b1-1bbeecb45f55.hd,https://www.latinmass.com/find-latin-mass,2026-05-18T15:02:38.874520
Immaculate Heart of Mary Oratory,"1101 South Winchester Blvd San Jose, California 95128",,,,37.259394,-121.930536,"<div>Mass is not celebrated at the Immaculate Heart of Mary Oratory but is now celebrated at 1101 South Winchester Blvd Building C San Jose, CA.</div><p>Sun 8:00am, 9:30am, 11:15am (High); Mon-Thur 12:00pm; Fri 6:00pm; Sat 9:00am;&nbsp;First Fridays additional Mass at 7:00pm</p>",Institute of Christ the King,ICKSP,https://institute-christ-king.org/sanjose-home,,,"<div>Mass is not celebrated at the Immaculate Heart of Mary Oratory but is now celebrated at 1101 South Winchester Blvd Building C San Jose, CA.</div><p>Sun 8:00am, 9:30am, 11:15am (High); Mon-Thur 12:00pm; Fri 6:00pm; Sat 9:00am;&nbsp;First Fridays additional Mass at 7:00pm</p>",https://media.mapme.com/places/764f355a-2471-4278-93d9-241c68ae7778/gallery/abfd3115-9da2-4c49-8e49-6725cdd71ed5.hd,https://www.latinmass.com/find-latin-mass,2026-05-18T15:02:38.874520
St. Joan of Arc and Holy Family Mission,"6404 Washington St. Yountville, California 94599",,,,38.396005,-122.35552,Sunday 9:30am; Th 5:30pm,Diocesan Parish,Diocesan,https://www.stjoanofarcparish.com/home,,,Sunday 9:30am; Th 5:30pm,,https://www.latinmass.com/find-latin-mass,2026-05-18T15:02:38.874520
Sacred Heart Catholic Church,"517 W 10th St. Medford, Oregon 97501",,,,42.320933,-122.875586,Sunday 3:30,Diocesan Parish,Diocesan,https://sacredheartmedford.org/,,,Sunday 3:30,https://media.mapme.com/places/8f79ae6f-eaee-41e0-94ac-47a43806b864/gallery/36cf9d7b-3daa-4050-a689-36cd2a18b2e9.hd,https://www.latinmass.com/find-latin-mass,2026-05-18T15:02:38.874520
St Catherine of Siena,"25181 E Broadway Ave Veneta, Oregon 97487",,,,44.052197,-123.34711,"<p>Sunday 8:00, 11:00; Tu, F 6:30pm; Sa 9:00am</p>",Diocesan Parish,Diocesan,https://www.stcveneta.com/,,,"<p>Sunday 8:00, 11:00; Tu, F 6:30pm; Sa 9:00am</p>",https://media.mapme.com/places/361cbcda-90b4-43ef-ae2b-a5428eb8638c/gallery/2b11c876-a60c-4f7e-8852-e857e3cf067d.hd,https://www.latinmass.com/find-latin-mass,2026-05-18T15:02:38.874520
Our Lady of Sorrows,"1600 W Graham Rd Springdale, Arkansas 72762",,,,36.229852,-94.147338,"Sunday 8am (Low Mass);<br>10am (High Mass);<br>12:30pm (Low Mass)<br><br>Monday 12pm, 6pm;<br>Tuesday 7am,12pm;<br>Wednesday12pm;<br>Thursday 7am;<br>Friday12pm, 6pm;<br>Saturday 9am<br><br>Please check the bulletin or the calendar at&nbsp;<a href=""https://ourladyofsorrowsnwa.org/"" data-outlook-id=""c1465a8b-03f3-4be3-878b-61327528cdff"">Ourladyofsorrowsnwa.org</a>&nbsp;&nbsp;for any changes or updates to the weekday Mass times<br class=""Apple-interchange-newline""><br class=""Apple-interchange-newline"">",FSSP,FSSP,https://ourladyofsorrowsnwa.org/,,,"Sunday 8am (Low Mass);<br>10am (High Mass);<br>12:30pm (Low Mass)<br><br>Monday 12pm, 6pm;<br>Tuesday 7am,12pm;<br>Wednesday12pm;<br>Thursday 7am;<br>Friday12pm, 6pm;<br>Saturday 9am<br><br>Please check the bulletin or the calendar at&nbsp;<a href=""https://ourladyofsorrowsnwa.org/"" data-outlook-id=""c1465a8b-03f3-4be3-878b-61327528cdff"">Ourladyofsorrowsnwa.org</a>&nbsp;&nbsp;for any changes or updates to the weekday Mass times<br class=""Apple-interchange-newline""><br class=""Apple-interchange-newline"">",https://media.mapme.com/places/349144b1-d735-441e-9989-5c2bf4dd9df4/gallery/b8cf0078-1993-4ce5-82b5-a3790347ed5e.hd,https://www.latinmass.com/find-latin-mass,2026-05-18T15:02:38.874520
Oratory of Sts Gregory and Augustine,"7230 Dale Ave, St. Louis, Missouri 63117",,,,38.626956,-90.311857,"<p>Sunday 6:30am, 8:00am, 10:00am;<br><span style=""font-size: 1rem; color: rgba(var(--v-theme-on-surface),var(--v-high-emphasis-opacity));"">Monday - Friday 6:30am, 12:15pm;<br></span><span style=""font-size: 1rem; color: rgba(var(--v-theme-on-surface),var(--v-high-emphasis-opacity));"">Saturday 8:15am;<br></span><span style=""font-size: 1rem; color: rgba(var(--v-theme-on-surface),var(--v-high-emphasis-opacity));"">First Friday 6:30pm</span></p>",Diocesan Parish,Diocesan,https://stlouislatinmass.com/,,,"<p>Sunday 6:30am, 8:00am, 10:00am;<br><span style=""font-size: 1rem; color: rgba(var(--v-theme-on-surface),var(--v-high-emphasis-opacity));"">Monday - Friday 6:30am, 12:15pm;<br></span><span style=""font-size: 1rem; color: rgba(var(--v-theme-on-surface),var(--v-high-emphasis-opacity));"">Saturday 8:15am;<br></span><span style=""font-size: 1rem; color: rgba(var(--v-theme-on-surface),var(--v-high-emphasis-opacity));"">First Friday 6:30pm</span></p>",https://media.mapme.com/places/74aa2700-8396-4e51-b698-5aec02a851b7/gallery/9acdf54e-1d3c-475d-83a7-2709c0b016b8.hd,https://www.latinmass.com/find-latin-mass,2026-05-18T15:02:38.874520
Sacred Heart,"4087 W Broadway Ave, Minneapolis, Minnesota 55422",,,,45.028903,-93.33784,Sunday 11:30,Diocesan Parish,Diocesan,https://shrmn.org/,,,Sunday 11:30,https://media.mapme.com/places/fa79dec8-1dc8-41dd-ba5a-f1baad86e42e/gallery/2934c9ac-0072-4794-82f8-2341f27a6058.hd,https://www.latinmass.com/find-latin-mass,2026-05-18T15:02:38.874520
Our Lady of Good Counsel,"5652 E Main St, Verona, New York 13478",,,,43.134927,-75.573815,"Sunday 8:00am, M 8:00am",Diocesan Parish,Diocesan,https://olgcc.org/,,,"Sunday 8:00am, M 8:00am",https://media.mapme.com/places/6a6bd595-a22e-4b82-a977-1ff979b642b7/gallery/93662cd8-f1ab-4df3-82b1-6ea4dfb0497b.hd,https://www.latinmass.com/find-latin-mass,2026-05-18T15:02:38.874520
St Mary Park City,"1505 White Pine Canyon Rd Park City, Utah 84060",,,,40.682044,-111.537095,Sunday 3:00,Diocesan Parish,Diocesan,https://www.stmarysparkcity.com/latin,,,Sunday 3:00,https://media.mapme.com/places/3b12a1b9-b0e8-4d9a-9c61-23ecf74704ba/gallery/63fb7440-9c71-4ac7-99ea-c408875c5a77.hd,https://www.latinmass.com/find-latin-mass,2026-05-18T15:02:38.874520
St. Mary's,"699 Milwaukee St., Lomira, Wisconsin 53048",,,,43.590353,-88.450647,Sunday 11:30,Diocesan Parish,Diocesan,https://smsoz.org/,,,Sunday 11:30,https://media.mapme.com/places/7f39746f-cae1-41fa-b472-a01ac9ca9ac5/gallery/ab70656e-1181-4e36-8cd0-45fe6f595d94.hd,https://www.latinmass.com/find-latin-mass,2026-05-18T15:02:38.874520
St Martin De Porres Catholic,"230 Post Oak Dr, Dripping Springs, Texas 78620",,,,30.172905,-98.08434,<p>Sundays 1:30pm</p>,Diocesan Parish,Diocesan,https://stmartindp.org/,,,<p>Sundays 1:30pm</p>,https://media.mapme.com/places/de56aaf3-32de-49c3-ae4b-0d66ea5512bf/gallery/d24eeb59-f294-40e7-94c5-91cdc59aeaca.hd,https://www.latinmass.com/find-latin-mass,2026-05-18T15:02:38.874520
Carmel Chapel (Carmelite Sisters),"9300 W Agnew Road Valparaiso, Nebraska 68065-8724",,,,41.021073,-96.847935,Sunday 9:00,Other Community Parish,Diocesan,https://www.lincolndiocese.org/directory/women-religious/217-carmelite-sisters,,,Sunday 9:00,https://media.mapme.com/places/ce68b02c-176e-4723-9263-35a5c45a5a59/gallery/6d97f8d9-4aba-44a4-be66-d309a78e8c26.hd,https://www.latinmass.com/find-latin-mass,2026-05-18T15:02:38.874520
Blessed Sacrament Church,"2124 Pauoa Rd., Honolulu, Hawaii, 96813",,,,21.319328,-157.847454,Sunday 10:00,Diocesan Parish,Diocesan,https://blessedsacramentpauoa.blogspot.com/,,,Sunday 10:00,https://media.mapme.com/places/529eeab3-8b83-40a2-add3-f094be433656/gallery/b7ef1fb4-5e42-4059-95e1-42c604ac60fe.hd,https://www.latinmass.com/find-latin-mass,2026-05-18T15:02:38.874520
St Francis de Sales Oratory,"802 S Huntington St, Sulphur, Louisiana 70663",,,,30.231691,-93.376882,"<div><span>Starting September 15th, 2025:<br><br></span>Sunday 8:30am (L), 10:30am (H); Monday 8:15am (L);&nbsp;Tuesday/Thursday 12:00pm (L);&nbsp;Wednesday 5:00pm (L);&nbsp;Friday 6:00pm (L);&nbsp;Saturday 9:00am (L)</div>",Institute of Christ the King,ICKSP,https://www.institute-christ-king.org/sulphur-home,,,"<div><span>Starting September 15th, 2025:<br><br></span>Sunday 8:30am (L), 10:30am (H); Monday 8:15am (L);&nbsp;Tuesday/Thursday 12:00pm (L);&nbsp;Wednesday 5:00pm (L);&nbsp;Friday 6:00pm (L);&nbsp;Saturday 9:00am (L)</div>",https://media.mapme.com/places/604c0c5c-26b3-4245-be83-6cfec69703c7/gallery/39b5f236-f6d4-49bf-92c1-db6f7552b1d7.hd,https://www.latinmass.com/find-latin-mass,2026-05-18T15:02:38.874520
St. Monica,"1700 Buford Hwy, Duluth, Georgia, 30097",,,,34.02444,-84.101699,<p>Sunday 8:00am</p>,Diocesan Parish,Diocesan,https://saintmonicas.com/,,,<p>Sunday 8:00am</p>,https://media.mapme.com/places/23757a92-1ef4-4bb3-9b96-24811f54dba2/gallery/53f0ae27-78cd-47c0-b24c-fd4d1c76c02b.hd,https://www.latinmass.com/find-latin-mass,2026-05-18T15:02:38.874520
Our Lady of the Lake,"195 Amicks Ferry Rd, Chapin, South Carolina 29036",,,,34.161838,-81.355244,<p>Sun 1:00pm (High)</p>,Diocesan Parish,Diocesan,https://ollchapin.org/,,,<p>Sun 1:00pm (High)</p>,https://media.mapme.com/places/c6403681-7d51-4191-82e4-bd148f078607/gallery/c50fe75b-ecc9-4ee4-9e2d-4b8e23d09372.hd,https://www.latinmass.com/find-latin-mass,2026-05-18T15:02:38.874520
Our Lady of Sorrows,"93 Clerk St, Jersey City, New Jersey, 07035",,,,40.707654,-74.076926,Sunday 9:00,Diocesan Parish,Diocesan,https://olsnj.org/,,,Sunday 9:00,https://media.mapme.com/places/2679548c-6371-40d9-a407-35aa5d9a75e2/gallery/e9ecf7bd-af20-4375-aa7f-7991b947217e.hd,https://www.latinmass.com/find-latin-mass,2026-05-18T15:02:38.874520
St Dominic,"250 Old Squan Rd, Brick, New Jersey, 08724",,,,40.0763,-74.113925,Sunday 12:00,Diocesan Parish,Diocesan,https://stdominicsparish.com/,,,Sunday 12:00,https://media.mapme.com/places/e6125a9e-8cc9-4841-a12f-544ffc12cd07/gallery/846d7cfd-0a60-4052-b6b2-64fa5ceab7af.hd,https://www.latinmass.com/find-latin-mass,2026-05-18T15:02:38.874520
San Ignacio Catholic,"1300 Walter St NE, Albuquerque, New Mexico 87102",,,,35.095298,-106.638041,Sunday 12:00,Diocesan Parish,Diocesan,https://www.sanignacioabq.org,,,Sunday 12:00,,https://www.latinmass.com/find-latin-mass,2026-05-18T15:02:38.874520
St Stephen,"900 W Garden St, Pensacola, Florida 32502",,,,30.411648,-87.228125,<p>Sunday 10:30am (High)</p>,Diocesan Parish,Diocesan,https://latinmasspensacola.org/,,,<p>Sunday 10:30am (High)</p>,https://media.mapme.com/places/0a1799de-7760-4541-9cd4-64ee8f60fb2c/gallery/157e2cde-45e7-4617-8c62-1a8763f228f6.hd,https://www.latinmass.com/find-latin-mass,2026-05-18T15:02:38.874520
Sts. Peter and Paul Catholic Church,"1031 Church Ln, New Ulm, Texas 78950",,,,29.865603,-96.543273,Sunday 10:30,Diocesan Parish,Diocesan,https://peterandpaulparish.com/,,,Sunday 10:30,https://media.mapme.com/places/b72fb801-6b44-4a84-b09d-30d1b2e81820/gallery/40fbd3d5-2e6e-4c5a-b8d5-e670c5dacf73.hd,https://www.latinmass.com/find-latin-mass,2026-05-18T15:02:38.874520
Our Lady of Perpetual Help,"1908 Short St, Kenner, Louisiana 70062",,,,29.975695,-90.248052,Sunday 5:00,Diocesan Parish,Diocesan,https://www.olphla.net/,,,Sunday 5:00,https://media.mapme.com/places/24319899-c474-4714-9441-a2973f66aa8f/gallery/44b03e94-7d05-4a57-9c21-64ea10e8a1d6.hd,https://www.latinmass.com/find-latin-mass,2026-05-18T15:02:38.874520
St Peter Catholic,"12762 Lee Hwy., Washington, Virginia 22747",,,,38.699131,-78.162326,Sunday 9:35,Diocesan Parish,Diocesan,https://stpeterparishva.org/,,,Sunday 9:35,https://media.mapme.com/places/35e3a241-4140-42ec-b9de-640c22c8e244/gallery/21c24587-fa04-4ff3-961d-8700da737d0e.hd,https://www.latinmass.com/find-latin-mass,2026-05-18T15:02:38.874520
St Kateri Latin Mass Community at St Thomas the Apostle,"4536 St Paul Blvd, Rochester, New York 14617",,,,43.239203,-77.598521,Sunday 11:15,Diocesan Parish,Diocesan,https://www.skt-lmc.org/,,,Sunday 11:15,https://media.mapme.com/places/19ac8c06-5dba-45c7-bbe7-1ece78e62b8a/gallery/262d0f9f-2ca9-4fe5-b10b-2d9b39762a87.hd,https://www.latinmass.com/find-latin-mass,2026-05-18T15:02:38.874520
St Jude Thaddeus,"505 S. Ironwood Street Pharr, Texas 78577",,,,26.18789,-98.172163,"<p>Sunday 8:00, 3:00; M-Th 4:00; F 12:00; Sa 9:00</p>",Diocesan Parish,Diocesan,https://www.stjudethaddeus.net/,,,"<p>Sunday 8:00, 3:00; M-Th 4:00; F 12:00; Sa 9:00</p>",https://media.mapme.com/places/fc42d602-69b8-49de-8007-5b541b93a953/gallery/ba1808b9-3591-464d-8a42-9063322b4733.hd,https://www.latinmass.com/find-latin-mass,2026-05-18T15:02:38.874520
St Joseph Catholic,"23955 Nicolai Avenue East Hastings, Minnesota 55033",,,,44.601145,-92.814053,"Sunday 8:00 (H), 1st Friday 6:00pm",Diocesan Parish,Diocesan,https://www.stjosephmiesville.com/,,,"Sunday 8:00 (H), 1st Friday 6:00pm",https://media.mapme.com/places/717fae2c-930a-4cf0-8fbd-1bf3315e678c/gallery/42b09efd-6b93-424f-a92e-052ebf1be303.hd,https://www.latinmass.com/find-latin-mass,2026-05-18T15:02:38.874520
Our Lady of the Valley,"33 Adams Street, Easthampton, Massachusetts, USA",,,,42.267862,-72.664399,<p>Sunday 12:30</p>,Diocesan Parish,Diocesan,https://olveasthampton.org/traditional-latin-mass/,,,<p>Sunday 12:30</p>,https://media.mapme.com/places/fb301641-2073-4ae8-82f2-b89c78b0d8a2/gallery/177b4ba8-27be-4e7d-9f34-1d71674281aa.hd,https://www.latinmass.com/find-latin-mass,2026-05-18T15:02:38.874520
St Michael Catholic,"458 Maple St, Livermore, California 94550, USA",,,,37.68194,-121.763053,<p>Sunday 8:00</p>,Diocesan Parish,Diocesan,https://stmichaellivermore.com/,,,<p>Sunday 8:00</p>,https://media.mapme.com/places/a4bb8413-8fae-4b19-83ac-3628251175d7/gallery/fcd77e55-b47f-402d-a979-179f0f420e35.hd,https://www.latinmass.com/find-latin-mass,2026-05-18T15:02:38.874520
Holy Family Parish,"4851 Beatrice St, Vancouver, British Columbia, Canada, V5N 4J5",,,,49.241352,-123.066948,"Sunday 7:00, 9:00, 12:00 (H); M-F 7:00; Sa 9:00",FSSP,FSSP,https://holyfamilyvancouver.ca/,,,"Sunday 7:00, 9:00, 12:00 (H); M-F 7:00; Sa 9:00",https://media.mapme.com/places/684c189c-c739-4692-a19a-6b4bbdd4f81b/gallery/836a745d-f281-443b-9fae-aba2596f6d88.hd,https://www.latinmass.com/find-latin-mass,2026-05-18T15:02:38.874520
St Anthony Parish,"5340 4 St SW, Calgary, Alberta T2V 0Z5, Canada",,,,51.006136,-114.070888,"Sunday 7:15, 12:30 (H); M, Tu, Th, F 7:00am; W 12:00; Sa 9:00",FSSP,FSSP,https://www.calgarylatinmass.ca/,,,"Sunday 7:15, 12:30 (H); M, Tu, Th, F 7:00am; W 12:00; Sa 9:00",https://media.mapme.com/places/2dcc29fd-c43f-485f-9d7f-fc7c67a4e8fa/gallery/1658501e-d984-4bef-8b28-79d10d20e886.hd,https://www.latinmass.com/find-latin-mass,2026-05-18T15:02:38.874520
Vital Grandin Chaplaincy,"13120 116 St NW, Edmonton, Alberta T5E 5H5, Canada",,,,53.591923,-113.522859,"<p><span style=""font-size: 1rem; color: rgba(var(--v-theme-on-surface),var(--v-high-emphasis-opacity));"">Masses offered at <br></span>Assumption Catholic <span style=""font-size: 1rem; color: rgba(var(--v-theme-on-surface),var(--v-high-emphasis-opacity));"">&nbsp;<br></span>9034 95 Ave NW, Edmonton, AB T6C 1Z3<span style=""font-size: 1rem; color: rgba(var(--v-theme-on-surface),var(--v-high-emphasis-opacity));""></span></p><p>*Sun 4:00pm Mass offered at St Edmund</p>",FSSP,FSSP,https://www.vitalgrandinchaplaincy.ca/,,,"<p><span style=""font-size: 1rem; color: rgba(var(--v-theme-on-surface),var(--v-high-emphasis-opacity));"">Masses offered at <br></span>Assumption Catholic <span style=""font-size: 1rem; color: rgba(var(--v-theme-on-surface),var(--v-high-emphasis-opacity));"">&nbsp;<br></span>9034 95 Ave NW, Edmonton, AB T6C 1Z3<span style=""font-size: 1rem; color: rgba(var(--v-theme-on-surface),var(--v-high-emphasis-opacity));""></span></p><p>*Sun 4:00pm Mass offered at St Edmund</p>",https://media.mapme.com/places/26f233c9-a34f-41a0-b6e1-16c258c436b4/gallery/d1c67403-16c0-4aef-88af-0cec00fa5cb9.hd,https://www.latinmass.com/find-latin-mass,2026-05-18T15:02:38.874520
St Aloysius,"317 Morton St, Thorold, Ontario L2V 1C4, Canada",,,,43.100183,-79.195807,"Sunday 9:00, 11:00, 1:00; M, W, Th 7:30am; Tu, F 7:00pm; Sa 9:00am",FSSP,FSSP,https://www.fsspniagara.com/,,,"Sunday 9:00, 11:00, 1:00; M, W, Th 7:30am; Tu, F 7:00pm; Sa 9:00am",https://media.mapme.com/places/cccdc6f6-bda9-49b2-b626-ba0e911c1272/gallery/7fd2cfb3-af9b-471d-a1d5-6e08035c84ec.hd,https://www.latinmass.com/find-latin-mass,2026-05-18T15:02:38.874520
St Clement Parish,"528 Old St Patrick St, Ottawa, Ontario K1N 5L5, Canada",,,,45.434671,-75.683283,"Sunday 7:00, 9:00, 11:00, 5:30pm; M, W, F 7:00am, 7:30pm; Tu, Th 7:00am; Sa 7:00am, 9:00",FSSP,FSSP,https://stclement-ottawa.org/en/home/,,,"Sunday 7:00, 9:00, 11:00, 5:30pm; M, W, F 7:00am, 7:30pm; Tu, Th 7:00am; Sa 7:00am, 9:00",https://media.mapme.com/places/cc81d7ec-60c0-459f-b73e-8d86516b9f03/gallery/de27015e-e48c-4704-931c-6d31f147afd1.hd,https://www.latinmass.com/find-latin-mass,2026-05-18T15:02:38.874520
Église St Irénée,"3030 Rue Delisle, Montreal, Québec H4C 1M9, Canada",,,,45.482002,-73.579249,"Sunday 8:00, 10:00, 12:00; M-Th 8:00, 12:00; F 8:00am",FSSP,FSSP,https://st-irenee.org/accueil,,,"Sunday 8:00, 10:00, 12:00; M-Th 8:00, 12:00; F 8:00am",https://media.mapme.com/places/c13e2cb1-3517-4289-b3d8-a672b2128eab/gallery/32f2b34f-d8b8-467b-bd32-797ab85d5c39.hd,https://www.latinmass.com/find-latin-mass,2026-05-18T15:02:38.874520
Église St-Zéphirin-de-Stadacona,"1450 Av. François-1er, Québec, Québec G1L 4L2, Canada",,,,46.824798,-71.242424,"Sunday 10:00, 5:30pm; M, W, F 7:00pm; Tu, Th 6:30am; 12:30pm; Sa 8:30am",FSSP,FSSP,https://www.Stzephirin.org/,,,"Sunday 10:00, 5:30pm; M, W, F 7:00pm; Tu, Th 6:30am; 12:30pm; Sa 8:30am",https://media.mapme.com/places/f070a11b-8248-4947-98cf-f14352d7e7dd/gallery/0242499e-4c7d-4b59-87c9-5703f1afcce1.hd,https://www.latinmass.com/find-latin-mass,2026-05-18T15:02:38.874520
of the Transfiguration,"11 Aldgate Ave, Etobicoke, Ontario M8Y 3L4, Canada",,,,43.630634,-79.486817,,SSPX,SSPX,https://sspx.ca/en/-of-the-transfiguration,,,,https://media.mapme.com/places/55e39dfd-b3f8-4d29-ae12-ef0337179842/gallery/b64a585f-84a4-4d04-8d31-83a342018f3b.hd,https://www.latinmass.com/find-latin-mass,2026-05-18T15:02:38.874520
St Dennis,"4718 Worcester Dr SW, Calgary, Alberta T3C 3L6, Canada",,,,51.049666,-114.154223,,SSPX,SSPX,https://www.stdennis.ca/,,,,https://media.mapme.com/places/0967f9a0-08ff-4fcb-9ae5-eb285e13ae50/gallery/e72eb82a-2b00-4860-85bf-61106c919c81.hd,https://www.latinmass.com/find-latin-mass,2026-05-18T15:02:38.874520
Chapelle St Joseph,"166 Rue Dante, Montreal, Québec H2S 1J9, Canada",,,,45.534046,-73.612425,"<p>Sunday 10:30, F 6:00pm; Sa 10:00</p>",SSPX,SSPX,,,,"<p>Sunday 10:30, F 6:00pm; Sa 10:00</p>",https://media.mapme.com/places/e10c7acf-01ef-4d4f-846e-b9f2d5523cf5/gallery/267a07e2-36d4-4a2b-bae2-5b66c57df3ce.hd,https://www.latinmass.com/find-latin-mass,2026-05-18T15:02:38.874520
Chapelle St Pie X,"905 Rue Gilles-Grondin, Shawinigan-Sud, Quebec G9P 0G6, Canada",,,,46.527581,-72.730646,,SSPX,SSPX,,,,,https://media.mapme.com/places/7895728d-52af-4ce6-9840-b3a09a060826/gallery/5ab8a8dd-1737-42a1-9bb6-9fb2110db39a.hd,https://www.latinmass.com/find-latin-mass,2026-05-18T15:02:38.874520
Christ the King,"22646 48 Ave, Langley, British Columbia V2Z 2T6, Canada",,,,49.089303,-122.596899,,SSPX,SSPX,https://sspx.ca/en/christ-the-king,,,,https://media.mapme.com/places/452efe11-027d-490c-8dea-62e933e364ca/gallery/bacfa3a3-ef2c-4abe-aaf5-4199eb2c129a.hd,https://www.latinmass.com/find-latin-mass,2026-05-18T15:02:38.874520
Holy Canadian Martyrs,"9767 ON-12, Coldwater, ON L0K 1E0, Canada",,,,44.639198,-79.5434,"<p>Sunday 10:00am;&nbsp;<span style=""font-size: 1rem; color: rgba(var(--v-theme-on-surface),var(--v-high-emphasis-opacity));"">1st Friday 6:00pm;&nbsp;</span><span style=""font-size: 1rem; color: rgba(var(--v-theme-on-surface),var(--v-high-emphasis-opacity));"">1st Saturday 9:00am or 11:00am</span></p>",SSPX,SSPX,,,,"<p>Sunday 10:00am;&nbsp;<span style=""font-size: 1rem; color: rgba(var(--v-theme-on-surface),var(--v-high-emphasis-opacity));"">1st Friday 6:00pm;&nbsp;</span><span style=""font-size: 1rem; color: rgba(var(--v-theme-on-surface),var(--v-high-emphasis-opacity));"">1st Saturday 9:00am or 11:00am</span></p>",https://media.mapme.com/places/3c8d411c-276a-4086-b2d3-5d6a36ad4ade/gallery/d2121687-e178-43e0-b542-132ee801fbe7.hd,https://www.latinmass.com/find-latin-mass,2026-05-18T15:02:38.874520
School Ste-Famille,"10425 Bd Guillaume-Couture, Lévis, Quebec G6V 9R6, Canada",,,,46.825465,-71.087732,,SSPX,SSPX,https://ecolestefamille.ca/,,,,https://media.mapme.com/places/76e38ddc-328f-49e2-ac9e-bca4cedfd856/gallery/af333d5a-9dbb-4ee7-a6fb-8376ef9f5679.hd,https://www.latinmass.com/find-latin-mass,2026-05-18T15:02:38.874520
Église Ste Jeanne d’Arc,"1000 Rue Galt O, Sherbrooke, Québec J1H 1Z8, Canada",,,,45.391296,-71.902251,,SSPX,SSPX,https://sspx.ca/en/%C3%A9glise-Ste-jeanne-d%E2%80%99arc,,,,https://media.mapme.com/places/cbbc34d0-7483-4a85-bcf2-6f8ed9c3a0af/gallery/f3a94456-da6e-48de-9511-978d4c087f49.hd,https://www.latinmass.com/find-latin-mass,2026-05-18T15:02:38.874520
Holy Face of Jesus Church,"181 Lake St, St. Catharines, Ontario L2R 5Y8, Canada",,,,43.169591,-79.251517,,SSPX,SSPX,https://sspx.ca/en/holy-face-jesus-church,,,,https://media.mapme.com/places/23fe9c73-5f49-4b9f-9073-6d90ebf0cb44/gallery/b0e2a876-eb4b-4066-b8e6-4c2c742bee39.hd,https://www.latinmass.com/find-latin-mass,2026-05-18T15:02:38.874520
Our Lady of Good Counsel,"4334 Jingle Pot Rd, Nanaimo, British Columbia V9T 5P4, Canada",,,,49.205011,-124.019799,,SSPX,SSPX,,,,,https://media.mapme.com/places/a3eb24ad-dd0b-4ee0-aaea-5486a15790a4/gallery/cb687bc0-e936-47d4-86b6-370cc56f8e6e.hd,https://www.latinmass.com/find-latin-mass,2026-05-18T15:02:38.874520
Our Lady of Mount Carmel Academy,"Bleams Rd E, New Hamburg, Ontario N3A 1G4, Canada",,,,43.374053,-80.704216,,SSPX,SSPX,https://olmca.sspx.ca/en,,,,https://media.mapme.com/places/6cf35cb3-1c0c-476b-8618-f252817974c5/gallery/580da56f-1487-4092-9998-3c7ddb055833.hd,https://www.latinmass.com/find-latin-mass,2026-05-18T15:02:38.874520
Our Lady of Sorrows,"5040 51 St, Rocky Mountain House, Alberta T4T 1W9, Canada",,,,52.375821,-114.921294,,SSPX,SSPX,,,,,,https://www.latinmass.com/find-latin-mass,2026-05-18T15:02:38.874520
Our Lady of the Rosary  & St Raphaels Priory,"480 McKenzie St, Winnipeg, Manitoba R2W 5B9, Canada",,,,49.927838,-97.144062,,SSPX,SSPX,https://sspx.ca/en/our-lady-of-the-rosary,,,,https://media.mapme.com/places/732ae869-3bfd-4cc8-ac24-c0eaf6cd822a/gallery/8e628de3-b029-44ed-a962-1a335e690432.hd,https://www.latinmass.com/find-latin-mass,2026-05-18T15:02:38.874520
Our Lady Queen of Peace,"3016 37 St, Vernon, British Columbia V1T 6G5, Canada",,,,50.264931,-119.284603,,SSPX,SSPX,https://sspx.ca/en/our-lady-queen-of-peace,,,,https://media.mapme.com/places/b4b64ef6-60be-4e36-871a-33bead15b089/gallery/7b483d25-d812-462a-89d7-af43e9203c2a.hd,https://www.latinmass.com/find-latin-mass,2026-05-18T15:02:38.874520
St Peter’s,"144 Huron St, New Hamburg, Ontario N3A 1J4, Canada",,,,43.378476,-80.712389,,SSPX,SSPX,https://olmca.sspx.ca/en,,,,https://media.mapme.com/places/31bce4a4-d051-485c-a606-651defa98b79/gallery/e6729c15-9c1b-4ea4-84d4-49de7c25e88f.hd,https://www.latinmass.com/find-latin-mass,2026-05-18T15:02:38.874520
St James at Sag Bridge Catholic,"10600 Archer Ave, Lemont, Illinois 60439, USA",,,,41.699624,-87.933442,<p>Sunday 12:00</p>,Diocesan Parish,Diocesan,https://www.historicstjames.org/,,,<p>Sunday 12:00</p>,https://media.mapme.com/places/b7730dde-1be5-43b6-9eec-13ee71d236b6/gallery/705c1708-06bf-426e-a655-4a4213f22820.hd,https://www.latinmass.com/find-latin-mass,2026-05-18T15:02:38.874520
Our Lady of the Holy Rosary Catholic,"1 Rectory Ln, Hahnville, Louisiana 70057, USA",,,,29.967876,-90.405855,<p>Sun 12:00pm (High); Tues 7:00am; Wed 7:00am; Thur 7:00am; Fri 7:00am; Sat 8:00am; First Fridays Mass at 6:30pm (no 7am Mass on First Fridays)</p>,Diocesan Parish,Diocesan,https://olhrhahnville.org/,,,<p>Sun 12:00pm (High); Tues 7:00am; Wed 7:00am; Thur 7:00am; Fri 7:00am; Sat 8:00am; First Fridays Mass at 6:30pm (no 7am Mass on First Fridays)</p>,https://media.mapme.com/places/0ead7449-f7ef-4110-8bf2-ed0e3d153423/gallery/fd1b0e04-3c98-4c35-8d5b-552885716c0d.hd,https://www.latinmass.com/find-latin-mass,2026-05-18T15:02:38.874520
St Mary,"17 Lawrence Ave, Potsdam, New York 13676, USA",,,,44.672817,-74.977962,<p>Sunday 9:30</p>,Diocesan Parish,Diocesan,https://stmarystpatrick.net/,,,<p>Sunday 9:30</p>,https://media.mapme.com/places/e57d05fb-042c-4886-b860-85328e5fdc77/gallery/76eb631a-ccf7-418b-bf71-48561ed0e6a2.hd,https://www.latinmass.com/find-latin-mass,2026-05-18T15:02:38.874520
Our Lady of Guadalupe,"708 Bishop Olano Drive, Santa Rita, Guam",,,,13.38641,144.674438,"<p>Sunday 11:30</p><p>Permanently moved to St Fidelis Friary Chapel&nbsp;135 Chalan Kapuchino, Agana Heights, Guam  96910-6128</p>",Diocesan Parish,Diocesan,https://ologsr.org/,,,"<p>Sunday 11:30</p><p>Permanently moved to St Fidelis Friary Chapel&nbsp;135 Chalan Kapuchino, Agana Heights, Guam  96910-6128</p>",https://media.mapme.com/places/f6a3e075-91f8-4a4c-b7c2-ebd632abb029/gallery/a1aa5223-0b9d-4874-805e-8f5875221e7e.hd,https://www.latinmass.com/find-latin-mass,2026-05-18T15:02:38.874520
Our Mother of Perpetual Help Chapel at Thomas Aquinas College,"231 Main St, Northfield, Massachusetts 01360, USA",,,,42.713998,-72.443193,Sunday 11:30am (High); Monday-Friday 7:00am (Low); Saturday 7:15am (Low); Wednesday 5:00pm (Dominican Rite),College,College,https://www.thomasaquinas.edu/a-catholic-life/our-mother-perpetual-help-chapel,,,Sunday 11:30am (High); Monday-Friday 7:00am (Low); Saturday 7:15am (Low); Wednesday 5:00pm (Dominican Rite),https://media.mapme.com/places/8acea768-81bf-459b-bec7-66cdfa5840ae/gallery/a1f4f75a-8415-4129-b0ed-563ce2d6f032.hd,https://www.latinmass.com/find-latin-mass,2026-05-18T15:02:38.874520
St Joseph Catholic,"319 E St, Crescent City, California, USA",,,,41.751149,-124.200285,<p>Sunday 4:00</p>,Diocesan Parish,Diocesan,https://sjccc.net/,,,<p>Sunday 4:00</p>,https://media.mapme.com/places/cbc3dd88-2a62-40a6-9696-ca33029eb609/gallery/162811fb-cb1a-487d-a027-333aa38c2a65.hd,https://www.latinmass.com/find-latin-mass,2026-05-18T15:02:38.874520
"Carmel of Jesus, Mary and Joseph - Fairfield","327 Water St, Fairfield, Pennsylvania 17320, USA",,,,39.781832,-77.356604,<p>Sun 9:00am; Daily 9:00am</p>,Other Community Parish,Diocesan,https://www.fairfieldcarmelites.org/,,,<p>Sun 9:00am; Daily 9:00am</p>,https://media.mapme.com/places/580d33b0-b900-4527-ac34-670e4dfe8b5b/gallery/ec4a4418-b740-4c72-b675-3200dcdb7056.hd,https://www.latinmass.com/find-latin-mass,2026-05-18T15:02:38.874520
St James Catholic,"2777 Townline Rd, Abbotsford, British Columbia V2T 5E1, Canada",,,,49.052879,-122.360476,<p>Sunday 4:30</p>,Diocesan Parish,Diocesan,https://stjamesabby.com/about/mass-times,,,<p>Sunday 4:30</p>,https://media.mapme.com/places/cd5b6964-2b1f-4fa5-a204-bb2a2ba19a31/gallery/911528bc-718b-447f-94b6-c758a0e23f74.hd,https://www.latinmass.com/find-latin-mass,2026-05-18T15:02:38.874520
Sts Joachim and Ann,"2826 272 St, Aldergrove, British Columbia V4W 3J9, Canada",,,,49.053509,-122.470206,<p>Sunday 12:00</p>,Diocesan Parish,Diocesan,https://aldergrovecatholic.com/about/mass-times,,,<p>Sunday 12:00</p>,https://media.mapme.com/places/e11a11d0-3b17-4793-8745-36ddfea66229/gallery/abe7317e-034e-489f-8544-c9167c1ea1b1.hd,https://www.latinmass.com/find-latin-mass,2026-05-18T15:02:38.874520
St John University Parish at West Virginia University,"1481 University Ave, Morgantown, West Virginia 26505, USA",,,,39.632685,-79.956098,<p>Sunday 1:00; Saturday 9:00</p>,College,College,https://mountaineercatholic.com/,,,<p>Sunday 1:00; Saturday 9:00</p>,https://media.mapme.com/places/8c4b2072-2819-43c5-afee-1ff0a26c3e5a/gallery/0a0d4269-9083-4458-af62-afff1cb1227f.hd,https://www.latinmass.com/find-latin-mass,2026-05-18T15:02:38.874520
Transfiguration,"522 Carroll St, Brooklyn, New York City, New York, 11215",,,,43.058031,-76.121441,"<p>Sun 7:00am (Low), 10:00am (Sung); Mon-Fri 6:30am; Tues 12:10pm; Wed 5:15pm; Sat 9:00am; 1st Fri 5:15pm</p>",Diocesan Parish,Diocesan,https://transfigurationsyr.com/,,,"<p>Sun 7:00am (Low), 10:00am (Sung); Mon-Fri 6:30am; Tues 12:10pm; Wed 5:15pm; Sat 9:00am; 1st Fri 5:15pm</p>",https://media.mapme.com/places/022bef11-e319-47ab-b78c-fc48da274198/gallery/4c6d6df9-02b9-4884-8307-32256ac80da5.hd,https://www.latinmass.com/find-latin-mass,2026-05-18T15:02:38.874520
Benedictine College,"1020 North 2nd Street, Atchison, Kansas 66002, USA",,,,39.573745,-95.111494,"<p>Carpool available to St James Catholic  in St Joseph, MO.</p><p>TLM on campus as of October 2021</p>",College,College,https://www.benedictine.edu/,,,"<p>Carpool available to St James Catholic  in St Joseph, MO.</p><p>TLM on campus as of October 2021</p>",https://media.mapme.com/places/9295315c-b5af-453d-9cb4-1a2219eeeabf/gallery/b4373c2a-1da9-4428-8eaa-b46f9809ccf5.hd,https://www.latinmass.com/find-latin-mass,2026-05-18T15:02:38.874520
Mission San Antonio De Pala,"3015 Pala Mission Rd, Pala, California 92059, USA",,,,33.36574,-117.074209,<p>Sunday 8:30</p>,Diocesan Parish,Diocesan,https://tlmnorthcountysd.com/,,,<p>Sunday 8:30</p>,https://media.mapme.com/places/c649336c-b0ef-4db7-9a3d-4916d9ead735/gallery/5869d283-1a82-400e-8e66-71d6eb726b18.hd,https://www.latinmass.com/find-latin-mass,2026-05-18T15:02:38.874520
Holy Family Cathedral,"800 W 5th Ave, Anchorage, Alaska 99501, USA",,,,61.217413,-149.898084,<p>Sunday 4:00pm (Dominican Rite)</p>,Other,Other,https://holyfamilycathedral.org/mass-times,,,<p>Sunday 4:00pm (Dominican Rite)</p>,https://media.mapme.com/places/5b2232d0-c6ef-4af6-a5ff-6c4d679e4604/gallery/e4138309-653f-4594-824f-1bd055766a48.hd,https://www.latinmass.com/find-latin-mass,2026-05-18T15:02:38.874520
St John Bosco Mission,"4805 Mercury St suite j, San Diego, California 92111, USA",,,,32.829473,-117.148396,<p>Sun 4:00pm</p><p>Call to confirm&nbsp;(858) 705-2423</p>,SSPX,SSPX,https://fsspx.today/chapel/ca-san-diego/info/,,,<p>Sun 4:00pm</p><p>Call to confirm&nbsp;(858) 705-2423</p>,https://media.mapme.com/places/96332ffb-5ea6-4884-87df-95c55cf35e0b/gallery/d5ea11e9-5c07-4c99-bc64-bf12024f225d.hd,https://www.latinmass.com/find-latin-mass,2026-05-18T15:02:38.874520
Holy Angels' Parish,"502 Talbot St, St. Thomas, Ontario N5P 1C2, Canada",,,,42.778568,-81.193954,<p>Sunday 12:30</p>,Diocesan Parish,Diocesan,https://londonlatinmass.ca/,,,<p>Sunday 12:30</p>,https://media.mapme.com/places/362f6ecc-fedd-4fdc-8661-b26921e622ba/gallery/f5e44008-6615-47b0-b23c-ab905241235a.hd,https://www.latinmass.com/find-latin-mass,2026-05-18T15:02:38.874520
St Edward the Confessor Catholic,"4410 E Southern Ave, Phoenix, Arizona 85040, USA",,,,33.393285,-111.985738,"<p>Sun 7:00am, 9:00am (Chant Mass), 11:00am (High), 1:00pm (Spanish homily); Mon 6:30am; Tues 6:30am; Wed 8:00am; Thurs 6:30am; Fri 6:30am</p>",FSSP,FSSP,https://phoenixlatinmass.org/,,,"<p>Sun 7:00am, 9:00am (Chant Mass), 11:00am (High), 1:00pm (Spanish homily); Mon 6:30am; Tues 6:30am; Wed 8:00am; Thurs 6:30am; Fri 6:30am</p>",https://media.mapme.com/places/62f288f0-c895-4b3d-b033-6faba96e5003/gallery/7339c700-f815-4a7d-9b99-ba56df8120bb.hd,https://www.latinmass.com/find-latin-mass,2026-05-18T15:02:38.874520
Our Lady of Mount Carmel,"Church of Our Lady of Mt. Carmel, 448 E 116th St, New York, New York 10029, USA",,,,40.794699,-73.934196,<p>Sunday 10:30</p>,Other Community Parish,Diocesan,https://www.olmtc.org/,,,<p>Sunday 10:30</p>,https://media.mapme.com/places/a6ebdf19-e682-4e29-bc80-f2c9c423bf38/gallery/701a03d7-892b-4a4b-aded-9e6fdb63badd.hd,https://www.latinmass.com/find-latin-mass,2026-05-18T15:02:38.874520
Holy Family Parish,"1372 King St W, Toronto, Ontario M6K 1H3, Canada",,,,43.637779,-79.434299,"<p>Sunday 11:00 (H), 5:00; M-F 11:30; Sa 8:30</p>",Other Community Parish,Diocesan,https://oratory-toronto.org/holy-family-parish/,,,"<p>Sunday 11:00 (H), 5:00; M-F 11:30; Sa 8:30</p>",https://media.mapme.com/places/68617286-6523-480a-b9cb-ce45a1215b5d/gallery/951d9ae4-7b19-49d5-adea-c279e438f351.hd,https://www.latinmass.com/find-latin-mass,2026-05-18T15:02:38.874520
St Martha Catholic,"3331 Bell St, Ashland City, Tennessee 37015, USA",,,,36.287128,-87.049899,<p>Sunday 11:30</p>,Diocesan Parish,Diocesan,https://www.stmarthas.org/,,,<p>Sunday 11:30</p>,https://media.mapme.com/places/5b1c9dfe-0cd2-41fa-99c9-a919ad059e0e/gallery/8d32e8f3-ea0b-4e39-ba86-2036b6b153ec.hd,https://www.latinmass.com/find-latin-mass,2026-05-18T15:02:38.874520
St Lawrence Martyr,"2210 Lawrence Ave E, Scarborough, Ontario M1P 2P9, Canada",,,,43.748902,-79.280554,<p>Sunday 1:00; M-W 11:00; Th 7:00am; F 7:00pm; Sa 10:00</p>,Diocesan Parish,Diocesan,https://stlawrencemartyr.archtoronto.org/en/,,,<p>Sunday 1:00; M-W 11:00; Th 7:00am; F 7:00pm; Sa 10:00</p>,https://media.mapme.com/places/ee3a8f30-fb34-4e39-b233-de3836553800/gallery/14751ed4-2d44-4943-8253-6ed6649f737e.hd,https://www.latinmass.com/find-latin-mass,2026-05-18T15:02:38.874520
St Wenceslaus Catholic,"1224 5th St SE, Cedar Rapids, Iowa 52401, USA",,,,41.971398,-91.654623,<p>Sunday 8:00am</p>,Diocesan Parish,Diocesan,https://swcr.church/,,,<p>Sunday 8:00am</p>,https://media.mapme.com/places/cea33ae2-2b4b-4354-af5d-4e16bf211f54/gallery/7645dbd8-ffcb-419f-89df-afa909793a08.hd,https://www.latinmass.com/find-latin-mass,2026-05-18T15:02:38.874520
Immaculate Conception,"839 Sutherland Ave, Kelowna, British Columbia V1Y 5X4, Canada",,,,49.879667,-119.484508,"<p>Sunday 1:00 (Sung Mass), First Friday 7:00pm; First Saturday 3:00pm</p>",Diocesan Parish,Diocesan,https://www.latinmasskelowna.com/,,,"<p>Sunday 1:00 (Sung Mass), First Friday 7:00pm; First Saturday 3:00pm</p>",https://media.mapme.com/places/330f19a3-0e11-4fb7-83b1-468582bdbae1/gallery/dc9088ad-4134-400d-9563-55828d7a77bf.hd,https://www.latinmass.com/find-latin-mass,2026-05-18T15:02:38.874520
St Cecilia Catholic,"603 Oak St, Wisconsin Dells, Wisconsin 53965, USA",,,,43.625237,-89.773438,<p>Sun 12:00pm</p>,Diocesan Parish,Diocesan,https://www.dellscatholic.com/,,,<p>Sun 12:00pm</p>,https://media.mapme.com/places/8521f47c-155d-479d-b26b-28680a7f9930/gallery/fe9711b2-ec98-41fe-b6d8-5ace6318b992.hd,https://www.latinmass.com/find-latin-mass,2026-05-18T15:02:38.874520
St Clement Oratory,"6781 Co Rd 140, Glen Ullin, North Dakota 58631, USA",,,,46.942464,-101.883523,<p>Sunday 11:00</p>,Diocesan Parish,Diocesan,https://es-la.facebook.com/BisManTLM/,,,<p>Sunday 11:00</p>,https://media.mapme.com/places/7351ffc2-a464-4580-a490-e2cb775578ce/gallery/51309ced-a094-4161-b49e-c2e4297b2182.hd,https://www.latinmass.com/find-latin-mass,2026-05-18T15:02:38.874520
St Joseph Catholic,"106 7th Ave N, Waite Park, Minnesota 56387, USA",,,,45.555522,-94.225175,<p>Sun 9:00am; Wed 6:30am</p>,Diocesan Parish,Diocesan,https://www.taocatholic.org/,,,<p>Sun 9:00am; Wed 6:30am</p>,https://media.mapme.com/places/6f4b4b9b-1145-411d-ac08-bb4e22527e57/gallery/104e8ec1-6eca-421e-abeb-9d842950c081.hd,https://www.latinmass.com/find-latin-mass,2026-05-18T15:02:38.874520
St Martin De Tours,"133 S Main St, St Martinville, Louisiana 70582, USA",,,,30.123099,-91.828756,<p>Sunday 12:00</p>,Diocesan Parish,Diocesan,https://www.shrineofstmartin.org/,,,<p>Sunday 12:00</p>,https://media.mapme.com/places/a6a104fe-0978-4c77-90df-271f660f8ccd/gallery/7e606c30-81b1-4fe2-80e9-b75aeacb5bd7.hd,https://www.latinmass.com/find-latin-mass,2026-05-18T15:02:38.874520
St Joseph Catholic,"3283 US-167, Opelousas, Louisiana 70570, USA",,,,30.618612,-92.134322,,Diocesan Parish,Diocesan,,,,,,https://www.latinmass.com/find-latin-mass,2026-05-18T15:02:38.874520
Oratory of the Most Sacred Heart of Jesus,"30 Church St, Redding, Connecticut 06896, USA",,,,41.258399,-73.432513,Sunday 12pm (High); Wednesday 6pm (High); Friday 8:30am (Low); Saturday 8:30am (Low): Holy Days 6pm (High),Diocesan Parish,Diocesan,https://www.georgetownoratory.org/,,,Sunday 12pm (High); Wednesday 6pm (High); Friday 8:30am (Low); Saturday 8:30am (Low): Holy Days 6pm (High),https://media.mapme.com/places/9937f3a5-5e37-40d5-8586-6684451316e6/gallery/cc280dd5-39d9-4a64-abbf-4851c348f0d8.hd,https://www.latinmass.com/find-latin-mass,2026-05-18T15:02:38.874520
St Ann,"120 Sherman Ave N, Hamilton, Ontario L8L 6M6, Canada",,,,43.255714,-79.836242,"<p>Sunday 8:00am (Low), 12:00pm (Missa Cantata); Wednesday 7:00pm; Friday 7:00pm; Saturday 9:00am&nbsp;</p>",Diocesan Parish,Diocesan,https://stannhamilton.church/regular-mass-schedule,,,"<p>Sunday 8:00am (Low), 12:00pm (Missa Cantata); Wednesday 7:00pm; Friday 7:00pm; Saturday 9:00am&nbsp;</p>",https://media.mapme.com/places/b8aad60f-f932-481a-b59f-00e76236af71/gallery/ed21c68c-6030-40f2-bc14-8e9bde00cc2b.hd,https://www.latinmass.com/find-latin-mass,2026-05-18T15:02:38.874520
St Joseph Parish,"535 8 St E, Saskatoon, SK S7H 0P9, Canada",,,,52.114945,-106.657493,<p>Sunday 8:00; M 9:00; Tu - W 7:30am; Th - F 5:30pm; Sa 11:00&nbsp;</p>,FSSP,FSSP,https://www.saskatoonlatinmass.com/,,,<p>Sunday 8:00; M 9:00; Tu - W 7:30am; Th - F 5:30pm; Sa 11:00&nbsp;</p>,https://media.mapme.com/places/07be1c12-ab30-4845-a773-52dfab6d8147/gallery/296a7a66-634a-4c38-8b99-bfbfc90bbcce.hd,https://www.latinmass.com/find-latin-mass,2026-05-18T15:02:38.874520
St Ann,"271 Hampton St, Winnipeg, Manitoba R3J 1P5, Canada",,,,49.881944,-97.212333,<p>Sunday 9:00</p>,Diocesan Parish,Diocesan,https://www.stann.ca/,,,<p>Sunday 9:00</p>,https://media.mapme.com/places/f5a0c7e8-e080-4f06-b7a8-d4bd5f792ff9/gallery/d4fef6d6-1fdc-4df2-8f4d-d2f6a91f47c1.hd,https://www.latinmass.com/find-latin-mass,2026-05-18T15:02:38.874520
St Vincent de Paul Catholic,"263 Roncesvalles Ave, Toronto, Ontario M6R 2L9, Canada",,,,43.647046,-79.448819,<p>Sunday 9:30</p>,Other Community Parish,Diocesan,https://oratory-toronto.org/,,,<p>Sunday 9:30</p>,https://media.mapme.com/places/31358f2d-eb5f-445e-a90c-85a5422a1fc1/gallery/bfb3f910-2e29-45db-afd8-918d7b9477c9.hd,https://www.latinmass.com/find-latin-mass,2026-05-18T15:02:38.874520
St Joseph Centre,"1395 Rue Notre Dame, St-Césaire, Quebec J0L 1T0, Canada",,,,45.408382,-73.001775,"<p>Sunday 8:00; M-Sa 7:15am; M, Th 6:30pm</p>",SSPX,SSPX,https://sspx.ca/en/st-joseph-center,,,"<p>Sunday 8:00; M-Sa 7:15am; M, Th 6:30pm</p>",https://media.mapme.com/places/285fb17c-d405-4c0c-8549-7769c08ac31e/gallery/767edda7-0683-4a8b-bf55-1e93f3517a43.hd,https://www.latinmass.com/find-latin-mass,2026-05-18T15:02:38.874520
Notre-Dame-des-Bois,"Notre-Dame-des-Bois, Quebec J0B 2E0, Canada",,,,45.394558,-71.073071,<p>Sunday 7:30am</p>,Unknown,Other,https://sspx.ca/en/community/priories,,,<p>Sunday 7:30am</p>,,https://www.latinmass.com/find-latin-mass,2026-05-18T15:02:38.874520
Our Lady of Mount Carmel,"51 Albert St E, Hastings, Ontario K0L 1Y0, Canada",,,,44.312406,-77.956725,<p>Sunday 1:00</p>,Diocesan Parish,Diocesan,https://ladyofmountcarmelhastings.ca/,,,<p>Sunday 1:00</p>,https://media.mapme.com/places/84e6747f-45f3-4de8-ad29-dc15207b709e/gallery/2ccfe0e6-1cf3-4d27-b359-f889fdf16783.hd,https://www.latinmass.com/find-latin-mass,2026-05-18T15:02:38.874520
Sacred Heart of Jesus,"300 Wilson St, Peterborough, Ontario K9J 1T2, Canada",,,,44.284287,-78.31812,<p>Sunday 12:00&nbsp;</p>,Diocesan Parish,Diocesan,https://sacredheartpeterborough.ca/,,,<p>Sunday 12:00&nbsp;</p>,https://media.mapme.com/places/86739d54-575d-44c5-a6f3-00686b48ca0e/gallery/77fc9fa3-304e-4751-b118-709df7587a97.hd,https://www.latinmass.com/find-latin-mass,2026-05-18T15:02:38.874520
Holy Trinity Catholic,"3122 Poinsetta Dr, Colorado Springs, Colorado 80907, USA",,,,38.876042,-104.800098,<p>Sunday 10:45</p>,Diocesan Parish,Diocesan,https://www.holytrinitycos.org/,,,<p>Sunday 10:45</p>,https://media.mapme.com/places/048db215-a400-4777-ab10-7322d765dadd/gallery/64da5df7-b26a-4ae4-9e81-f8455b52aab8.hd,https://www.latinmass.com/find-latin-mass,2026-05-18T15:02:38.874520
St Mary and St Andrew,"137 S Main St, Ellenville, New York 12428, USA",,,,41.715235,-74.397484,<p>Sunday 11:30am; Tuesday 6:00pm</p>,Diocesan Parish,Diocesan,https://smsaparish.org/,,,<p>Sunday 11:30am; Tuesday 6:00pm</p>,https://media.mapme.com/places/0f37e918-fa63-41bb-bd66-9ee0cf717b77/gallery/4a21516b-8729-4909-b4a4-d0028d18a570.hd,https://www.latinmass.com/find-latin-mass,2026-05-18T15:02:38.874520
Maria Lanakila Catholic,"712 Waine'e St, Lahaina, Hawaii 96761, USA",,,,20.875039,-156.676517,"<p>2nd, 3rd, 4th Sundays at 1:00</p>",Diocesan Parish,Diocesan,https://www.marialanakila.org/,,,"<p>2nd, 3rd, 4th Sundays at 1:00</p>",https://media.mapme.com/places/d5fa6394-c671-4c88-b77f-f11e41ee11ea/gallery/f6bb48e3-66b2-48e4-97e6-0ac3d65bda51.hd,https://www.latinmass.com/find-latin-mass,2026-05-18T15:02:38.874520
Sacred Heart,"145 Randolph Ave, Clifton, New Jersey 07011, USA",,,,40.879663,-74.125636,<p>Sunday 8:00</p>,Diocesan Parish,Diocesan,https://sacredheartclifton.com/,,,<p>Sunday 8:00</p>,https://media.mapme.com/places/299e7560-3e76-4c87-8d44-1f2da4e12d1a/gallery/4074fa05-6ccf-4fd1-97f3-95404bd2d7f3.hd,https://www.latinmass.com/find-latin-mass,2026-05-18T15:02:38.874520
Sacred Heart Chapel,"32 Summer St, Yarmouth Port, Massachusetts 02675, USA",,,,41.701835,-70.246809,<p>Sunday 11:00pm;&nbsp; First Saturdays 9am; Holy Days of Obligation 10am</p>,Diocesan Parish,Diocesan,https://sfxhyannis.org/mass-1,,,<p>Sunday 11:00pm;&nbsp; First Saturdays 9am; Holy Days of Obligation 10am</p>,https://media.mapme.com/places/408294c7-599b-4a5c-8d93-d9e798742d5d/gallery/241308a6-16a8-4ef9-a71c-2cafd23cc92a.hd,https://www.latinmass.com/find-latin-mass,2026-05-18T15:02:38.874520
St John the Baptist,"4 Family Life Ln, Front Royal, Virginia 22630",,,,38.918112,-78.195258,"<p>Mass is not celebrated in the main , but is celebrated at Chelsea Academy.&nbsp;No Mass times have been published. Call the parish for more information (540) 635-3780.<br></p>",Diocesan Parish,Diocesan,https://www.sjtb.org/,,,"<p>Mass is not celebrated in the main , but is celebrated at Chelsea Academy.&nbsp;No Mass times have been published. Call the parish for more information (540) 635-3780.<br></p>",https://media.mapme.com/places/42c2f58b-d43f-4410-88bd-211528a02220/gallery/7a77b0fa-01f5-4e45-83dd-ee5a3ab2848e.hd,https://www.latinmass.com/find-latin-mass,2026-05-18T15:02:38.874520
Sacred Heart of Jesus Catholic,"110 Keating Dr, Winchester, Virginia 22601",,,,39.188793,-78.189743,"<p>Mass is not celebrated in the main , but is celebrated in Sacred Heart Academy.&nbsp;<span style=""color: inherit;"">No Mass times have been published. Call the parish for more information (</span><span style=""color: inherit;"">540) 662-5858.</span></p>",Diocesan Parish,Diocesan,https://sacredheartwinchester.org/,,,"<p>Mass is not celebrated in the main , but is celebrated in Sacred Heart Academy.&nbsp;<span style=""color: inherit;"">No Mass times have been published. Call the parish for more information (</span><span style=""color: inherit;"">540) 662-5858.</span></p>",https://media.mapme.com/places/19cccacc-0f02-4823-835b-ca3f5c63d33c/gallery/32d64d3a-d8cc-4e2a-b3c8-d57b6caa34f5.hd,https://www.latinmass.com/find-latin-mass,2026-05-18T15:02:38.874520
Renaissance Montessori School,"12625 Fitzwater Dr, Nokesville, Virginia 20181, USA",,,,38.694952,-77.572482,,Diocesan Parish,Diocesan,,,,,,https://www.latinmass.com/find-latin-mass,2026-05-18T15:02:38.874520
St John the Apostle Catholic,"231 N King St, Leesburg, Virginia 20176",,,,39.12068,-77.561404,<p>The Latin Mass in Leesburg is actually held in the Chapel of the Immaculate Conception (Chapel belonging to St John the Apostle) and it is located on the corner of N. King Street and Union Street.   The actual address is:  231 North King Street.   Mass is every Sunday and Christmas at 10:30am.<br></p>,Diocesan Parish,Diocesan,https://www.Stjohnleesburg.org/,,,<p>The Latin Mass in Leesburg is actually held in the Chapel of the Immaculate Conception (Chapel belonging to St John the Apostle) and it is located on the corner of N. King Street and Union Street.   The actual address is:  231 North King Street.   Mass is every Sunday and Christmas at 10:30am.<br></p>,https://media.mapme.com/places/aa279422-98e4-463f-ad79-d8d5fdbb3100/gallery/f81d2108-e0e2-4bbb-807c-f211b970197d.hd,https://www.latinmass.com/find-latin-mass,2026-05-18T15:02:38.874520
St Patrick,"9149 Elys Frd Rd, Fredericksburg, Virginia 22407, USA",,,,38.319781,-77.640592,"<p>Mass is not celebrated in the main church, but is celebrated in the former  building.&nbsp;No Mass times have been published. Call the parish for more information (540) 785-5299.</p>",Diocesan Parish,Diocesan,https://www.Stpatrickparish.org/,,,"<p>Mass is not celebrated in the main church, but is celebrated in the former  building.&nbsp;No Mass times have been published. Call the parish for more information (540) 785-5299.</p>",https://media.mapme.com/places/d289aa7f-5f8e-4ef2-abd3-5109fc83b2ee/gallery/3934fe63-cd38-40fc-9d5a-73678c908942.hd,https://www.latinmass.com/find-latin-mass,2026-05-18T15:02:38.874520
St John the Beloved,"6420 Linway Terrace, McLean, Virginia, 22101",,,,38.92477,-77.161294,<p>No Mass times have been published. Call the parish for more information&nbsp; (703) 356-7916</p>,Diocesan Parish,Diocesan,https://www.stjohncatholicmclean.org/,,,<p>No Mass times have been published. Call the parish for more information&nbsp; (703) 356-7916</p>,https://media.mapme.com/places/c278cf7c-13f4-4ff6-8995-5d35f1401d38/gallery/7e9c305e-e564-415f-bd0d-b7b1193d936e.hd,https://www.latinmass.com/find-latin-mass,2026-05-18T15:02:38.874520
Mission San Juan Capistrano,"26801 Ortega Highway San Juan Capistrano, California 92675",,,,33.502149,-117.663018,<p>Mass is celebrated at the Serra Chapel. Sun 7:00am</p>,Other Community,Other,https://www.missionsjc.com/,,,<p>Mass is celebrated at the Serra Chapel. Sun 7:00am</p>,https://media.mapme.com/places/13ba66ec-5148-47b2-8997-fe6b18218642/gallery/f336414d-4284-4de4-88c4-3b05119516db.hd,https://www.latinmass.com/find-latin-mass,2026-05-18T15:02:38.874520
Immaculate Heart of Mary Chapel,"5267 John Marshall Hwy, Linden, Virginia 22642, USA",,,,38.911743,-78.090553,"<p>Sat 8:00am, 10:30am; 1st Fri 5:30pm</p>",SSPX,SSPX,https://fsspx.today/chapel/front-royal/info/,,,"<p>Sat 8:00am, 10:30am; 1st Fri 5:30pm</p>",https://media.mapme.com/places/f30e843f-1549-4d9f-8d0a-32b6bc2fea1e/gallery/54a55005-ff69-46c7-8b03-48c4c9c73732.hd,https://www.latinmass.com/find-latin-mass,2026-05-18T15:02:38.874520
St. Johannis Catholic Church,"1397 Brick Church Rd, Bland, Missouri 65014, USA",,,,38.401397,-91.573381,<p>Sunday 9:00am</p>,Other Community,Other,https://saintjohnchapel.org/,,,<p>Sunday 9:00am</p>,https://media.mapme.com/places/9e7a2fba-18ba-4450-8a72-7e8f73282b67/gallery/c17fab5a-a287-4be1-8cfd-50b847d1e1a4.hd,https://www.latinmass.com/find-latin-mass,2026-05-18T15:02:38.874520
St Margaret of Scotland,"2619 Era St, San Angelo, Texas 76905, USA",,,,31.443275,-100.399846,<p>Sun 12:30pm; Thursday 12:00pm</p><p>Sung High Masses six times per year. See parish website.<br></p>,Diocesan Parish,Diocesan,https://www.stmargaretsa.com/,,,<p>Sun 12:30pm; Thursday 12:00pm</p><p>Sung High Masses six times per year. See parish website.<br></p>,https://media.mapme.com/places/2e4310a7-f25e-4eaf-8244-80a16333f01f/gallery/b6e79758-276a-4074-a21c-96a0c2936664.hd,https://www.latinmass.com/find-latin-mass,2026-05-18T15:02:38.874520
St. Patrick's Parish,"91 Church St, Schomberg, ON L0G 1T0, Canada",,,,43.998828,-79.68597,<p>Sun 11:00am&nbsp;</p>,Diocesan Parish,Diocesan,https://stpatrickssc.archtoronto.org/en/,,,<p>Sun 11:00am&nbsp;</p>,https://media.mapme.com/places/b26c6312-a23a-4e6c-a7d7-93beae96cc9b/gallery/a242f30b-f0dc-443d-9299-24a022147f0d.hd,https://www.latinmass.com/find-latin-mass,2026-05-18T15:02:38.874520
Our Lady Queen of Peace Parish,"851 Old Esquimalt Rd, Victoria, BC V9A 4W9, Canada",,,,48.432737,-123.397895,<p>Sun 12:00pm; Fri 8:30am</p>,Diocesan,Diocesan,https://latinmassvictoria.com/,,,<p>Sun 12:00pm; Fri 8:30am</p>,https://media.mapme.com/places/1a6b1d07-5fdb-47aa-9275-0d7e868ce6fb/gallery/ad6c9680-ec16-44ae-8a32-4f5e9c8eab8b.hd,https://www.latinmass.com/find-latin-mass,2026-05-18T15:02:38.874520
St Therese-Little Flower,"1644 Jackson Ave, Memphis, Tennessee 38107, USA",,,,35.160724,-90.002756,<p>Sun 8:30am (First Sunday only)</p>,Diocesan Parish,Diocesan,https://littleflowermemphis.org/,,,<p>Sun 8:30am (First Sunday only)</p>,https://media.mapme.com/places/f3fb3d05-16e6-4774-a9d0-0d252d759931/gallery/5e644d29-cbb0-4435-9da3-d6f6fe5f0868.hd,https://www.latinmass.com/find-latin-mass,2026-05-18T15:02:38.874520
St Mary of the Assumption,"37 Fayette St, Binghamton, New York 13901, USA",,,,42.10025,-75.904997,Sunday 2pm; 1st Sundays 9am,Diocesan Parish,Diocesan,https://marypaul.org/,,,Sunday 2pm; 1st Sundays 9am,https://media.mapme.com/places/505e6af0-bfb9-4231-929d-48b9a76f7773/gallery/db5f4e97-5337-4d6f-9eb2-1484b72a5733.hd,https://www.latinmass.com/find-latin-mass,2026-05-18T15:02:38.874520
Our Lady of Fatima traditional,"13400 NE 28th St, Vancouver, Washington 98682, USA",,,,45.643472,-122.535036,"<p>Sun 8am, 10:30am (High); Sat 9am;&nbsp;First Fridays additional Mass at 7pm&nbsp;</p>",SSPX,SSPX,https://www.sspxolf.org/,,,"<p>Sun 8am, 10:30am (High); Sat 9am;&nbsp;First Fridays additional Mass at 7pm&nbsp;</p>",https://media.mapme.com/places/9bfd38b7-c414-4b48-84b7-85024c5feb3f/gallery/ea05834a-b282-4520-b0ed-45fa7811dee7.hd,https://www.latinmass.com/find-latin-mass,2026-05-18T15:02:38.874520
The Parish of St Vincent Ferrer,"869 Lexington Ave, New York, New York 10065, USA",,,,40.766095,-73.96506,<p>Sat 9:30am</p>,Other Community Parish,Diocesan,https://svsc.info/,,,<p>Sat 9:30am</p>,https://media.mapme.com/places/a741f64b-ad74-48f9-98a0-ed6ece0f620c/gallery/0c68e28d-83ff-425d-8527-ca70f1bdf59a.hd,https://www.latinmass.com/find-latin-mass,2026-05-18T15:02:38.874520
Ave Maria Parish,"5078 Pope John Paul II Boulevard, Ave Maria, Florida 34142, USA",,,,26.336501,-81.435495,<p>Sun 12:30pm; Tues 7:30am; Thurs 7:30am</p>,Diocesan,Diocesan,https://www.avemariaparish.org/,,,<p>Sun 12:30pm; Tues 7:30am; Thurs 7:30am</p>,https://media.mapme.com/places/f0c6d841-b6c3-4e1d-a9de-68e3071a16a8/gallery/12f373cc-1f39-4e12-8b96-8288ee9419a4.hd,https://www.latinmass.com/find-latin-mass,2026-05-18T15:02:38.874520
Instituto Bom Pastor,"Rua Prodócimo Lago, 1242 - Taboão, Curitiba - PR, 82130-510, Brazil",,,,-25.37083,-49.281245,"<p><b>Spazio Verde (rented chapel):<br></b></p><p>Sun 8:30am, 10:00am, 7:00pm; Thurs 7:00pm; Fri 7:00pm; Sat 9:00am</p><p></p><p><br></p>",Other Community Parish,Diocesan,https://ibpamericalatina.org/pt-br/apostolados/curitiba-pr,,,"<p><b>Spazio Verde (rented chapel):<br></b></p><p>Sun 8:30am, 10:00am, 7:00pm; Thurs 7:00pm; Fri 7:00pm; Sat 9:00am</p><p></p><p><br></p>",https://media.mapme.com/places/e2d00b5e-c464-4102-854d-2599fd1ee6c2/gallery/568dfd56-22ce-40c0-aaa7-3f2e83ced5a8.hd,https://www.latinmass.com/find-latin-mass,2026-05-18T15:02:38.874520
St Dominics Catholic,"22400 Aquasco Rd, Aquasco, Maryland 20608, USA",,,,38.581852,-76.723754,<p>Sun 12:00pm</p>,Other Community Parish,Diocesan,https://stmichaelbaden.org/,,,<p>Sun 12:00pm</p>,https://media.mapme.com/places/a19468a1-b27f-43b8-849d-c59e329419f6/gallery/abb2d1ea-f695-41ec-aa44-8c47305488ce.hd,https://www.latinmass.com/find-latin-mass,2026-05-18T15:02:38.874520
Capela Sagrada Família,"R. Primeiro de Maio, 475 - Xaxim, Curitiba - PR, 81810-000, Brazil",,,,-25.511308,-49.281664,<p>Sun 10:00am; Mon-Sat 6:30pm</p>,SSPX Chapel,SSPX,https://www.fsspx.com.br/priorados-missoes-e-comunidades-amigas/,,,<p>Sun 10:00am; Mon-Sat 6:30pm</p>,,https://www.latinmass.com/find-latin-mass,2026-05-18T15:02:38.874520
IBP(Instituto Bom Pastor),"R. Olavo Bilac, 76 - Batel, Curitiba - PR, 80440-040, Brazil",,,,-25.440082,-49.291484,<p>Mon-Wed 9:00am</p>,Other Community Parish,Diocesan,https://www.saopiov.org/,,,<p>Mon-Wed 9:00am</p>,https://media.mapme.com/places/215c5b82-d400-464e-9a6c-82aeb12aabb9/gallery/9889e24a-d51f-4ebf-8884-24c56dd612c3.hd,https://www.latinmass.com/find-latin-mass,2026-05-18T15:02:38.874520
Immaculada Conception Parish,"Apolinario Mabini & Ramon Magsaysay, Baybay City, Leyte, Philippines",,,,10.678007,124.797764,<p>Sun 12:30pm</p>,Other Community Parish,Diocesan,https://www.facebook.com/Traditional-Latin-Mass-Society-of-Maasin-Baybay-Chapter-160010539190191/,,,<p>Sun 12:30pm</p>,https://media.mapme.com/places/c1174ed7-f056-4832-a2f7-b03aec6d5ced/gallery/4e6fd483-a459-4f5e-970e-83f405aa78b1.hd,https://www.latinmass.com/find-latin-mass,2026-05-18T15:02:38.874520
Our Lady of the Assumption Cathedral (Maasin Cathedral),"4RJQ+X2X, Iglesia Street, Maasin City, 6600 Southern Leyte, Philippines",,,,10.132495,124.837596,<p>Sundays: 2 PM | Monthly Requiem Mass: (Selected Monday as per scheduled) 2 PM | Feast Days: 10 AM or 2 PM (as per scheduled)</p>,Diocesan Parish,Diocesan,https://www.latinmassdir.org/venue/our-lady-of-the-assumption-cathedral-maasin-cathedral-southern-leyte/?fbclid=IwAR3jYkuAdE1s4gzfPC2R3hJDemMjD3S83jIkLC6M-oWnmVr-JqkGKJ7bCfQ,,,<p>Sundays: 2 PM | Monthly Requiem Mass: (Selected Monday as per scheduled) 2 PM | Feast Days: 10 AM or 2 PM (as per scheduled)</p>,https://media.mapme.com/places/823daed9-7332-40dc-a428-7ba019e73dd2/gallery/d52bead6-3ce7-4467-8b4f-84227f5fccd4.hd,https://www.latinmass.com/find-latin-mass,2026-05-18T15:02:38.874520
St Scholastica,"575 Wells St, Erie, Colorado 80516, USA",,,,40.050459,-105.052522,<p>Wed 7:30am; Fri 12:00pm</p>,Diocesan Parish,Diocesan,https://www.stscholasticaerie.org/,,,<p>Wed 7:30am; Fri 12:00pm</p>,https://media.mapme.com/places/8138973e-2c8a-4ad9-a11a-f4b0660c5dca/gallery/772cb26d-b589-4214-a0f9-84d4991e936e.hd,https://www.latinmass.com/find-latin-mass,2026-05-18T15:02:38.874520
St John the Baptist Latin Mass Community,"1190 Progress Dr, Front Royal, Virginia 22630, USA",,,,38.93935,-78.157601,"<p>Sunday Mass offered at St Thomas More Chapel (Chelsea Academy): Sun 7:00am, 8:00am (High), 10:00am (High)</p><p>Daily Mass offered at St John Adoration Chapel: Mon-Sat 7:00am&nbsp;</p>",Other Community Parish,Diocesan,https://stjohnbaptiStlatinmassarlington.org,,,"<p>Sunday Mass offered at St Thomas More Chapel (Chelsea Academy): Sun 7:00am, 8:00am (High), 10:00am (High)</p><p>Daily Mass offered at St John Adoration Chapel: Mon-Sat 7:00am&nbsp;</p>",,https://www.latinmass.com/find-latin-mass,2026-05-18T15:02:38.874520
Sts Michele and Gaetano,"Piazza degli Antinori, 1, 50123 Firenze FI, Italy",,,,43.772447,11.251603,"<p>Sun 11:00am (High), 7:00pm; Tues 7:30am; Wed 7:30am; Thurs 7:30am; Fri 7:30am; Sat 7:30am, 11:00am</p>",Institute of Christ the King,ICKSP,https://www.icrss.it/firenze/,,,"<p>Sun 11:00am (High), 7:00pm; Tues 7:30am; Wed 7:30am; Thurs 7:30am; Fri 7:30am; Sat 7:30am, 11:00am</p>",https://media.mapme.com/places/056b6b45-9c97-4131-bc75-ab377671fc57/gallery/61d10d38-364b-4997-97f0-73530b675c46.hd,https://www.latinmass.com/find-latin-mass,2026-05-18T15:02:38.874520
Mary Help of Christians Parish,"16 Tin Kwong Rd, Hong Kong",,,,22.3211,114.184687,"<p>Mass is not celebrated in the main , but is celebrated inside Tang King Po School. Sun 12:30pm</p>",Other Community Parish,Diocesan,https://tridentine.catholic.org.hk/,,,"<p>Mass is not celebrated in the main , but is celebrated inside Tang King Po School. Sun 12:30pm</p>",,https://www.latinmass.com/find-latin-mass,2026-05-18T15:02:38.874520
St Benedict Chapel,"Don Manolo Boulevard, Cupang, Muntinlupa, Kalakhang Maynila, Philippines",,,,14.43199,121.026612,<p>1st &amp; 3rd Sundays 3:00pm</p>,Other Community Parish,Diocesan,https://hermandadsas.wordpress.com/,,,<p>1st &amp; 3rd Sundays 3:00pm</p>,,https://www.latinmass.com/find-latin-mass,2026-05-18T15:02:38.874520
Priorato Cristo Rey,"Talavera de La Reina, Las Condes, Región Metropolitana, Chile",,,,-33.41242,-70.54466,"<p>Sun 10:30am, 7:00pm; Mon 7:00pm; Tues 7:15am, 7:00pm; Wed 7:15am, 7:00pm; Thur 7:15am, 7:00pm; Fri 7:15am, 7:00pm</p>",SSPX,SSPX,https://asociacionliturgicamagnificat.blogspot.com/2016/07/directorio-de-las-misas-summorum.html,,,"<p>Sun 10:30am, 7:00pm; Mon 7:00pm; Tues 7:15am, 7:00pm; Wed 7:15am, 7:00pm; Thur 7:15am, 7:00pm; Fri 7:15am, 7:00pm</p>",,https://www.latinmass.com/find-latin-mass,2026-05-18T15:02:38.874520
Our Lady of Guadalupe,"4018 E Hammel St, Los Angeles, California 90063, USA",,,,34.042108,-118.179417,<p>Sun 10:30am</p>,Other Community Parish,Diocesan,https://olg-guadalupe.org/,,,<p>Sun 10:30am</p>,https://media.mapme.com/places/dc30139b-0880-47ce-8983-5f64d6206188/gallery/958e7477-a785-425c-881f-720cda55d81d.hd,https://www.latinmass.com/find-latin-mass,2026-05-18T15:02:38.874520
Sacred Heart Catholic,"2701 W Franklin St, Evansville, Indiana 47712, USA",,,,37.981189,-87.60533,<p>Sun 12:00pm</p>,Diocesan Parish,Diocesan,https://www.Stbonifaceparish.com/,,,<p>Sun 12:00pm</p>,https://media.mapme.com/places/c7b9ca57-5801-4c7a-ad73-8d8cedf62f04/gallery/6585b81b-b069-4c12-86fb-61bcd3346da9.hd,https://www.latinmass.com/find-latin-mass,2026-05-18T15:02:38.874520
St Hedwig,"521 E 3rd St, Erie, Pennsylvania 16507, USA",,,,42.136431,-80.075744,<p>Sun 9:30am (High); Tuesday 5:30pm (Low)</p>,Diocesan Parish,Diocesan,https://www.latinmasserie.org/,,,<p>Sun 9:30am (High); Tuesday 5:30pm (Low)</p>,https://media.mapme.com/places/9a0bd311-9d07-480e-a3d7-5284def6ab6f/gallery/3574af23-49ca-4752-a4f2-2e3d83d0310d.hd,https://www.latinmass.com/find-latin-mass,2026-05-18T15:02:38.874520
St Peter Mission,"286 Montauk Hwy, Amagansett, New York 11930, USA",,,,40.976012,-72.139022,<p>2nd &amp; 5th Sundays 2:00pm</p>,Other Community Parish,Diocesan,https://www.mostholytrinityeh.com/st-peter-s-,,,<p>2nd &amp; 5th Sundays 2:00pm</p>,https://media.mapme.com/places/8464548a-1df1-44b2-9df1-c17b7b0d4f00/gallery/1c401762-ae5b-4bfa-8249-27035e3c112a.hd,https://www.latinmass.com/find-latin-mass,2026-05-18T15:02:38.874520
St John and St Stephen,"Rue des Minimes 62, 1000 Bruxelles, Belgium",,,,50.83905,4.352484,"<p>Sun 8:30am, 10:00am; Mon-Fri 6:30pm or 7:00pm; Sat 10:00am</p>",FSSP,FSSP,https://www.fssp.be/agenda-2/bruxelles,,,"<p>Sun 8:30am, 10:00am; Mon-Fri 6:30pm or 7:00pm; Sat 10:00am</p>",https://media.mapme.com/places/3830c7b4-6751-4918-b5f6-561dd8909a3f/gallery/6b96a16f-0758-4c8a-968d-5d7c05bd5124.hd,https://www.latinmass.com/find-latin-mass,2026-05-18T15:02:38.874520
Chapel of St Materne,"Rue Notre Dame 46, 5000 Namur, Belgium",,,,50.460148,4.866453,<p>Sun 10:00am</p>,FSSP,FSSP,https://www.fssp.be/agenda-2/namur,,,<p>Sun 10:00am</p>,https://media.mapme.com/places/550b33ab-e6a4-4c3b-ac02-ba1e971048f2/gallery/4b6aa307-dc6b-4ade-906c-0c08731f2f04.hd,https://www.latinmass.com/find-latin-mass,2026-05-18T15:02:38.874520
Notre-Dame de la Licourt,"Pl. Licourt, 4040 Herstal, Belgium",,,,50.670379,5.640597,<p>Sun 10:45am (High); Mon-Fri 6:30pm (St Oremus Chapel); Sat 10:00am (St Oremus Chapel);&nbsp;First Fridays additional Mass at 6:30pm (St Oremus Chapel)</p>,FSSP,FSSP,https://www.fsspherstal.com/,,,<p>Sun 10:45am (High); Mon-Fri 6:30pm (St Oremus Chapel); Sat 10:00am (St Oremus Chapel);&nbsp;First Fridays additional Mass at 6:30pm (St Oremus Chapel)</p>,https://media.mapme.com/places/3ce8e046-e7fc-4e72-87a2-01db8691474a/gallery/a231f192-1c44-4c36-b65b-d24f167d70e9.hd,https://www.latinmass.com/find-latin-mass,2026-05-18T15:02:38.874520
Hemelstraat 21,"Hemelstraat 21, 2018 Antwerpen, Belgium",,,,51.209171,4.409641,"<p>Sun 7:30am, 10:00am (High); Mon 6:30pm; Tues 6:30pm; Wed 7:30am; Thurs 6:30pm; Fri 6:30pm; Sat 10:00am</p>",SSPX Priory,SSPX,https://fsspx.be/nl/priorij-van-het-allerheiligste-sacrament,,,"<p>Sun 7:30am, 10:00am (High); Mon 6:30pm; Tues 6:30pm; Wed 7:30am; Thurs 6:30pm; Fri 6:30pm; Sat 10:00am</p>",https://media.mapme.com/places/e23aa35b-6192-4b48-9ce7-792ceb53ba30/gallery/965f4d08-5244-4015-b7d8-429b310b7cf9.hd,https://www.latinmass.com/find-latin-mass,2026-05-18T15:02:38.874520
Église St-Joseph,"Sq. Frère-Orban 3, 1000 Bruxelles, Belgium",,,,50.842819,4.370781,"<p>Sun 8:00am, 10:00am, 6:00pm; Mon-Fri 6:00pm</p>",SSPX,SSPX,https://www.eglise-st-joseph.be/,,,"<p>Sun 8:00am, 10:00am, 6:00pm; Mon-Fri 6:00pm</p>",https://media.mapme.com/places/84497a76-8561-4b08-be3d-7551632896fe/gallery/da02302f-893f-4f6c-8343-9405621fafda.hd,https://www.latinmass.com/find-latin-mass,2026-05-18T15:02:38.874520
Priory of Christ the King,"Rue de la Concorde 37, 1050 Ixelles, Belgium",,,,50.833127,4.360676,<p>Mon-Fri 7:15am</p>,SSPX Priory,SSPX,https://fsspx.be/fr/content/10866,,,<p>Mon-Fri 7:15am</p>,https://media.mapme.com/places/351b0714-86d5-4eae-ab95-db1b876bbb62/gallery/220553e1-62bc-480c-9194-428c78b2b0fb.hd,https://www.latinmass.com/find-latin-mass,2026-05-18T15:02:38.874520
FSSPX Chapel of St Amand,"Kortrijksesteenweg 139, 9000 Gent, Belgium",,,,51.040373,3.71751,<p>Sun 10:00am</p>,SSPX,SSPX,https://fsspx.be/fr/content/10866,,,<p>Sun 10:00am</p>,https://media.mapme.com/places/a1f2f4c0-8f28-4a06-b9f8-6e2d24228f90/gallery/9d53278b-3c9e-4995-b0ae-1c13a9accb91.hd,https://www.latinmass.com/find-latin-mass,2026-05-18T15:02:38.874520
FSSPX Chapel of St Aubain,"Rue Delvaux 8, 5000 Namur, Belgium",,,,50.467454,4.869932,"<p>Sun 9:00am, 10:30am;&nbsp;First Fridays additional Mass at 7:00pm;&nbsp;First Saturdays additional Mass at 10:00am</p>",SSPX,SSPX,https://fsspx.be/fr/chapelle-St-aubain,,,"<p>Sun 9:00am, 10:30am;&nbsp;First Fridays additional Mass at 7:00pm;&nbsp;First Saturdays additional Mass at 10:00am</p>",https://media.mapme.com/places/b92ce3f6-ce06-4a7b-8810-61634eaab334/gallery/a0fd595c-d8f8-4439-9b57-53a96a04da79.hd,https://www.latinmass.com/find-latin-mass,2026-05-18T15:02:38.874520
Carmel of the Sacred Heart,"Rue des Wagnons 16, 7380 Administration communale de Quiévrain, Belgium",,,,50.404092,3.683596,"<p>Sun 8:00am, 10:00am; Mon-Fri 6:00pm</p>",SSPX,SSPX,https://fsspx.be/fr/content/10866,,,"<p>Sun 8:00am, 10:00am; Mon-Fri 6:00pm</p>",https://media.mapme.com/places/aa8d85e8-bb5f-4ade-b1ca-f193a9c1c84e/gallery/94840301-210b-4859-8b55-be1d38f36502.hd,https://www.latinmass.com/find-latin-mass,2026-05-18T15:02:38.874520
Sacred Heart,"Steffeshausen 5, 4790 Burg-Reuland, Belgium",,,,50.199774,6.158283,<p>Sun 9:00am</p>,SSPX,SSPX,https://fsspx.be/fr/content/10866,,,<p>Sun 9:00am</p>,https://media.mapme.com/places/911ddefd-958c-46fa-ad7f-38ebd46e6cb2/gallery/8840c15e-918a-4c94-a589-3b6494cf4964.hd,https://www.latinmass.com/find-latin-mass,2026-05-18T15:02:38.874520
Chapel of the Institute of the Sacred Heart of Lindthout,"Avenue des Deux Tilleuls 8, 1200 Woluwe-St-Lambert, Belgium",,,,50.840513,4.404526,<p>Sun 10:00am</p>,Diocesan Parish,Diocesan,,,,<p>Sun 10:00am</p>,https://media.mapme.com/places/8658d1d6-fd8a-436a-9449-9a59c8b3126e/gallery/b3d704e1-d663-4d37-b1e8-a9859b20a0c2.hd,https://www.latinmass.com/find-latin-mass,2026-05-18T15:02:38.874520
St Anne Convent,"Av. Léopold Wiener 28, 1170 Watermael-Boitsfort, Belgium",,,,50.807942,4.408086,<p>Sun 10:30am; Mon-Fri 6:00pm; Sat 12:00pm</p>,Institute of Christ the King,ICKSP,https://www.facebook.com/ICRSP-Bruxelles-Eglise-du-Couvent-Ste-Anne-Watermael-Boitsfort-566078893473045/?ref=page_internal,,,<p>Sun 10:30am; Mon-Fri 6:00pm; Sat 12:00pm</p>,https://media.mapme.com/places/b5e2f490-9ead-4e29-89ec-3319e654b36c/gallery/474678c4-01bc-4804-89dc-c7b4b0f6411f.hd,https://www.latinmass.com/find-latin-mass,2026-05-18T15:02:38.874520
St John Chrysostom,"Rue de l'Orient 41, 1040 Etterbeek, Belgium",,,,50.834329,4.381304,<p>Wed 9:00am</p>,Institute of Christ the King,ICKSP,https://sites.google.com/view/Stjeanchrysostomebruxelles,,,<p>Wed 9:00am</p>,https://media.mapme.com/places/a25c62b7-2a8a-4171-aca7-f670035e21ba/gallery/3a6e1b1d-009a-4f6b-9fb6-566d901daebe.hd,https://www.latinmass.com/find-latin-mass,2026-05-18T15:02:38.874520
Blessed Sacrament,"Bd d'Avroy 132, 4000 Liège, Belgium",,,,50.635166,5.567387,<p>Sun 10:00am; Mon 6:00pm; Tues 8:30am; Wed 6:00pm; Thurs 8:30am; Fri 6:00pm; Sat 8:30am</p>,Diocesan Parish,Diocesan,https://egliseduStsacrementliege.hautetfort.com/,,,<p>Sun 10:00am; Mon 6:00pm; Tues 8:30am; Wed 6:00pm; Thurs 8:30am; Fri 6:00pm; Sat 8:30am</p>,https://media.mapme.com/places/5789e7ec-2208-4367-b295-61481f78514d/gallery/a748d7d0-7e7e-48de-be35-1bb1aec1cb09.hd,https://www.latinmass.com/find-latin-mass,2026-05-18T15:02:38.874520
St Augustin,"Rue des Bonnes Villes, 4020 Liège, Belgium",,,,50.642929,5.589422,<p>Sun 11:30am</p>,Diocesan Parish,Diocesan,,,,<p>Sun 11:30am</p>,,https://www.latinmass.com/find-latin-mass,2026-05-18T15:02:38.874520
Chapel of St Lambert,"Rue du Collège 80, 4800 Verviers, Belgium",,,,50.594152,5.863137,"<p>Sun 10:45am, 6:30pm</p>",Diocesan Parish,Diocesan,https://www.paroisses-verviers-limbourg.be/,,,"<p>Sun 10:45am, 6:30pm</p>",https://media.mapme.com/places/95baf4c1-f203-4269-a11a-289f3ef31639/gallery/3583549f-e81c-4850-a850-8defb2af23b0.hd,https://www.latinmass.com/find-latin-mass,2026-05-18T15:02:38.874520
St Géry,"Rue de la Savatte 10, 7604 Péruwelz, Belgium",,,,50.535694,3.544951,<p>Sun 8:00am</p>,Institute of Christ the King,ICKSP,,,,<p>Sun 8:00am</p>,,https://www.latinmass.com/find-latin-mass,2026-05-18T15:02:38.874520
Chapel of Our Lady of Goodwill,"Rue Edouard Dewèze 99, 7021 Mons, Belgium",,,,50.459638,4.032538,<p>Sun 11:00am</p>,Institute of Christ the King,ICKSP,https://www.visitmons.be/a-voir-a-faire/sites-et-musees/chapelle-notre-dame-de-bon-vouloir-537130,,,<p>Sun 11:00am</p>,https://media.mapme.com/places/84e7bf45-e444-411a-ac31-b5e2d8503bc5/gallery/cea08fd5-2d95-4647-ba6c-adc3ee20ada0.hd,https://www.latinmass.com/find-latin-mass,2026-05-18T15:02:38.874520
Den Helige Marouns kyrka,"Kungssätravägen 16, 127 37 Skärholmen, Sweden",,,,59.286353,17.923271,"<p>Sunday 09.30am (High), Monday 09.00am, Tuesday 06.00pm, Wednesday 07.30am, Thursday 06.00pm, Friday 5.00pm, Saturday 09.00am<br></p>",Institute of Christ the King,ICKSP,https://icrss.se/masstider/,,,"<p>Sunday 09.30am (High), Monday 09.00am, Tuesday 06.00pm, Wednesday 07.30am, Thursday 06.00pm, Friday 5.00pm, Saturday 09.00am<br></p>",https://media.mapme.com/places/9eeeb93e-1c46-47e3-b553-e5a4dfd7b93c/gallery/8f00a414-d2da-483a-be72-3d4edbd26d9b.hd,https://www.latinmass.com/find-latin-mass,2026-05-18T15:02:38.874520
San Benito,"Pl. de San Benito, 37002 Salamanca, Spain",,,,40.963696,-5.666037,<p>2nd &amp; 4th Sundays: 6:00pm</p>,SSPX,SSPX,https://www.lamisadesiempre.com/misas-tradicionales-en-espana,,,<p>2nd &amp; 4th Sundays: 6:00pm</p>,https://media.mapme.com/places/54c50da8-48c7-4668-a83c-77f8c3312e57/gallery/82be4be4-b31b-4ad1-98f3-2097256ac223.hd,https://www.latinmass.com/find-latin-mass,2026-05-18T15:02:38.874520
Our Lady Help of Christians,"9621 Bixby Ave, Garden Grove, California 92841, USA",,,,33.785389,-117.964712,"<p>Sun 7:30am, 10:00pm</p>",SSPX,SSPX,https://www.ourladyhelpofchristians.us/,,,"<p>Sun 7:30am, 10:00pm</p>",https://media.mapme.com/places/278c4bb7-6afc-4034-bc45-e7902b52cc9c/gallery/106cc2c1-92cf-4d7e-97c7-6e000d2b3503.hd,https://www.latinmass.com/find-latin-mass,2026-05-18T15:02:38.874520
Holy Name of Mary,"681 McEwan Ave, Windsor, ON N9B 1H8, Canada",,,,42.306605,-83.054432,"St. Benedict Tridentine Catholic Community<br>Sundays 2:00pm (High Mass)<br><a href=""http://www.windsorlatinmass.org/"">website</a>",Diocesan Parish,Diocesan,https://assumptionparish.ca/,,,"St. Benedict Tridentine Catholic Community<br>Sundays 2:00pm (High Mass)<br><a href=""http://www.windsorlatinmass.org/"">website</a>",https://media.mapme.com/places/9fe77e64-55e6-4237-b7ee-1c0ad00ad957/gallery/8192b363-c834-4962-94fb-440a96b40490.hd,https://www.latinmass.com/find-latin-mass,2026-05-18T15:02:38.874520
"St John Catholic, Glenelg","West Grey, ON N0C 1K0, Canada",,,,44.23366,-80.694991,<p>Sun 1:00pm (High)</p>,Diocesan Parish,Diocesan,https://www.stpeterandthemissions.com,,,<p>Sun 1:00pm (High)</p>,https://media.mapme.com/places/24d7c8b7-f290-4883-ba53-77387c0e43da/gallery/f84b5d52-130a-4d28-94e0-1e3554c1ca59.hd,https://www.latinmass.com/find-latin-mass,2026-05-18T15:02:38.874520
St Stephen Basilica,"1025 Napoleon Ave, New Orleans, Louisiana 70115, USA",,,,29.922663,-90.100987,<p>First Friday 6:00pm&nbsp;</p>,Diocesan Parish,Diocesan,https://www.goodshepherdparishnola.com/the-basilica-of-st-stephen,,,<p>First Friday 6:00pm&nbsp;</p>,https://media.mapme.com/places/34e78c9b-e4af-4385-b914-28dbc14b4c2b/gallery/ddcab542-149e-4452-8cc3-d83306b64c82.hd,https://www.latinmass.com/find-latin-mass,2026-05-18T15:02:38.874520
St Bridget Catholic,"927 W Prichard Ave, Prichard, Alabama 36610, USA",,,,30.727884,-88.091965,<p>1st &amp; 3rd Sundays 2:00pm</p>,Diocesan Parish,Diocesan,https://stthomastheapostlecatholic.com/wordpress,,,<p>1st &amp; 3rd Sundays 2:00pm</p>,https://media.mapme.com/places/c2f6adc0-f67b-4753-b6ad-eb45297efc72/gallery/9bf00e00-bcfa-4898-9722-3d541e4e818d.hd,https://www.latinmass.com/find-latin-mass,2026-05-18T15:02:38.874520
St John Baptist Catholic,"543 S Union St, Montgomery,Alabama 36104, USA",,,,32.370995,-86.299357,<p>2nd &amp; 4th Sundays 1:45pm</p><p>Please email for future updates on the Montgomery TLM.&nbsp;</p>,Diocesan Parish,Diocesan,mailto:latinmasscentralalabama@gmail.com,,,<p>2nd &amp; 4th Sundays 1:45pm</p><p>Please email for future updates on the Montgomery TLM.&nbsp;</p>,https://media.mapme.com/places/de9bf3ed-1538-47ea-8148-748c3b53c1af/gallery/2599034b-1f80-41b1-9b6e-1d0cc15207f8.hd,https://www.latinmass.com/find-latin-mass,2026-05-18T15:02:38.874520
Institute of St Joseph - Cor Jesu Oratory,"31340 County Hwy MM, Boyd, Wisconsin 54726, USA",,,,44.93008,-91.038097,<p>Sun 10:30am; Mon-Sat 8:30am</p>,Other Community Parish,Diocesan,https://instituteofstjoseph.com,,,<p>Sun 10:30am; Mon-Sat 8:30am</p>,https://media.mapme.com/places/5798841d-f2dc-4623-848c-7a59b4edccef/gallery/d347bc87-26cc-46d7-a944-60a653955326.hd,https://www.latinmass.com/find-latin-mass,2026-05-18T15:02:38.874520
Our Lady of Victories Priory,"Cannon & Betty Go-Belmonte, New Manila, Quezon City, Metro Manila, Philippines",,,,14.621935,121.038994,"<p>Sun 7:15am, 9:00am (High), 11:00am, 5:30pm; Mon-Sat 6:15am, 6:00pm</p>",SSPX,SSPX,https://fsspx.asia/en/community/priories,,,"<p>Sun 7:15am, 9:00am (High), 11:00am, 5:30pm; Mon-Sat 6:15am, 6:00pm</p>",https://media.mapme.com/places/58e704e4-569f-447d-9a82-2cc37dd089e2/gallery/cfed84f9-8b18-43b7-8b30-9aa5865b9155.hd,https://www.latinmass.com/find-latin-mass,2026-05-18T15:02:38.874520
St Pius X Parish,"834 Brookside Dr, Fairfield, Connecticut 06824, USA",,,,41.176954,-73.26757,"<p>Mon 7:00pm (Missa Cantata); Holy Days as announced</p><p>Mass is celebrated in the chapel, not the main </p>",Diocesan Parish,Diocesan,https://www.st-pius.org,,,"<p>Mon 7:00pm (Missa Cantata); Holy Days as announced</p><p>Mass is celebrated in the chapel, not the main </p>",https://media.mapme.com/places/0ebde22b-9120-4551-b281-849feb9a72c6/gallery/7020aa4c-8e7f-4f2f-bd88-fe8e7407dc25.hd,https://www.latinmass.com/find-latin-mass,2026-05-18T15:02:38.874520
St Michael,"3001 W Golf Course Rd, Midland, Texas 79701, USA",,,,32.006714,-102.115174,<p>4th Saturday 8:00am &amp; Friday preceding 7:00pm</p>,SSPX,SSPX,https://sspx.org/en/community/priories,,,<p>4th Saturday 8:00am &amp; Friday preceding 7:00pm</p>,https://media.mapme.com/places/9c99793e-5917-4c10-87aa-e7c425e92a28/gallery/ac4911cb-c709-4f22-abe9-15e2cf02c5cf.hd,https://www.latinmass.com/find-latin-mass,2026-05-18T15:02:38.874520
St Mary,"250 S 12th St, Reading, Pennsylvania 19602, USA",,,,40.330771,-75.914841,<p>Second Sunday of the Month 12:30pm</p>,Other Community Parish,Diocesan,https://berkstlm.org,,,<p>Second Sunday of the Month 12:30pm</p>,https://media.mapme.com/places/10120bba-ad12-4c36-8f65-2abcc4e33c7a/gallery/e5c09bd7-6975-4dcf-81b7-f266a891f7d5.hd,https://www.latinmass.com/find-latin-mass,2026-05-18T15:02:38.874520
St Hubert,"4149 Mondercange, Luxembourg",,,,49.524176,6.041492,"<p>Sun 8:30am, 10:30am</p>",SSPX,SSPX,https://fsspx.be/fr/content/10866,,,"<p>Sun 8:30am, 10:30am</p>",https://media.mapme.com/places/d172b085-6437-4ee6-afe5-40b9bf25f943/gallery/b7c4788a-f32d-41ad-9389-d5268bf52006.hd,https://www.latinmass.com/find-latin-mass,2026-05-18T15:02:38.874520
Chapel of Our Lady of Perpetual Help,"Tv. 28a & Cl. 36, Teusaquillo, Bogotá, Colombia",,,,4.625498,-74.077639,"<p>Sun 8:00am, 10:00am (High), 5:00pm; Mon-Sat 7:15am, 6:00pm</p>",Other Community Parish,Diocesan,https://institutodelbuenpastor.org,,,"<p>Sun 8:00am, 10:00am (High), 5:00pm; Mon-Sat 7:15am, 6:00pm</p>",https://media.mapme.com/places/5fa7c4c9-be38-472c-bb07-4d34a255c488/gallery/fe892c3c-f703-400c-a88a-7df62e6663d3.hd,https://www.latinmass.com/find-latin-mass,2026-05-18T15:02:38.874520
Centre St Paul,"12 Rue St-Joseph, 75002 Paris, France",,,,48.868631,2.344503,"<p>Sun 9:00am, 10:00am, 11:00am (High), 12:30pm, 7:00pm; Mon 8:00am, 12:30pm, 7:00pm; Tues 8:00am, 12:30pm, 7:00pm; Wed 8:00am, 12:30pm, 7:00pm; Thurs 8:00am, 12:30pm, 7:00pm; Fri 8:00am, 12:30pm, 7:00pm; Sat 8:00am, 12:30pm, 7:00pm</p>",Other Community Parish,Diocesan,https://www.cccsp.fr,,,"<p>Sun 9:00am, 10:00am, 11:00am (High), 12:30pm, 7:00pm; Mon 8:00am, 12:30pm, 7:00pm; Tues 8:00am, 12:30pm, 7:00pm; Wed 8:00am, 12:30pm, 7:00pm; Thurs 8:00am, 12:30pm, 7:00pm; Fri 8:00am, 12:30pm, 7:00pm; Sat 8:00am, 12:30pm, 7:00pm</p>",https://media.mapme.com/places/0e85b86d-1113-4331-ab0b-7103b860b504/gallery/b6da1116-6780-4cf1-a399-d6e887d4bdd9.hd,https://www.latinmass.com/find-latin-mass,2026-05-18T15:02:38.874520
"Corpus Christi Catholic , Maiden Lane - The Shrine of the Blessed Sacrament","1 Maiden Ln, London WC2E, UK",,,,51.511032,-0.12231,<p>Mon 6:30pm (High); 2nd Fridays 6:30pm&nbsp;</p><p>See website for additional Mass times</p>,Diocesan Parish,Diocesan,https://corpuschristimaidenlane.org.uk,,,<p>Mon 6:30pm (High); 2nd Fridays 6:30pm&nbsp;</p><p>See website for additional Mass times</p>,https://media.mapme.com/places/01f1da5e-6bac-48bc-bb0e-91e3e543c2df/gallery/d04e80d8-8476-4a0a-8f46-6fc7f5f25941.hd,https://www.latinmass.com/find-latin-mass,2026-05-18T15:02:38.874520
St Andrew,"77 Belford Rd, Edinburgh EH4 3DS, UK",,,,55.952897,-3.226341,<p>Sun 12:00pm (High)</p>,FSSP,FSSP,https://www.fsspscotland.org,,,<p>Sun 12:00pm (High)</p>,https://media.mapme.com/places/be83a062-0847-481a-a5ba-75c207695c77/gallery/55373f2f-972c-4b52-9d16-7933af259cc1.hd,https://www.latinmass.com/find-latin-mass,2026-05-18T15:02:38.874520
Klasterni Kostel Nanebevzeti Panny Marie - Cistercian Monastery of the Assumption of the B.V. Mary,"Klášter 137, 382 73 Vyšší Brod, Czechia",,,,48.621482,14.304913,<p>Sun 10:00am (High); Mon-Fri 7:00am (High)</p>,Other Community Parish,Diocesan,https://www.klastervyssibrod.cz,,,<p>Sun 10:00am (High); Mon-Fri 7:00am (High)</p>,https://media.mapme.com/places/5e173c7a-3c30-45c9-b8a3-24aa57d7d941/gallery/0f12d212-5bf8-41e9-9a99-943cf5ecb530.hd,https://www.latinmass.com/find-latin-mass,2026-05-18T15:02:38.874520
Kostel Nanebevzeti Panny Marie a Sv. Karla Velikeho v Praze na Karlove,"Na Slupi 448/6, Nové Město, 128 00 Praha-Praha 2, Czechia",,,,50.067528,14.421469,"<p>Sun 11:00am (High), 5:00pm (High); First Friday 5:30pm (High); First Saturday 9:00am (High)</p>",Diocesan Parish,Diocesan,https://kostelnakarlove.com,,,"<p>Sun 11:00am (High), 5:00pm (High); First Friday 5:30pm (High); First Saturday 9:00am (High)</p>",https://media.mapme.com/places/cfe765d6-8342-4964-8be9-58c8056c4d06/gallery/6d98e31b-eb41-4573-a7de-a9ecbdb6ccc7.hd,https://www.latinmass.com/find-latin-mass,2026-05-18T15:02:38.874520
Chapel of Our Lady of Orchard Lake,"3535 Commerce Rd, West Bloomfield Township, Michigan 48324, USA",,,,42.597209,-83.355506,<p>Sun 9:00am (High)</p>,Other Community Parish,Diocesan,https://www.facebook.com/OCLMA,,,<p>Sun 9:00am (High)</p>,https://media.mapme.com/places/b3370d9f-f8b0-4628-85d8-e4bffa4d0a6d/gallery/1e009488-3adb-46a5-8922-5d3d3581c9e2.hd,https://www.latinmass.com/find-latin-mass,2026-05-18T15:02:38.874520
St Stanislaus Catholic,"625 E 4th St, Winona, Minnesota 55987, USA",,,,44.046925,-91.622169,"<p>Mass is not celebrated in the main , but is celebrated at the Chapel of St Mary of the Angels - 1160 W Wabasha St Winona, MN 55987<br></p><p><span style=""color: inherit;"">Sun 12:00pm</span></p><p></p>",Other Community Parish,Diocesan,,,,"<p>Mass is not celebrated in the main , but is celebrated at the Chapel of St Mary of the Angels - 1160 W Wabasha St Winona, MN 55987<br></p><p><span style=""color: inherit;"">Sun 12:00pm</span></p><p></p>",https://media.mapme.com/places/6649000a-9687-4395-9b05-61783383f8c0/gallery/e9200913-488d-4e14-8ea4-b8d92f8805c2.hd,https://www.latinmass.com/find-latin-mass,2026-05-18T15:02:38.874520
Our Lady of the Angels,"8330 Opeongo Rd, Killaloe, ON K0J 2A0, Canada",,,,45.44759,-77.415858,<p>Sun 4:00pm</p>,Diocesan Parish,Diocesan,https://standrewscatholic.com,,,<p>Sun 4:00pm</p>,https://media.mapme.com/places/3ce71608-3814-400e-b90d-e973ad677f5d/gallery/7a1d8916-4542-461d-abb5-444125352a5f.hd,https://www.latinmass.com/find-latin-mass,2026-05-18T15:02:38.874520
St Fidelis Friary Chapel,"135 Chalan Kapuchino, Agana Heights, 96910, Guam",,,,13.468108,144.751545,<p>Sun 11:30am</p>,Diocesan Parish,Diocesan,,,,<p>Sun 11:30am</p>,,https://www.latinmass.com/find-latin-mass,2026-05-18T15:02:38.874520
St Kevin,"Harrington St, St Kevin, Dublin, Ireland",,,,53.33253,-6.266954,"<p>Sun: 9:00am, 10:30am (High); Mon-Fri 8:00am; Sat 9:00am</p>",Diocesan Parish,Diocesan,https://www.latinmassdublin.ie,,,"<p>Sun: 9:00am, 10:30am (High); Mon-Fri 8:00am; Sat 9:00am</p>",https://media.mapme.com/places/9a8e62ea-ac98-41d7-b0d6-f47445e105f0/gallery/fd8bd5de-a87f-43c8-8784-575442cbcf70.hd,https://www.latinmass.com/find-latin-mass,2026-05-18T15:02:38.874520
Maternal Heart of Mary Catholic,"Charles O'Neill Wy, Lewisham NSW 2049, Australia",,,,-33.891847,151.148682,"<p>Sun 7:00am, 8:30am, 10:30am (High), 4:00pm (High); Mon 7:00am; Tues 6:00pm; Wed 7:00am; Thurs 7:00pm (High); Fri 6:15pm; Sat 9:00am;&nbsp;First Fridays Mass at 5:45pm &amp; 7:00pm (High); First Saturdays Mass at 9:00am</p>",FSSP,FSSP,https://maternalheart.org,,,"<p>Sun 7:00am, 8:30am, 10:30am (High), 4:00pm (High); Mon 7:00am; Tues 6:00pm; Wed 7:00am; Thurs 7:00pm (High); Fri 6:15pm; Sat 9:00am;&nbsp;First Fridays Mass at 5:45pm &amp; 7:00pm (High); First Saturdays Mass at 9:00am</p>",https://media.mapme.com/places/40fe170f-c981-41a5-a0b7-f9fbc87112f5/gallery/5806142f-51a0-4952-b9bc-03759eb3d896.hd,https://www.latinmass.com/find-latin-mass,2026-05-18T15:02:38.874520
St Michael the Archangel,"2 Boake Pl, Garran ACT 2605, Australia",,,,-35.338507,149.093385,"<p>Sun 8:00am, 10:00am (High); Mon-Thurs 7:00am; Fri 6:30pm; Sat &amp; public holidays 9:00am</p>",FSSP,FSSP,https://fssp-canberra.org,,,"<p>Sun 8:00am, 10:00am (High); Mon-Thurs 7:00am; Fri 6:30pm; Sat &amp; public holidays 9:00am</p>",https://media.mapme.com/places/bf779df4-ffe2-4f4b-b5d7-213ac41e89fe/gallery/524f757f-28f5-408f-8f6f-6ce88041b3ff.hd,https://www.latinmass.com/find-latin-mass,2026-05-18T15:02:38.874520
Jesu Hjerte,"Stenosgade 4A, 1616 København, Denmark",,,,55.673368,12.557125,<p>Sun 6:00pm (High)</p>,Other Community Parish,Diocesan,https://katolikker.dk,,,<p>Sun 6:00pm (High)</p>,https://media.mapme.com/places/02b33fc9-678b-49d9-933d-620b2e2a3a3b/gallery/dc9d7b57-6ddb-45a6-8665-6b28c84dde44.hd,https://www.latinmass.com/find-latin-mass,2026-05-18T15:02:38.874520
Sacred Heart Parish,"15-3003 Pahoa Village Rd, Pāhoa, Hawaii 96778, USA",,,,19.493743,-154.942998,<p>Sun 4:00pm</p>,Diocesan Parish,Diocesan,https://pahoasacredheart.org,,,<p>Sun 4:00pm</p>,https://media.mapme.com/places/09c4b44a-e67e-495c-a6f9-b84da3c7f7b1/gallery/fe8c6e1b-277a-41bc-84b9-4e0b42ca8335.hd,https://www.latinmass.com/find-latin-mass,2026-05-18T15:02:38.874520
St Anthony,"14 Queen St, Port Antonio, Jamaica",,,,18.182654,-76.45171,1st Sunday 2:30pm,Other,Other,https://www.oratoryofportantonio.org/,,,1st Sunday 2:30pm,,https://www.latinmass.com/find-latin-mass,2026-05-18T15:02:38.874520
St Edward the Confessor,"204 US-80, Tallulah, Louisiana 71282, USA",,,,32.407841,-91.182435,<p>Sat 9:00am</p>,Diocesan Parish,Diocesan,https://www.diocesealex.org//st-edward-the-confessor-,,,<p>Sat 9:00am</p>,https://media.mapme.com/places/0ebf94a5-fb76-4e04-a991-e96cfe8bbc34/gallery/882598dd-59a1-49bf-8613-1fff9960a89b.hd,https://www.latinmass.com/find-latin-mass,2026-05-18T15:02:38.874520
St Paul Catholic,"810 15th Ave S, Nampa, Idaho 83651, USA",,,,43.570903,-116.563366,<p>Second Sunday of the month 3:00pm</p>,Diocesan Parish,Diocesan,https://nampacatholic.church,,,<p>Second Sunday of the month 3:00pm</p>,https://media.mapme.com/places/20aebc0d-586f-4c0f-9100-268805d77f76/gallery/2ee15f27-1b14-4001-be4c-b0fb39520dbd.hd,https://www.latinmass.com/find-latin-mass,2026-05-18T15:02:38.874520
St Titus,"952 Franklin Ave, Aliquippa, Pennsylvania 15001, USA",,,,40.612913,-80.255548,<p>3rd Sunday: 2:00pm; First Friday 7:00pm</p>,Diocesan Parish,Diocesan,https://knightsofcolumbuslatinmass.blogspot.com,,,<p>3rd Sunday: 2:00pm; First Friday 7:00pm</p>,https://media.mapme.com/places/e87937ed-21fb-40de-8351-fb4582fad94d/gallery/78eaa8d9-e3b6-46e7-bdf3-744459d5aa1d.hd,https://www.latinmass.com/find-latin-mass,2026-05-18T15:02:38.874520
Our Lady Help of Christians Catholic,"1201 Kingsbury Ave SE, Huntsville,Alabama 35801, USA",,,,34.732765,-86.570947,"<p>Sun 7:00am, 9:00am (High), 11:00am; Mon 6:45am; Tues 6:45 am; Wed 6:45am; Fri 9:00am; Sat 8:00am; First Fridays additional Mass at 6:45am</p>",Diocesan Parish,Diocesan,https://ourladyhelpofchristians-al.org,,,"<p>Sun 7:00am, 9:00am (High), 11:00am; Mon 6:45am; Tues 6:45 am; Wed 6:45am; Fri 9:00am; Sat 8:00am; First Fridays additional Mass at 6:45am</p>",https://media.mapme.com/places/ab64d5cf-fcad-4a51-833f-6cff21a68fc0/gallery/db463c0f-4a76-4214-8d70-68d11b5b1eca.hd,https://www.latinmass.com/find-latin-mass,2026-05-18T15:02:38.874520
The Shanley High School Chapel,"5600 25th St S, Fargo, North Dakota 58104, USA",,,,46.798756,-96.816713,<p>Sun 12:00pm</p>,High School - Diocesan,Diocesan,https://jp2schools.org/shanley-high-school,,,<p>Sun 12:00pm</p>,https://media.mapme.com/places/c65d8dd2-b26a-4627-8b15-5fc23bb6bcaf/gallery/39e62163-f76a-4c55-9f9e-c2a2e48cd555.hd,https://www.latinmass.com/find-latin-mass,2026-05-18T15:02:38.874520
St Philomena Mission,"1781 190th St, Waverly, Iowa 50677, USA",,,,42.773648,-92.398527,<p>2nd &amp; 4th Sundays 4:00pm*</p><p>*subject to change - call 641-220-8550 to confirm</p>,SSPX Chapel,SSPX,,,,<p>2nd &amp; 4th Sundays 4:00pm*</p><p>*subject to change - call 641-220-8550 to confirm</p>,,https://www.latinmass.com/find-latin-mass,2026-05-18T15:02:38.874520
Iglesia de Nuestra Señora de La Paz,"C. del Dr. Esquerdo, 44, 28009 Madrid, Spain",,,,40.420585,-3.66957,"<p>Sun 10:45am (High), 12:00pm (High), 1:15pm, 8:00pm; Mon-Sat 12:00pm, 6:00pm, 8:00pm; First Saturdays 6:00am</p>",Institute of Christ the King,ICKSP,https://icrss.es,,,"<p>Sun 10:45am (High), 12:00pm (High), 1:15pm, 8:00pm; Mon-Sat 12:00pm, 6:00pm, 8:00pm; First Saturdays 6:00am</p>",https://media.mapme.com/places/7e2f8291-a763-4a0b-90a7-22d88198dcaa/gallery/06649286-5eca-4a54-ab29-b8d49dca9f37.hd,https://www.latinmass.com/find-latin-mass,2026-05-18T15:02:38.874520
St Michael Abbey,"27977 Silverado Canyon Rd, Silverado, California 92676, USA",,,,33.74685,-117.644477,<p>Sunday 12:00pm<br></p>,Other Community Parish,Diocesan,https://stmichaelsabbey.com,,,<p>Sunday 12:00pm<br></p>,https://media.mapme.com/places/85a485c7-24a5-41e9-8b3e-048015481169/gallery/694a6f62-8a47-4932-b238-064cdaaa35c2.hd,https://www.latinmass.com/find-latin-mass,2026-05-18T15:02:38.874520
St Peter & St Paul Cathedral,"Vene 18, 10140 Tallinn, Estonia",,,,59.438211,24.74822,<p>2nd and 4th Sundays: 3:30pm</p>,Diocesan Parish,Diocesan,https://www.katoliku.ee/index.php/et,,,<p>2nd and 4th Sundays: 3:30pm</p>,https://media.mapme.com/places/e0e22579-b444-49f7-b601-3eb73ac24a97/gallery/38a4f8cb-c158-4fca-b606-6897b10e8f6d.hd,https://www.latinmass.com/find-latin-mass,2026-05-18T15:02:38.874520
Allerheiligenkirche am Kreuz,"Kreuzstraße 10, 80331 München, Germany",,,,48.135669,11.56778,"<p>Sun 7:30am, 9:30am (High), 6:00pm; Mon &amp; Tues 8:00am; Wed-Fri 6:00pm; Sat 8:00am</p>",FSSP,FSSP,https://petrusbruderschaft.de/pages/wo-wir-sind/deutschland/niederlassungen/muenchen/gottesdienstordnung.php,,,"<p>Sun 7:30am, 9:30am (High), 6:00pm; Mon &amp; Tues 8:00am; Wed-Fri 6:00pm; Sat 8:00am</p>",,https://www.latinmass.com/find-latin-mass,2026-05-18T15:02:38.874520
The Priory of St Pius X and the  of Patrona Bavariae,"Johann-Clanze-Straße 100, 81369 München, Germany",,,,48.113303,11.520859,"<p>Sun 8:00am, 10:00am (High), 6:00pm; Mon 6:50am; Tues 6:50am, 6:00pm; Wed 6:50am, 6:00pm; Thurs 6:50am, 6:00pm; Fri 6:00pm; Sat 8:00am</p>",SSPX,SSPX,https://fsspx.de/de/m%C3%BCnchen,,,"<p>Sun 8:00am, 10:00am (High), 6:00pm; Mon 6:50am; Tues 6:50am, 6:00pm; Wed 6:50am, 6:00pm; Thurs 6:50am, 6:00pm; Fri 6:00pm; Sat 8:00am</p>",https://media.mapme.com/places/72805b3e-1c05-4e53-a72c-f81d93f9966c/gallery/48ddc818-8781-4e87-8a96-36705074bf67.hd,https://www.latinmass.com/find-latin-mass,2026-05-18T15:02:38.874520
St John Catholic,"Parnell St, Waterford, Ireland",,,,52.257552,-7.110689,<p>Sun 1:30pm (High); Mon 1:00pm; Tues 6:30pm; Wed 5:30pm; Thurs 6:30pm; Fri 6:30pm; Sat 11:00am</p>,FSSP,FSSP,https://fssp.ie,,,<p>Sun 1:30pm (High); Mon 1:00pm; Tues 6:30pm; Wed 5:30pm; Thurs 6:30pm; Fri 6:30pm; Sat 11:00am</p>,https://media.mapme.com/places/8e5cbe6d-7b4a-476f-aeae-a1358223c2b8/gallery/8c06bfce-3482-41d6-8642-bc3badb15124.hd,https://www.latinmass.com/find-latin-mass,2026-05-18T15:02:38.874520
St Peter College Chapel,"Summerhill Heights, Townparks, Wexford, Y35 P8WT, Ireland",,,,52.335051,-6.472301,<p>Sun 10:00am (High Mass only of first and third Sundays of each month)</p>,FSSP,FSSP,https://fssp.ie,,,<p>Sun 10:00am (High Mass only of first and third Sundays of each month)</p>,https://media.mapme.com/places/3aa207b8-0922-43f6-bf28-d5f09f2da4d5/gallery/458d9b35-26fe-40e7-84e5-0f08398169b9.hd,https://www.latinmass.com/find-latin-mass,2026-05-18T15:02:38.874520
Corpus Christi,"Connaught Gardens, Athlone, Co. Westmeath, Ireland",,,,53.422499,-7.947809,<p>Sun 10:00am; Fri 6:30pm; Sat 10:00am</p>,SSPX,SSPX,https://fsspx.ie/en,,,<p>Sun 10:00am; Fri 6:30pm; Sat 10:00am</p>,https://media.mapme.com/places/feb49b5e-1d00-44e4-aa94-2d2c06499dfa/gallery/75f0604e-4a61-4c77-917e-5d3423d40a5c.hd,https://www.latinmass.com/find-latin-mass,2026-05-18T15:02:38.874520
St Pius V Chapel,"78 Andersonstown Rd, Belfast BT11 9AN, UK",,,,54.575331,-5.982273,<p>Sun 12:00pm</p>,SSPX,SSPX,https://fsspx.ie/en/north,,,<p>Sun 12:00pm</p>,,https://www.latinmass.com/find-latin-mass,2026-05-18T15:02:38.874520
Our Lady of the Rosary,"Shanakiel Rd, Sunday Well, Cork, T23 T389, Ireland",,,,51.898222,-8.499603,<p>Sun 11:00am; Sat 11:00am; Holy Days of Obligation 6:30pm</p>,SSPX,SSPX,https://fsspx.ie/en,,,<p>Sun 11:00am; Sat 11:00am; Holy Days of Obligation 6:30pm</p>,https://media.mapme.com/places/3b19b249-f2fd-452e-9041-f13503044def/gallery/9a6d62a9-7be4-4817-8d99-3b622b1ac4e5.hd,https://www.latinmass.com/find-latin-mass,2026-05-18T15:02:38.874520
St John,"Mounttown Road Upper, Dún Laoghaire, Dublin, A96 P793, Ireland",,,,53.288352,-6.145959,"<p>Sun 9:00am; 11:00am; Mon 11:00am, 6:30pm; Tues 11:00am, 6:30pm; Wed 11:00am; Thurs 11:00am, 6:30pm; Fri 11:00am, 6:30pm; Sat 11:00am</p>",SSPX,SSPX,https://fsspx.ie/en/stjohns,,,"<p>Sun 9:00am; 11:00am; Mon 11:00am, 6:30pm; Tues 11:00am, 6:30pm; Wed 11:00am; Thurs 11:00am, 6:30pm; Fri 11:00am, 6:30pm; Sat 11:00am</p>",https://media.mapme.com/places/fe37ceb5-23f4-409a-9f1a-e4371fc89983/gallery/0161d3fd-4daa-4eca-a480-14d70052c2e6.hd,https://www.latinmass.com/find-latin-mass,2026-05-18T15:02:38.874520
St Joseph Chapel,"Deansground, Kilkenny, Co. Kilkenny, R95 RR27, Ireland",,,,52.644375,-7.248539,<p>Sun (2nd &amp; 4th of the month) 6:00pm; 1st Friday 7:00pm</p>,SSPX,SSPX,https://fsspx.ie/en/kilkenny,,,<p>Sun (2nd &amp; 4th of the month) 6:00pm; 1st Friday 7:00pm</p>,https://media.mapme.com/places/73be2cd2-cd64-4109-874d-fb410c1203de/gallery/c3becd54-4453-4591-9273-f4f76b890e0c.hd,https://www.latinmass.com/find-latin-mass,2026-05-18T15:02:38.874520
Sacred Heart Catholic,"16 The Crescent, Limerick, V94 HK29, Ireland",,,,52.659103,-8.632077,"<p>Sun 8:00am, 10:30am, 6:00pm; Mon 8:00am, 6:00pm; Tues 8:00am, 6:00pm; Wed 8:00am, 6:00pm; Thurs 8:00am; Fri 6:00pm; Sat 8:00am, 10:30am</p>",Institute of Christ the King,ICKSP,https://institute-christ-king.ie/limerick,,,"<p>Sun 8:00am, 10:30am, 6:00pm; Mon 8:00am, 6:00pm; Tues 8:00am, 6:00pm; Wed 8:00am, 6:00pm; Thurs 8:00am; Fri 6:00pm; Sat 8:00am, 10:30am</p>",https://media.mapme.com/places/7b2d0adc-3c87-424b-8c8f-c8454c57c25b/gallery/3a4711b7-0099-4f70-bdeb-db2cc1eeb016.hd,https://www.latinmass.com/find-latin-mass,2026-05-18T15:02:38.874520
Immaculate Heart of Mary (Fortwilliam ) Latin Mass,"577 Antrim Rd, Belfast BT15 3BU, UK",,,,54.626617,-5.937436,"<p>Sun 8:00am, 11:00am, 6:00pm; Mon 7:00pm; Tues 7:00pm; Wed 7:00pm; Thurs 8:00am; Fri 7:00pm; Sat 11:00am. First Saturdays 8:00am, 11:00am (High)</p>",Institute of Christ the King,ICKSP,https://institute-christ-king.ie/belfast,,,"<p>Sun 8:00am, 11:00am, 6:00pm; Mon 7:00pm; Tues 7:00pm; Wed 7:00pm; Thurs 8:00am; Fri 7:00pm; Sat 11:00am. First Saturdays 8:00am, 11:00am (High)</p>",https://media.mapme.com/places/50c7eebc-d6f9-4143-82c1-d507583c323d/gallery/2d4d8379-66f0-4a4f-98df-2a30f143bb4f.hd,https://www.latinmass.com/find-latin-mass,2026-05-18T15:02:38.874520
"Silverstream Priory, Benedictine Monks of Perpetual Adoration","Silverstream Priory, Kilbreckstown, Stamullen, Co. Meath, K32 T189, Ireland",,,,53.638171,-6.28987,<p>Sun 10:00am; Mon-Sat 11:00am; Holy Days of Obligation 10:00am</p>,Other,Other,https://www.cenacleosb.org,,,<p>Sun 10:00am; Mon-Sat 11:00am; Holy Days of Obligation 10:00am</p>,https://media.mapme.com/places/56bfc3fe-8dc7-4553-b2e7-2a524ce58ce5/gallery/43cf22af-9cb5-4bf6-8455-98f2b13d32e6.hd,https://www.latinmass.com/find-latin-mass,2026-05-18T15:02:38.874520
New Mellifont Abbey,"Unnamed Road, Collon, Co. Louth, Ireland",,,,53.790085,-6.480336,<p>Sun 3:00pm</p>,Other,Other,https://mellifontabbey.ie,,,<p>Sun 3:00pm</p>,https://media.mapme.com/places/00a2f93a-4bcc-452e-afa5-8ba346146170/gallery/08092a66-2408-4185-ac2d-ec62a16585dd.hd,https://www.latinmass.com/find-latin-mass,2026-05-18T15:02:38.874520
Parroquia de San Pedrito del Centro CDMX,"Francisco de Garay #6, Colonia Centro, Centro, Cuauhtémoc, 06040 Ciudad de México, CDMX, Mexico",,,,19.426875,-99.152638,"<p>Sunday 10:00am, 12:30pm, 2:00pm; Weekdays 7:00am, 12:00pm</p>",FSSP,FSSP,https://sanpedritocentro.com/,,,"<p>Sunday 10:00am, 12:30pm, 2:00pm; Weekdays 7:00am, 12:00pm</p>",https://media.mapme.com/places/b80b1eef-1b6b-4178-b6cd-ee0805afe76e/gallery/91882033-b600-49ae-a365-b5852857450c.hd,https://www.latinmass.com/find-latin-mass,2026-05-18T15:02:38.874520
"Capilla Inmaculada Concepción de María Santísima, FSSPX","C. Arce 910, San Salvador, El Salvador",,,,13.700096,-89.199366,<p>Sun 9:00am; Thurs 6:00pm; Fri 6:00pm; Sat 5:00pm</p>,SSPX,SSPX,https://www.facebook.com/Misa.Latin.El.Salvador,,,<p>Sun 9:00am; Thurs 6:00pm; Fri 6:00pm; Sat 5:00pm</p>,https://media.mapme.com/places/0f911cd7-fc19-4c62-b3a6-df7413588a14/gallery/f41bf6a7-9318-4ed7-9ab9-3eb4c0a99337.hd,https://www.latinmass.com/find-latin-mass,2026-05-18T15:02:38.874520
St Anne,"Maironio g. 8, 01124 Vilnius, Lithuania",,,,54.683146,25.293029,<p>Sun 9:30am (High); Mon-Fri 5:30pm; Sat 8:00am</p>,Diocesan Parish,Diocesan,https://vilniausonosbaznycia.net,,,<p>Sun 9:30am (High); Mon-Fri 5:30pm; Sat 8:00am</p>,https://media.mapme.com/places/8c9a8684-8afc-4891-ba4c-11745a02a1af/gallery/a83740af-fb6e-416c-ac14-0903b2b236d9.hd,https://www.latinmass.com/find-latin-mass,2026-05-18T15:02:38.874520
Carmelite Church of St Cross,"Gedimino g. 1, 44332 Kaunas, Lithuania",,,,54.88984,23.920161,<p>Sun 3:00pm (High)</p>,Diocesan Parish,Diocesan,https://www.karmelituparapija.lt,,,<p>Sun 3:00pm (High)</p>,https://media.mapme.com/places/c09470b0-4a18-48b7-9ec8-a4c116c2a6e0/gallery/910c965a-5ea5-4bbc-a306-b4c6110f0b1d.hd,https://www.latinmass.com/find-latin-mass,2026-05-18T15:02:38.874520
Kostel Sv. Jana Nepomuckého,"Svatoplukova, 796 01 Prostějov, Czechia",,,,49.473138,17.116767,<p><br></p>,Diocesan Parish,Diocesan,https://www.facebook.com/profile.php?id=100081252926253,,,<p><br></p>,https://media.mapme.com/places/f401d6c6-793d-4f5d-9f0c-cb5c40905f49/gallery/abd3ee33-e157-49a2-951b-6eb33333360e.hd,https://www.latinmass.com/find-latin-mass,2026-05-18T15:02:38.874520
St Joseph,"Těšínská, 710 00 Slezská Ostrava, Czechia",,,,49.831918,18.304524,"<p>1st, 3rd, 5th Sundays 10:30am (High); Wed 6:00pm</p>",Diocesan Parish,Diocesan,https://farnostmostrava.cz/farnik/bohosluzby,,,"<p>1st, 3rd, 5th Sundays 10:30am (High); Wed 6:00pm</p>",https://media.mapme.com/places/f13bde0f-9783-4a82-91b0-49a98f5f91e3/gallery/e7fac789-bb2a-4430-88cc-a9686882f6ea.hd,https://www.latinmass.com/find-latin-mass,2026-05-18T15:02:38.874520
"Kostel Sv. Jošta, Frýdek-Místek","Těšínská, 738 01 Frýdek-Místek, Czechia",,,,49.680863,18.354353,<p>2nd &amp; 4th Sundays: 10:00am (High)</p>,Diocesan Parish,Diocesan,https://www.farnostfrydek.cz/joomla/index.php/kostely/kostel-sv-josta,,,<p>2nd &amp; 4th Sundays: 10:00am (High)</p>,https://media.mapme.com/places/48a24b0f-1bc0-4c31-846f-f8b8240be626/gallery/52e5e865-cd57-48c4-9c31-3bde402f1ac1.hd,https://www.latinmass.com/find-latin-mass,2026-05-18T15:02:38.874520
St Michael,"Dominikánské nám. 602 00, 602 00 Brno-střed, Czechia",,,,49.193627,16.606865,<p>Sun 3:00pm (High)</p>,Diocesan Parish,Diocesan,https://svatymichalbrno.cz/bohosluzby,,,<p>Sun 3:00pm (High)</p>,https://media.mapme.com/places/de630ba3-8d79-4774-9f64-75d42d633b79/gallery/bba96c82-466f-47d4-89ff-dc88ed187474.hd,https://www.latinmass.com/find-latin-mass,2026-05-18T15:02:38.874520
Poutní areál v Římově,"Kostelní 6, 373 24 Římov, Czechia",,,,48.855883,14.487986,"<p>Sun 8:30am (High); Tues, Wed, Fri, Sat 6:00pm</p>",FSSP,FSSP,https://fssp.cz/budejovice,,,"<p>Sun 8:30am (High); Tues, Wed, Fri, Sat 6:00pm</p>",https://media.mapme.com/places/7dee7809-cce2-4f2f-8961-81392f665b4d/gallery/cd541529-c197-4a2c-aac3-65842fce7720.hd,https://www.latinmass.com/find-latin-mass,2026-05-18T15:02:38.874520
St Anne,"38100 Five Mile Rd, Livonia, Michigan 48154, USA",,,,42.396805,-83.419701,"<span>Sunday 8:00am, 10:30am; Saturday&nbsp;<span>9:00am</span></span>&nbsp;",SSPX,SSPX,https://fsspx.today/chapel/mi-livonia/,,,"<span>Sunday 8:00am, 10:30am; Saturday&nbsp;<span>9:00am</span></span>&nbsp;",https://media.mapme.com/places/2635cc4c-459a-4d64-b868-8813ec7e7fed/gallery/01341e90-4c06-4460-8087-e6900a17300d.hd,https://www.latinmass.com/find-latin-mass,2026-05-18T15:02:38.874520
Nuestra Señora del Perpetuo Socorro (Our Lady of Perpetual Help),"Vía Faca / La Florida, Anolaima, Cundinamarca, Colombia",,,,4.771853,-74.432313,<p>Sun 9:00am</p>,FSSP,FSSP,https://www.fsspcolombia.com/copia-de-bienvenidos-2,,,<p>Sun 9:00am</p>,,https://www.latinmass.com/find-latin-mass,2026-05-18T15:02:38.874520
Holy Name,"80 Payneham Rd, Stepney SA 5069, Australia",,,,-34.910993,138.626816,"<p>Sun 8:00am, 9:15am, 5:00pm; Mon 7:00am, 9:30am; Tues 9:30am + Holy Hour; Wed 9:30am; Thurs 7:30am; Fri 7:00am, 6:30pm (Exposition until 9:00pm); Sat 8:30am</p>",FSSP,FSSP,https://latinmassadelaide.org,,,"<p>Sun 8:00am, 9:15am, 5:00pm; Mon 7:00am, 9:30am; Tues 9:30am + Holy Hour; Wed 9:30am; Thurs 7:30am; Fri 7:00am, 6:30pm (Exposition until 9:00pm); Sat 8:30am</p>",https://media.mapme.com/places/78414259-b025-422d-9e3c-3cbf3004867a/gallery/96417369-2e56-4058-b50d-28a044bd9795.hd,https://www.latinmass.com/find-latin-mass,2026-05-18T15:02:38.874520
St Michael,"19 Rose Terrace, Wayville SA 5034, Australia",,,,-34.943011,138.597043,<p>Sun 9:00am</p>,SSPX,SSPX,https://sspx.com.au/en/parish-bulletins,,,<p>Sun 9:00am</p>,,https://www.latinmass.com/find-latin-mass,2026-05-18T15:02:38.874520
Our Lady of Belen Chapel,"500 SW 127th Ave, Miami, Florida 33184, USA",,,,25.764104,-80.401995,<p>Sun 10:00am</p>,College,College,https://www.latinmassmiami.org/,,,<p>Sun 10:00am</p>,https://media.mapme.com/places/f5566073-aa47-4889-b471-32c74e1212e9/gallery/97e4cad8-fc8a-4567-b6c1-9af28745cbe0.hd,https://www.latinmass.com/find-latin-mass,2026-05-18T15:02:38.874520
St Mary,"2026 Winnipeg St, Regina, SK S4P 1G6, Canada",,,,50.446008,-104.59556,<p>Sun 9:00am; Wed 12:00pm; Thurs 7:00pm; Fri 12:00pm; Sat 9:15am</p>,Diocesan Parish,Diocesan,https://www.reginalatinmass.org,,,<p>Sun 9:00am; Wed 12:00pm; Thurs 7:00pm; Fri 12:00pm; Sat 9:15am</p>,https://media.mapme.com/places/da3d70ac-a720-40bf-801b-bf7241940cd9/gallery/699b7283-84cc-482c-be85-83e4d4f316ff.hd,https://www.latinmass.com/find-latin-mass,2026-05-18T15:02:38.874520
Franciscan Monastery of the Holy Land in America,"1400 Quincy St NE, Washington, DC 20017, USA",,,,38.93748,-76.98522,<p>Sun 9:00am (High)</p>,Other Community Parish,Diocesan,https://myfranciscan.org,,,<p>Sun 9:00am (High)</p>,https://media.mapme.com/places/ef278cd4-105c-4cd2-ae1e-8476de7fde0c/gallery/706cc8d0-c560-4abf-a0a9-42d1fd52ac71.hd,https://www.latinmass.com/find-latin-mass,2026-05-18T15:02:38.874520
Chiesa dell’Annunziata,"salita Frati Minimi, 1, 18100 Imperia IM, Italy",,,,43.888913,8.044686,<p>Sun 5:30pm</p>,Diocesan Parish,Diocesan,,,,<p>Sun 5:30pm</p>,https://media.mapme.com/places/d132fa07-aa75-4825-88e2-4477de56b2fe/gallery/d791793a-6961-485c-b9ac-3cd4fda165c5.hd,https://www.latinmass.com/find-latin-mass,2026-05-18T15:02:38.874520
"Chapel of the Most Holy Name of Mary and of St Stanislaus, Bishop and Martyr","Szkolna 2a, 15-640 Białystok, Poland",,,,53.12484,23.084577,"<p>Sun 8:00am, 10:30am (High); Weekdays 7:00am, 6:00pm</p>",Other,Other,https://bialystok.tradycjakatolicka.pl,,,"<p>Sun 8:00am, 10:30am (High); Weekdays 7:00am, 6:00pm</p>",,https://www.latinmass.com/find-latin-mass,2026-05-18T15:02:38.874520
Chiesa di Santo Stefano,"Piazza Cassini, 18038 Sanremo IM, Italy",,,,43.817963,7.776131,<p>Sun 10:00am (High); Mon-Fri 5:30pm; Sat 9:30am</p>,Diocesan Parish,Diocesan,https://m.facebook.com/messainlatinosanremo,,,<p>Sun 10:00am (High); Mon-Fri 5:30pm; Sat 9:30am</p>,,https://www.latinmass.com/find-latin-mass,2026-05-18T15:02:38.874520
Knisja tal-Ġiżwiti,"VGX8+93G, Merchants St, Valletta, Malta",,,,35.898432,14.515212,<p>Sun 10:30am (High)</p>,Diocesan Parish,Diocesan,https://jesuitsfoundation.org,,,<p>Sun 10:30am (High)</p>,,https://www.latinmass.com/find-latin-mass,2026-05-18T15:02:38.874520
"Sts Peter, Paul, and Philomena","7 Atherton St, New Brighton, Wallasey CH45 2PG, UK",,,,53.435716,-3.046609,"<p>Sun 8:30am, 10:30am (High); Mon-Fri 6:30pm; Sat 10:00am</p>",Institute of Christ the King,ICKSP,https://icksp.org.uk/newbrighton,,,"<p>Sun 8:30am, 10:30am (High); Mon-Fri 6:30pm; Sat 10:00am</p>",https://media.mapme.com/places/4c562ab9-b1fb-4478-9899-ce9cfffb5260/gallery/2fd1b6eb-2d46-4f80-8610-0b38dfd38b3b.hd,https://www.latinmass.com/find-latin-mass,2026-05-18T15:02:38.874520
St Pius X Catholic Student Center,"301A E Cleveland Ave, Pittsburg, Kansas 66762, USA",,,,37.392656,-94.702132,<p>First Sunday of the month 11:30am + some feast days</p>,College,College,https://catholicgorillas.org/parish-rotator/16656-christmas-break-mass-schedule,,,<p>First Sunday of the month 11:30am + some feast days</p>,,https://www.latinmass.com/find-latin-mass,2026-05-18T15:02:38.874520
Most Holy Rosary House,"1809 Brusett Rd, Jordan, Montana 59337, USA",,,,47.411787,-107.245012,<p>Sun 9:30am; Mon-Thurs 7:00am; Fri &amp; Sat 8:00am</p>,Other,Other,https://www.papastronsay.com,,,<p>Sun 9:30am; Mon-Thurs 7:00am; Fri &amp; Sat 8:00am</p>,https://media.mapme.com/places/30849695-538f-42b3-8097-0ad3ce64ddca/gallery/d49abc5b-b8c2-4b1b-b950-b4c6bf8eb0b9.hd,https://www.latinmass.com/find-latin-mass,2026-05-18T15:02:38.874520
Nuestra Señora del Pilar,"Calle Francisco I. Madero 508, Zona Centro, 44100 Guadalajara, Jal., Mexico",,,,20.673588,-103.351771,"<p>Sun 8:00am, 9:30am, 11:00am, 12:30pm, 6:00pm; Mon-Fri 8:00am; Mon 6:30pm; Sat 8:00am, 11:30am</p>",FSSP,FSSP,https://fsspmexico.mx,,,"<p>Sun 8:00am, 9:30am, 11:00am, 12:30pm, 6:00pm; Mon-Fri 8:00am; Mon 6:30pm; Sat 8:00am, 11:30am</p>",https://media.mapme.com/places/30e48919-41d2-47a7-9df3-93c652448e08/gallery/579d1cd4-57e3-4c52-88c2-c0d55cfeef73.hd,https://www.latinmass.com/find-latin-mass,2026-05-18T15:02:38.874520
Casa Cristo Rey,"Av Enrique Díaz de León Sur 933, Moderna, 44190 Guadalajara, Jal., Mexico",,,,20.662154,-103.360095,"<p>Mon-Sat 12:30pm; Thurs Holy Hour 5:30pm, Mass 7:00pm</p>",FSSP,FSSP,https://www.fsspmexico.mx,,,"<p>Mon-Sat 12:30pm; Thurs Holy Hour 5:30pm, Mass 7:00pm</p>",,https://www.latinmass.com/find-latin-mass,2026-05-18T15:02:38.874520
San Javier de las Colinas,"P.º Loma Ancha 3460, Colinas de San Javier, 44660 Guadalajara, Jal., Mexico",,,,20.697879,-103.398912,<p>Sun 10:00am (basement chapel); Tues 7:00pm</p>,FSSP,FSSP,https://fsspmexico.mx,,,<p>Sun 10:00am (basement chapel); Tues 7:00pm</p>,,https://www.latinmass.com/find-latin-mass,2026-05-18T15:02:38.874520
Sts Albert and Andrew the Apostle,"plac Teatralny 18, 00-077 Warszawa, Poland",,,,52.244173,21.008239,"<p>Sun 8:00am (High); Weekdays 7:00am; Sat 6:30pm</p><p><a href=""http://warszawa.instytutdobregopasterza.pl/"">Click for More Info</a></p>",Other,Other,,,,"<p>Sun 8:00am (High); Weekdays 7:00am; Sat 6:30pm</p><p><a href=""http://warszawa.instytutdobregopasterza.pl/"">Click for More Info</a></p>",https://media.mapme.com/places/606bfe1f-a613-43d5-9a80-fba4e07a7153/gallery/3bf4e931-8384-4ab3-95fe-05088a39cb0a.hd,https://www.latinmass.com/find-latin-mass,2026-05-18T15:02:38.874520
Most Holy Name of Mary,"Aleja Najświętszej Maryi Panny 56, 42-217 Częstochowa, Poland",,,,50.812585,19.108947,<p>Sun 1:30pm (High);&nbsp;Daily Mass 7:15</p>,Other,Other,https://tradi.czest.pl,,,<p>Sun 1:30pm (High);&nbsp;Daily Mass 7:15</p>,https://media.mapme.com/places/153fed2f-545f-4b26-a397-617f6bbcd789/gallery/3e8edb07-f97d-4cb6-8248-9d810bf3a0e8.hd,https://www.latinmass.com/find-latin-mass,2026-05-18T15:02:38.874520
Prioratoo Nuestra Senora de Fatima,"7A Calle A 11-09, Mixco, Guatemala",,,,14.601562,-90.589349,"<p>Lunes a Sábado 7:15am, Domingos 7:30am</p>",SSPX,SSPX,https://centralamerica.prod.fsspx.org,,,"<p>Lunes a Sábado 7:15am, Domingos 7:30am</p>",,https://www.latinmass.com/find-latin-mass,2026-05-18T15:02:38.874520
Capilla Santa María de la Asunción,"9A Calle ""A"", 1-45, zona 1, Guatemala, 9A Calle A, Ciudad de Guatemala, Guatemala",,,,14.640634,-90.519258,"<p>Lunes a Sabados 18:00 pm, Domingos 8:30 y 10:00 am. Confesiones: una hora antes de cada Misa. Durante Misa. Y después de Misa a solicitud.</p>",SSPX,SSPX,,,,"<p>Lunes a Sabados 18:00 pm, Domingos 8:30 y 10:00 am. Confesiones: una hora antes de cada Misa. Durante Misa. Y después de Misa a solicitud.</p>",,https://www.latinmass.com/find-latin-mass,2026-05-18T15:02:38.874520
Mary Immaculate,"616 Ipswich Rd, Annerley QLD 4103, Australia",,,,-27.516311,153.030555,"<p>Sun 7:30am, 10:00am (High), 4:00pm; Mon 7:00pm; Tues-Fri 9:00am; Sat 8:30am</p>",Other,Other,https://brisbane-oratory.org/baptism/service-times,,,"<p>Sun 7:30am, 10:00am (High), 4:00pm; Mon 7:00pm; Tues-Fri 9:00am; Sat 8:30am</p>",https://media.mapme.com/places/02437374-d0b3-4fc9-95fd-8d557efb7b15/gallery/9e5c1848-20c5-444a-941c-f2bdb13d0cf0.hd,https://www.latinmass.com/find-latin-mass,2026-05-18T15:02:38.874520
Brompton Oratory (The London Oratory),"Brompton Rd, London SW7 2RP, UK",,,,51.49655,-0.169982,<p>Sun 9:00am; Mon-Fri 8:00am; Sat 8:00am</p>,Diocesan Parish,Diocesan,https://www.bromptonoratory.co.uk,,,<p>Sun 9:00am; Mon-Fri 8:00am; Sat 8:00am</p>,https://media.mapme.com/places/658b810a-7b6c-41cf-b1c5-4818355b98ae/gallery/31291cb7-5ca8-4526-90c3-7930005385e5.hd,https://www.latinmass.com/find-latin-mass,2026-05-18T15:02:38.874520
St Joseph Catholic,"132 S Millwood Ave, Wichita, Kansas 67213, USA",,,,37.683262,-97.359846,"<p>Sun 6:30am, 11:30am (High); Tues 6:00pm; Wed 8:00am</p>",Diocesan Parish,Diocesan,https://stjosephwichita.com,,,"<p>Sun 6:30am, 11:30am (High); Tues 6:00pm; Wed 8:00am</p>",https://media.mapme.com/places/ab512a36-06a4-49d2-982a-ed50b2953e68/gallery/22d47d84-7892-4f4f-abd5-8bddc08ea768.hd,https://www.latinmass.com/find-latin-mass,2026-05-18T15:02:38.874520
Holy Family Log Church,"116 Church St, Cahokia, Illinois 62206, USA",,,,38.569595,-90.188693,<p>Sun 9:00am</p>,Institute of Christ the King,ICKSP,https://www.holyfamily1699.org,,,<p>Sun 9:00am</p>,https://media.mapme.com/places/fd91078e-a693-4e0e-a5a6-f7ecc5a14de9/gallery/22fa3bb0-31c6-4d70-b004-ed801557d353.hd,https://www.latinmass.com/find-latin-mass,2026-05-18T15:02:38.874520
Immaculate Conception of the Blessed Virgin Mary,"31-529 Kraków, Poland",,,,50.060422,19.94987,"<p>Sun 8:30am, 11:30am (High), 7:00pm; Weekdays 6:30am, 6:30pm</p>",FSSP,FSSP,https://fssp.pl/2021/09/23/krakow-kosciol-niepokalanego-poczecia-nmp-na-ul-kopernika,,,"<p>Sun 8:30am, 11:30am (High), 7:00pm; Weekdays 6:30am, 6:30pm</p>",https://media.mapme.com/places/65cbc548-2adc-4df0-9ff9-465de675f9b9/gallery/b81efada-caba-49e3-a6ab-f748964dc134.hd,https://www.latinmass.com/find-latin-mass,2026-05-18T15:02:38.874520
St Barbara,"Długie Ogrody 19, 80-761 Gdańsk, Poland",,,,54.347893,18.663604,<p>Sun 3:00pm (High); Wed &amp; Thurs 7:30pm</p>,Diocesan Parish,Diocesan,https://www.sw-barbara.vn.pl,,,<p>Sun 3:00pm (High); Wed &amp; Thurs 7:30pm</p>,https://media.mapme.com/places/a9852676-1e2d-4f33-9e54-be2e95fb8e2b/gallery/d78bb9fb-70ff-4ccf-b03d-49623f1e2177.hd,https://www.latinmass.com/find-latin-mass,2026-05-18T15:02:38.874520
St Joseph Rectory,"Doktora Judyma, 71-466 Szczecin, Poland",,,,53.455802,14.529776,"<p>Sun 8:00am, 10:30am (High); Weekdays 6:00pm</p>",Diocesan Parish,Diocesan,https://tradycja-szczecin.pl,,,"<p>Sun 8:00am, 10:30am (High); Weekdays 6:00pm</p>",,https://www.latinmass.com/find-latin-mass,2026-05-18T15:02:38.874520
Collegiate  of the Holy Cross and St Bartholomew,"Katedralna 13, 50-328 Wrocław, Poland",,,,51.114,17.044712,"<p>Sun 9:00am, 6:00pm; Weekdays 7:00am</p>",Diocesan Parish,Diocesan,https://tradycja.archidiecezja.wroc.pl/,,,"<p>Sun 9:00am, 6:00pm; Weekdays 7:00am</p>",https://media.mapme.com/places/de3f3319-3d4b-4750-aec5-ced4daebc52f/gallery/3d26bb17-f9a4-43c2-a2fc-727f8285d366.hd,https://www.latinmass.com/find-latin-mass,2026-05-18T15:02:38.874520
Sacred Heart of Jesus and St Florian,"Kościelna 3, 60-536 Poznań, Poland",,,,52.413487,16.903189,<p>Sun 2:15pm (High)</p>,Diocesan Parish,Diocesan,"https://www.poznan.pl/mim/turystyka/en/-,doc,1017,22670/-,53198.html",,,<p>Sun 2:15pm (High)</p>,https://media.mapme.com/places/4b55aff9-442a-432d-ab08-762ba677b894/gallery/65c6ca86-64d1-40c9-8072-3b47778b893d.hd,https://www.latinmass.com/find-latin-mass,2026-05-18T15:02:38.874520
"of St Stanislaus, Bishop and Martyr","Floriańska, 08-110 Siedlce, Poland",,,,52.16306,22.283467,<p>Sun 3:30pm (High)</p>,Diocesan Parish,Diocesan,https://www.facebook.com/MszaTrydenckaWSiedlcach/?locale=pl_PL,,,<p>Sun 3:30pm (High)</p>,,https://www.latinmass.com/find-latin-mass,2026-05-18T15:02:38.874520
Immaculate Conception of the Blessed Virgin Mary Rectory,"Stanisława Staszica 16A, 20-400 Lublin, Poland",,,,51.250297,22.562748,<p>Sun 9:00am (High); Weekdays 7:00pm</p>,Diocesan Parish,Diocesan,https://introibo.pl,,,<p>Sun 9:00am (High); Weekdays 7:00pm</p>,,https://www.latinmass.com/find-latin-mass,2026-05-18T15:02:38.874520
St Michael Archangel,"Księdza Bolesława Domańskiego 4, 46-020 Opole, Poland",,,,50.677584,17.88918,"<p>Sun 1:00pm (High)</p><p><a href=""http://tradycja.opole.pl/"" target=""_blank"" rel=""noopener noreferrer"">http://tradycja.opole.pl/</a><br></p>",Diocesan Parish,Diocesan,,,,"<p>Sun 1:00pm (High)</p><p><a href=""http://tradycja.opole.pl/"" target=""_blank"" rel=""noopener noreferrer"">http://tradycja.opole.pl/</a><br></p>",,https://www.latinmass.com/find-latin-mass,2026-05-18T15:02:38.874520
Holy Family Chapel,"Verd 107, 1360 Vrhnika, Slovenia",,,,45.955318,14.306816,"<p>Sun 9:00am (High), 4:00pm; First Fridays &amp; First Saturdays 5:00pm</p>",SSPX,SSPX,https://fsspx-slovenija.si/svete-mase,,,"<p>Sun 9:00am (High), 4:00pm; First Fridays &amp; First Saturdays 5:00pm</p>",,https://www.latinmass.com/find-latin-mass,2026-05-18T15:02:38.874520
Holy Family Chapel,"Kuzmičeva ulica 12, 2000 Maribor, Slovenia",,,,46.543989,15.681798,<p>Twice a month Sundays 5:00pm</p>,SSPX,SSPX,https://fsspx-slovenija.si/svete-mase,,,<p>Twice a month Sundays 5:00pm</p>,,https://www.latinmass.com/find-latin-mass,2026-05-18T15:02:38.874520
St Jerome Chapel,"Ul. Zrinsko Frankopanska 58, 21000, Split, Croatia",,,,43.522051,16.433575,"<p>Three Sundays per month 10:00am, 6:00pm</p>",SSPX,SSPX,https://fsspx.hr/svete-mise,,,"<p>Three Sundays per month 10:00am, 6:00pm</p>",,https://www.latinmass.com/find-latin-mass,2026-05-18T15:02:38.874520
Immaculate Heart of Mary Chapel,"Ul. Avelina Turka 1, 51000, Rijeka, Croatia",,,,45.344451,14.380551,<p>Two Sundays per month 6:00pm</p>,SSPX,SSPX,https://fsspx.hr/svete-mise,,,<p>Two Sundays per month 6:00pm</p>,,https://www.latinmass.com/find-latin-mass,2026-05-18T15:02:38.874520
Priory of St Pius X,"Estr. de Chelas 29, 1900-148 Lisboa, Portugal",,,,38.725631,-9.115708,"<p>Sun 9:00am, 11:00am; Mon-Sat 7:00pm</p>",SSPX,SSPX,https://www.fsspx.es/es/missas-em-lisboa,,,"<p>Sun 9:00am, 11:00am; Mon-Sat 7:00pm</p>",,https://www.latinmass.com/find-latin-mass,2026-05-18T15:02:38.874520
Chapel of the Immaculate Heart of Mary,"R. da Imac. Conceição 8, 2495-651 Fátima, Portugal",,,,39.638661,-8.672221,"<p>Sun 4:00pm, 6:00pm; Mon 9:00am</p>",SSPX,SSPX,https://www.fsspx.es/es/capela-do-imaculado-coracao-de-maria,,,"<p>Sun 4:00pm, 6:00pm; Mon 9:00am</p>",,https://www.latinmass.com/find-latin-mass,2026-05-18T15:02:38.874520
Monastero di Santa Caterina Da Siena -Taggia,"Via de Fornari, 1, 18018 Taggia IM, Italy",,,,43.86339,7.851221,<p>Sun 10:00am (High); Mon-Sat 9:45am&nbsp;</p>,Other,Other,https://www.benedictins-de-immaculee.com/it/2023/05/incontro-di-famiglia.html,,,<p>Sun 10:00am (High); Mon-Sat 9:45am&nbsp;</p>,,https://www.latinmass.com/find-latin-mass,2026-05-18T15:02:38.874520
St Patrick,"5671 Whitmore Lake Rd, Ann Arbor, Michigan 48105, USA",,,,42.357975,-83.751244,<p>2nd Sundays 12:30pm</p>,Diocesan Parish,Diocesan,https://www.stpatricka2.org,,,<p>2nd Sundays 12:30pm</p>,,https://www.latinmass.com/find-latin-mass,2026-05-18T15:02:38.874520
Sacred Heart,"1055 Broadway, Esopus, New York 12429, USA",,,,41.832581,-73.964393,<p>Sundays 1:00am</p>,Diocesan Parish,Diocesan,https://pbvmc.com,,,<p>Sundays 1:00am</p>,https://media.mapme.com/places/49754a27-5423-4c8b-a579-66156013bf41/gallery/5142e317-2888-4964-854a-55122c97a8bb.hd,https://www.latinmass.com/find-latin-mass,2026-05-18T15:02:38.874520
St Anthony,"88 Alma Road, Gonville, Whanganui 4501, New Zealand",,,,-39.939817,175.024178,"<p>Sun 7:30am, 9:00am (High), 11:00am</p>",SSPX,SSPX,https://sspx.org.nz/en/stanthony,,,"<p>Sun 7:30am, 9:00am (High), 11:00am</p>",https://media.mapme.com/places/69661559-1d7e-4b95-9c1f-a5c60246c262/gallery/1b74bafc-0cf9-4b2f-9467-8877ac498a93.hd,https://www.latinmass.com/find-latin-mass,2026-05-18T15:02:38.874520
Immaculate Heart of Mary,"103 Avondale Road, Avondale, Auckland 1026, New Zealand",,,,-36.889052,174.677761,"<p>Sun 7:00am, 9:00am (High)</p>",SSPX,SSPX,https://sspx.org.nz/en/ihm,,,"<p>Sun 7:00am, 9:00am (High)</p>",https://media.mapme.com/places/ba93584c-3191-4700-9580-94598967aaa0/gallery/354e0cb1-67a4-479c-b1cf-fd7f411bad96.hd,https://www.latinmass.com/find-latin-mass,2026-05-18T15:02:38.874520
St Michael the Archangel Chapel,"32 Beauchamp Street, Tawa, Wellington 5028, New Zealand",,,,-41.159771,174.830786,"<p>Sun 9:00am, 11:00am</p>",SSPX,SSPX,https://sspx.org.nz/en/stmichael,,,"<p>Sun 9:00am, 11:00am</p>",,https://www.latinmass.com/find-latin-mass,2026-05-18T15:02:38.874520
St Adalbert,"Torstraße 168, 10115 Berlin, Germany",,,,52.528704,13.395579,<p>Sundays &amp; Feast Days 10:30am</p>,Diocesan Parish,Diocesan,https://www.messopfer.de,,,<p>Sundays &amp; Feast Days 10:30am</p>,https://media.mapme.com/places/c6432ba9-8491-4b54-b9c9-0400f8ceb289/gallery/08358113-5c9d-40ce-a9a8-df76aab1509c.hd,https://www.latinmass.com/find-latin-mass,2026-05-18T15:02:38.874520
St. Afra,"Graunstraße 31, 13355 Berlin, Germany",,,,52.545303,13.39768,"<p>Sun 8:30am, 10:30am; Mon–Fri 6:00pm; Sat 9:00am; Feast Days same schedule as Sundays</p>",Other,Other,https://www.institut-philipp-neri.de/,,,"<p>Sun 8:30am, 10:30am; Mon–Fri 6:00pm; Sat 9:00am; Feast Days same schedule as Sundays</p>",https://media.mapme.com/places/ef1b7adc-80eb-4b4f-acf2-6c2e6d05681c/gallery/2f48a7be-e283-47e2-bb9b-7a237b4a12ae.hd,https://www.latinmass.com/find-latin-mass,2026-05-18T15:02:38.874520
Basilika St Clemens,"Platz a. d. Basilika, 30169 Hannover, Germany",,,,52.373176,9.726936,<p>Sundays &amp; Feast Days 1:30pm; Fri 3:30pm</p>,FSSP,FSSP,https://petrusbruderschaft.de/pages/wo-wir-sind/deutschland/niederlassungen/hannover/home.php,,,<p>Sundays &amp; Feast Days 1:30pm; Fri 3:30pm</p>,,https://www.latinmass.com/find-latin-mass,2026-05-18T15:02:38.874520
Busdorfkiche St Petrus und St Andreas,"Am Busdorf 6-8, 33098 Paderborn, Germany",,,,51.718842,8.760361,<p>Sundays &amp; Feast Days 11:00am; Wed 6:30pm</p>,Diocesan Parish,Diocesan,https://judica-me.de,,,<p>Sundays &amp; Feast Days 11:00am; Wed 6:30pm</p>,https://media.mapme.com/places/6ea559ba-c3cc-4894-8aae-19deb679add1/gallery/d1ccb8b9-ccf6-4fc6-9e14-7d6cc9ff028b.hd,https://www.latinmass.com/find-latin-mass,2026-05-18T15:02:38.874520
St Nikolaus,"Spitalstraße, 35516 Münzenberg, Germany",,,,50.454597,8.777592,"<p>Sun 6:00pm; Mon 7:00pm; Sat 9:30am</p><p><a href=""http://pfarrgrupperockenberg.de/?page_id=71"" target=""_blank"" rel=""noopener noreferrer"">http://pfarrgrupperockenberg.de/?page_id=71</a></p>",Other,Other,,,,"<p>Sun 6:00pm; Mon 7:00pm; Sat 9:30am</p><p><a href=""http://pfarrgrupperockenberg.de/?page_id=71"" target=""_blank"" rel=""noopener noreferrer"">http://pfarrgrupperockenberg.de/?page_id=71</a></p>",,https://www.latinmass.com/find-latin-mass,2026-05-18T15:02:38.874520
Filialkirche St Maria (Rosenkranzkirche),"Maulkuppenstraße 19, 36043 Fulda, Germany",,,,50.537245,9.693293,<p>Sun 10:30am</p>,Diocesan Parish,Diocesan,https://www.st-elisabeth-fulda.de/fuldastelisabeth/Termine/Gottesdienstordnung.php,,,<p>Sun 10:30am</p>,,https://www.latinmass.com/find-latin-mass,2026-05-18T15:02:38.874520
St Dionysius,"Abteihofstraße 25, 40221 Düsseldorf, Germany",,,,51.185487,6.764872,"<p>Sundays &amp; Feast Days 10:30am; Thurs &amp; Fri 6:30pm; Sat 8:00am</p><p><a href=""http://www.maria-hilf-koeln.de/termine/termine-duesseldorf/"" target=""_blank"" rel=""noopener noreferrer"">http://www.maria-hilf-koeln.de/termine/termine-duesseldorf/</a><br></p>",FSSP,FSSP,,,,"<p>Sundays &amp; Feast Days 10:30am; Thurs &amp; Fri 6:30pm; Sat 8:00am</p><p><a href=""http://www.maria-hilf-koeln.de/termine/termine-duesseldorf/"" target=""_blank"" rel=""noopener noreferrer"">http://www.maria-hilf-koeln.de/termine/termine-duesseldorf/</a><br></p>",,https://www.latinmass.com/find-latin-mass,2026-05-18T15:02:38.874520
Familienbücherei St Josef,"Menninghauser Str. 5b, 42859 Remscheid, Germany",,,,51.171509,7.209192,"<p>Sun 8:00am</p><p><a href=""http://www.maria-hilf-koeln.de/termine/weitere-termine/"" target=""_blank"" rel=""noopener noreferrer"">http://www.maria-hilf-koeln.de/termine/weitere-termine/</a><br></p>",FSSP,FSSP,,,,"<p>Sun 8:00am</p><p><a href=""http://www.maria-hilf-koeln.de/termine/weitere-termine/"" target=""_blank"" rel=""noopener noreferrer"">http://www.maria-hilf-koeln.de/termine/weitere-termine/</a><br></p>",,https://www.latinmass.com/find-latin-mass,2026-05-18T15:02:38.874520
Caritashaus St Michael,"Michaelstraße 3, 45661 Recklinghausen, Germany",,,,51.56227,7.1868,<p>Sundays &amp; Feast Days 10:00am</p>,FSSP,FSSP,https://petrusbruderschaft.de/pages/wo-wir-sind/deutschland/niederlassungen/recklinghausen/home.php,,,<p>Sundays &amp; Feast Days 10:00am</p>,,https://www.latinmass.com/find-latin-mass,2026-05-18T15:02:38.874520
St Josephskirche,"Lothringer Str. 154, 46045 Oberhausen, Germany",,,,51.461683,6.852853,"<p>Sundays &amp; Feast Days 10:00am, 6:00pm; Mon 8:30am; Tues 6:30pm; Wed 6:30pm; Thurs 8:30am; Fri 6:30pm; Sat 8:30am</p>",FSSP,FSSP,https://petrusbruderschaft.de/pages/wo-wir-sind/deutschland/niederlassungen/oberhausen/gottesdienste.php,,,"<p>Sundays &amp; Feast Days 10:00am, 6:00pm; Mon 8:30am; Tues 6:30pm; Wed 6:30pm; Thurs 8:30am; Fri 6:30pm; Sat 8:30am</p>",,https://www.latinmass.com/find-latin-mass,2026-05-18T15:02:38.874520
Kerzenkapelle - St Michael,"Kapellenpl., 47623 Kevelaer, Germany",,,,51.583879,6.243698,<p>May 1st - October 31st: Sundays 8:00am</p><p>November 1 - April 30: Sundays 9:00am</p>,Diocesan Parish,Diocesan,https://www.wallfahrt-kevelaer.de/gottesdienste/aktuelle-gottesdiensttermine,,,<p>May 1st - October 31st: Sundays 8:00am</p><p>November 1 - April 30: Sundays 9:00am</p>,,https://www.latinmass.com/find-latin-mass,2026-05-18T15:02:38.874520
St Antonius,"Gocher Str. 57, 47559 Kranenburg, Germany",,,,51.770566,6.023575,<p>Sundays &amp; Feast Days 8:30am</p>,Other,Other,https://www.antonius-kranenburg.de,,,<p>Sundays &amp; Feast Days 8:30am</p>,https://media.mapme.com/places/5252dbbc-f6ee-49a2-baa4-9ba7fb4cd361/gallery/66e985c4-7aa2-42f3-ac76-9e43d3da7b07.hd,https://www.latinmass.com/find-latin-mass,2026-05-18T15:02:38.874520
St Aegidii-Kirche,"Aegidiikirchpl. 4, 48143 Münster, Germany",,,,51.959418,7.624338,"<p>Sundays &amp; Feast Days 9:15am; Fri 6:00pm</p><p>(Corpus Christi, 1st Sun in July and 2nd Sunday in September 6:00 PM)<br></p><p><a href=""http://www.adjutorium.de/"" target=""_blank"" rel=""noopener noreferrer"">http://www.adjutorium.de/</a><br></p>",Diocesan Parish,Diocesan,,,,"<p>Sundays &amp; Feast Days 9:15am; Fri 6:00pm</p><p>(Corpus Christi, 1st Sun in July and 2nd Sunday in September 6:00 PM)<br></p><p><a href=""http://www.adjutorium.de/"" target=""_blank"" rel=""noopener noreferrer"">http://www.adjutorium.de/</a><br></p>",,https://www.latinmass.com/find-latin-mass,2026-05-18T15:02:38.874520
Maria Königin des Friedens,"Zum Töfatt 17, 49082 Osnabrück, Germany",,,,52.238648,8.02297,<p>Sun 9:00am</p>,Diocesan Parish,Diocesan,https://altemesseimnorden.de,,,<p>Sun 9:00am</p>,,https://www.latinmass.com/find-latin-mass,2026-05-18T15:02:38.874520
St Apollinaris,"Jan-Wellem-Straße 12, 51789 Lindlar, Germany",,,,51.045019,7.426045,"<p>Sun 5:30pm</p><p><a href=""http://www.maria-hilf-koeln.de/termine/weitere-termine/"" target=""_blank"" rel=""noopener noreferrer"">http://www.maria-hilf-koeln.de/termine/weitere-termine/</a><br></p>",FSSP,FSSP,,,,"<p>Sun 5:30pm</p><p><a href=""http://www.maria-hilf-koeln.de/termine/weitere-termine/"" target=""_blank"" rel=""noopener noreferrer"">http://www.maria-hilf-koeln.de/termine/weitere-termine/</a><br></p>",,https://www.latinmass.com/find-latin-mass,2026-05-18T15:02:38.874520
St Michael,"Rheinbacher Str., 53115 Bonn, Germany",,,,50.73037,7.081885,<p>Sundays &amp; Feast Days 6:00pm</p>,FSSP,FSSP,https://www.summorum-pontificum-bonn.com,,,<p>Sundays &amp; Feast Days 6:00pm</p>,,https://www.latinmass.com/find-latin-mass,2026-05-18T15:02:38.874520
Maria Hilf,"Rolandstraße 59, 50677 Köln, Germany",,,,50.918788,6.956898,"<p>Sundays &amp; Feast Days 10:00am; Mon 8:00am; Tues-Fri 6:30pm; Sat 9:00am</p><p><a href=""http://www.maria-hilf-koeln.de/termine/messordnung/"" target=""_blank"" rel=""noopener noreferrer"">http://www.maria-hilf-koeln.de/termine/messordnung/</a><br></p>",FSSP,FSSP,,,,"<p>Sundays &amp; Feast Days 10:00am; Mon 8:00am; Tues-Fri 6:30pm; Sat 9:00am</p><p><a href=""http://www.maria-hilf-koeln.de/termine/messordnung/"" target=""_blank"" rel=""noopener noreferrer"">http://www.maria-hilf-koeln.de/termine/messordnung/</a><br></p>",,https://www.latinmass.com/find-latin-mass,2026-05-18T15:02:38.874520
Dreifaltigkeitskirche,"Gonsenheimer Str. 41, 55257 Budenheim, Germany",,,,50.022376,8.175474,"<p>Sun 7:30am; Weekdays 7:30am</p><p><a href=""http://www.st-pankratius-budenheim.de/"" target=""_blank"" rel=""noopener noreferrer"">http://www.st-pankratius-budenheim.de/</a><br></p>",Diocesan Parish,Diocesan,,,,"<p>Sun 7:30am; Weekdays 7:30am</p><p><a href=""http://www.st-pankratius-budenheim.de/"" target=""_blank"" rel=""noopener noreferrer"">http://www.st-pankratius-budenheim.de/</a><br></p>",,https://www.latinmass.com/find-latin-mass,2026-05-18T15:02:38.874520
Herz-Jesu-Kirche des Klosters Bethlehem,"Hermannstraße 29, 56076 Koblenz, Germany",,,,50.343576,7.603825,"<p>Sundays &amp; Feast Days 9:30am</p><p><a href=""http://www.klosterbethlehem.de/"" target=""_blank"" rel=""noopener noreferrer"">http://www.klosterbethlehem.de/</a><br></p>",Other,Other,,,,"<p>Sundays &amp; Feast Days 9:30am</p><p><a href=""http://www.klosterbethlehem.de/"" target=""_blank"" rel=""noopener noreferrer"">http://www.klosterbethlehem.de/</a><br></p>",,https://www.latinmass.com/find-latin-mass,2026-05-18T15:02:38.874520
Kloster Maria Engelport,"56253 Treis-Karden, Germany",,,,50.125331,7.278404,"<p>Sundays &amp; Feast Days 8:15am, 10:00am, 12:00pm, 5:30pm; Weekdays 8:15am, 5:15pm</p><p><a href=""http://www.kloster-engelport.de/"" target=""_blank"" rel=""noopener noreferrer"">http://www.kloster-engelport.de/</a><br></p>",Institute of Christ the King,ICKSP,,,,"<p>Sundays &amp; Feast Days 8:15am, 10:00am, 12:00pm, 5:30pm; Weekdays 8:15am, 5:15pm</p><p><a href=""http://www.kloster-engelport.de/"" target=""_blank"" rel=""noopener noreferrer"">http://www.kloster-engelport.de/</a><br></p>",,https://www.latinmass.com/find-latin-mass,2026-05-18T15:02:38.874520
Schlosskirche Haus Assen,"Assenweg 1, 59510 Lippetal, Germany",,,,51.68096,8.07439,"<p>Sun 7:30am; Mon, Wed, Fri 7:00pm; Easter Sunday 10:00am</p>",Other,Other,https://www.haus-assen.de/gottesdienstzeiten.html,,,"<p>Sun 7:30am; Mon, Wed, Fri 7:00pm; Easter Sunday 10:00am</p>",,https://www.latinmass.com/find-latin-mass,2026-05-18T15:02:38.874520
Deutschordenskirche,"Brückenstraße 3, 60594 Frankfurt am Main, Germany",,,,50.10666,8.68863,"<p>Sundays &amp; Feast Days 8:30am, 6:00pm; Thurs 6:00pm; First Fridays 8:00pm; First Saturdays 5:00am</p>",Diocesan,Diocesan,https://www.altemesseffm.de,,,"<p>Sundays &amp; Feast Days 8:30am, 6:00pm; Thurs 6:00pm; First Fridays 8:00pm; First Saturdays 5:00am</p>",,https://www.latinmass.com/find-latin-mass,2026-05-18T15:02:38.874520
St Josef,"Uhlandstraße 15, 63741 Aschaffenburg, Germany",,,,49.983859,9.146604,<p>Sun 6:00pm; Mon 8:30am</p>,Other,Other,,,,<p>Sun 6:00pm; Mon 8:30am</p>,,https://www.latinmass.com/find-latin-mass,2026-05-18T15:02:38.874520
St Martin,"Riegelsberger Str. 170, 66346 Püttlingen, Germany",,,,49.296733,6.91423,"<p>Sundays &amp; Feast Days 8:00am, 9:45am, 4:00pm; Mon 9:00am; Tues 9:00am; Wed 9:00am; Thurs 6:00pm; Fri 6:00pm; Sat 9:00am</p>",Institute of Christ the King,ICKSP,https://institut-christus-koenig.de/koellerbach,,,"<p>Sundays &amp; Feast Days 8:00am, 9:45am, 4:00pm; Mon 9:00am; Tues 9:00am; Wed 9:00am; Thurs 6:00pm; Fri 6:00pm; Sat 9:00am</p>",,https://www.latinmass.com/find-latin-mass,2026-05-18T15:02:38.874520
St Petrus Canisius,"Stiftstraße 18, 66740 Saarlouis, Germany",,,,49.315535,6.753917,"<p>Sundays &amp; Feast Days 10:00am, 6:00pm; Mon 6:30pm; Tues 6:30pm; Wed 8:00am; Thurs 6:30pm; Fri 6:30pm; Sat 3:00pm</p><p><a href=""http://petrusbruderschaft.de/pages/wo-wir-sind/deutschland/niederlassungen/saarlouis/messzeiten.php"" target=""_blank"" rel=""noopener noreferrer"">http://petrusbruderschaft.de/pages/wo-wir-sind/deutschland/niederlassungen/saarlouis/messzeiten.php</a><br></p>",FSSP,FSSP,,,,"<p>Sundays &amp; Feast Days 10:00am, 6:00pm; Mon 6:30pm; Tues 6:30pm; Wed 8:00am; Thurs 6:30pm; Fri 6:30pm; Sat 3:00pm</p><p><a href=""http://petrusbruderschaft.de/pages/wo-wir-sind/deutschland/niederlassungen/saarlouis/messzeiten.php"" target=""_blank"" rel=""noopener noreferrer"">http://petrusbruderschaft.de/pages/wo-wir-sind/deutschland/niederlassungen/saarlouis/messzeiten.php</a><br></p>",,https://www.latinmass.com/find-latin-mass,2026-05-18T15:02:38.874520
Stiftskirche St Ägidius,"Marktpl., 67433 Neustadt an der Weinstraße, Germany",,,,49.353554,8.136345,<p>Sundays &amp; Feast Days 11:00am; Thurs 7:00pm; First Fridays 7:00pm</p>,Diocesan Parish,Diocesan,https://salve-regina.hpage.com,,,<p>Sundays &amp; Feast Days 11:00am; Thurs 7:00pm; First Fridays 7:00pm</p>,,https://www.latinmass.com/find-latin-mass,2026-05-18T15:02:38.874520
Kapelle St Marien,"Steinklingener Str. 24, 69469 Weinheim, Germany",,,,49.510398,8.732786,"<p>Sundays &amp; Feast Days 8:30am, 10:00am; Mon 6:30pm; Tues 6:30pm; Wed 8:00am; Thurs 6:30pm; Fri 6:30pm; Sat 8:00am; First Saturdays 6:30pm</p>",FSSP,FSSP,https://petrusbruderschaft.de/pages/wo-wir-sind/deutschland/niederlassungen/oberflockenbach/messordnungtermine.php,,,"<p>Sundays &amp; Feast Days 8:30am, 10:00am; Mon 6:30pm; Tues 6:30pm; Wed 8:00am; Thurs 6:30pm; Fri 6:30pm; Sat 8:00am; First Saturdays 6:30pm</p>",,https://www.latinmass.com/find-latin-mass,2026-05-18T15:02:38.874520
St Albert,"Wollinstraße 55, 70439 Stuttgart, Germany",,,,48.839681,9.146435,"<p>Sundays &amp; Feast Days 8:00am, 9:30am; Mon-Fri 6:30pm; Sat 8:30am; First Sundays 11:30am<br></p>",FSSP,FSSP,https://petrusbruderschaft.de/pages/wo-wir-sind/deutschland/niederlassungen/stuttgart/home.php,,,"<p>Sundays &amp; Feast Days 8:00am, 9:30am; Mon-Fri 6:30pm; Sat 8:30am; First Sundays 11:30am<br></p>",,https://www.latinmass.com/find-latin-mass,2026-05-18T15:02:38.874520
Frauenkirche,"Spitalstraße 1, 74172 Neckarsulm, Germany",,,,49.195013,9.226102,"<p>Sundays &amp; Feast Days 8:00am, 10:00am; Mon 8:00am; Tues 8:00am; Wed 7:00pm; Thurs 7:00pm; Fri 7:00pm; Sat 8:00am</p><p><a href=""http://petrusbruderschaft.de/pages/wo-wir-sind/deutschland/niederlassungen/neckarsulm/home.php"" target=""_blank"" rel=""noopener noreferrer"">http://petrusbruderschaft.de/pages/wo-wir-sind/deutschland/niederlassungen/neckarsulm/home.php</a><br></p>",FSSP,FSSP,,,,"<p>Sundays &amp; Feast Days 8:00am, 10:00am; Mon 8:00am; Tues 8:00am; Wed 7:00pm; Thurs 7:00pm; Fri 7:00pm; Sat 8:00am</p><p><a href=""http://petrusbruderschaft.de/pages/wo-wir-sind/deutschland/niederlassungen/neckarsulm/home.php"" target=""_blank"" rel=""noopener noreferrer"">http://petrusbruderschaft.de/pages/wo-wir-sind/deutschland/niederlassungen/neckarsulm/home.php</a><br></p>",,https://www.latinmass.com/find-latin-mass,2026-05-18T15:02:38.874520
Hl. Geist,"Münchener Str. 2, 82362 Weilheim in Oberbayern, Germany",,,,47.841425,11.143287,<p>Sundays &amp; Feast Days 9:00am; Wed &amp; Fri 6:15pm</p>,Diocesan Parish,Diocesan,https://www.pfarreien-weilheim.de/gottesdienste,,,<p>Sundays &amp; Feast Days 9:00am; Wed &amp; Fri 6:15pm</p>,,https://www.latinmass.com/find-latin-mass,2026-05-18T15:02:38.874520
St Sebastian,"Münchner Str. 1, 82467 Garmisch-Partenkirchen, Germany",,,,47.495642,11.108258,<p>1st Sunday 6:00pm</p>,FSSP,FSSP,https://petrusbruderschaft.de/pages/wo-wir-sind/deutschland/niederlassungen/muenchen/garmisch-partenkirchen.php,,,<p>1st Sunday 6:00pm</p>,,https://www.latinmass.com/find-latin-mass,2026-05-18T15:02:38.874520
Kapelle der St Josef Kinderbetreuungseinrichtung,"Salinenstraße 2, 83278 Traunstein, Germany",,,,47.866604,12.64516,<p>Sundays &amp; Feast Days 8:00am</p>,Institute of Christ the King,ICKSP,https://institut-christus-koenig.de/erzdiozese-muenchen-freising,,,<p>Sundays &amp; Feast Days 8:00am</p>,,https://www.latinmass.com/find-latin-mass,2026-05-18T15:02:38.874520
St Ägidius,"Poststraße 18, 83435 Bad Reichenhall, Germany",,,,47.722947,12.87657,<p>Sundays &amp; Feast Days 10:15am; Mon 6:30pm; Thurs 6:30pm; Sat 8:30am; First Fridays 6:30pm</p>,Institute of Christ the King,ICKSP,https://institut-christus-koenig.de/bad-reichenhall,,,<p>Sundays &amp; Feast Days 10:15am; Mon 6:30pm; Thurs 6:30pm; Sat 8:30am; First Fridays 6:30pm</p>,https://media.mapme.com/places/a8dd8b75-f2ce-4dd5-b8d7-27dfd49b339e/gallery/cb50d8a8-3043-4a05-82a4-3664d642e2e0.hd,https://www.latinmass.com/find-latin-mass,2026-05-18T15:02:38.874520
St Michael,"Neuöttinger Str. 24, 84503 Altötting, Germany",,,,48.228005,12.678987,<p>Sundays &amp; Feast Days 5:00pm; First Saturdays 12:00pm</p>,Institute of Christ the King,ICKSP,https://institut-christus-koenig.de/diozese-passau,,,<p>Sundays &amp; Feast Days 5:00pm; First Saturdays 12:00pm</p>,,https://www.latinmass.com/find-latin-mass,2026-05-18T15:02:38.874520
St Willibald,"Dorfpl. 4, 85055 Ingolstadt, Germany",,,,48.795326,11.439683,<p>Sundays &amp; Feast Days 10:00am</p>,FSSP,FSSP,https://petrusbruderschaft.de/pages/wo-wir-sind/deutschland/niederlassungen/bettbrunn/messzeiten.php,,,<p>Sundays &amp; Feast Days 10:00am</p>,,https://www.latinmass.com/find-latin-mass,2026-05-18T15:02:38.874520
Heilig-Kreuz-Kirche,"Kapuzinergasse 2, 85072 Eichstätt, Germany",,,,48.890191,11.190947,<p>Sundays &amp; Feast Days 7:00pm; Tues 5:00pm; Thurs 4:30pm</p>,FSSP,FSSP,https://petrusbruderschaft.de/pages/wo-wir-sind/deutschland/niederlassungen/bettbrunn/messzeiten,,,<p>Sundays &amp; Feast Days 7:00pm; Tues 5:00pm; Thurs 4:30pm</p>,,https://www.latinmass.com/find-latin-mass,2026-05-18T15:02:38.874520
St Margareth am Milchberg,"Spitalgasse 1, 86150 Augsburg, Germany",,,,48.361712,10.90312,"<p>Sun 10:00am (High);&nbsp;<span style=""font-size: 1rem; color: rgba(var(--v-theme-on-surface),var(--v-high-emphasis-opacity));"">Mon, Tue, Wed, Sat 8:00am;&nbsp;</span><span style=""font-size: 1rem; color: rgba(var(--v-theme-on-surface),var(--v-high-emphasis-opacity));"">Thu, Fri 6:00 pm</span></p>",FSSP,FSSP,https://petrusbruderschaft.de/pages/wo-wir-sind/deutschland/niederlassungen/augsburg/gottesdienstordnung.php,,,"<p>Sun 10:00am (High);&nbsp;<span style=""font-size: 1rem; color: rgba(var(--v-theme-on-surface),var(--v-high-emphasis-opacity));"">Mon, Tue, Wed, Sat 8:00am;&nbsp;</span><span style=""font-size: 1rem; color: rgba(var(--v-theme-on-surface),var(--v-high-emphasis-opacity));"">Thu, Fri 6:00 pm</span></p>",,https://www.latinmass.com/find-latin-mass,2026-05-18T15:02:38.874520
Wallfahrtskirche Maria Vesperbild (Maria Schmerzen),"Maria Vesperbild, 86473 Ziemetshausen, Germany",,,,48.279992,10.542472,"<p>Sundays &amp; Feast Days 5:30pm; Thurs 7:15pm; Fri 9:15pm</p><p><a href=""http://www.maria-vesperbild.de/"" target=""_blank"" rel=""noopener noreferrer"">http://www.maria-vesperbild.de/</a><br></p>",Other,Other,,,,"<p>Sundays &amp; Feast Days 5:30pm; Thurs 7:15pm; Fri 9:15pm</p><p><a href=""http://www.maria-vesperbild.de/"" target=""_blank"" rel=""noopener noreferrer"">http://www.maria-vesperbild.de/</a><br></p>",,https://www.latinmass.com/find-latin-mass,2026-05-18T15:02:38.874520
St Justina,"Hauptstraße 23, 86825 Bad Wörishofen, Germany",,,,48.004472,10.594141,"<p>Sundays &amp; Feast Days 5:00pm</p><p><a href=""http://tuerkheim.petrusbruderschaft.de/"" target=""_blank"" rel=""noopener noreferrer"">http://tuerkheim.petrusbruderschaft.de/</a><br></p>",FSSP,FSSP,,,,"<p>Sundays &amp; Feast Days 5:00pm</p><p><a href=""http://tuerkheim.petrusbruderschaft.de/"" target=""_blank"" rel=""noopener noreferrer"">http://tuerkheim.petrusbruderschaft.de/</a><br></p>",,https://www.latinmass.com/find-latin-mass,2026-05-18T15:02:38.874520
Kapuzinerkirche Maria Unbefleckte Empfängnis,"Grabenstraße 2, 86842 Türkheim, Germany",,,,48.059675,10.640189,<p>Sundays &amp; Feast Days 9:00am (8:00am in July &amp; August); Mon 7:00am; Tues 7:00am; Wed 7:00pm; Thurs 7:00pm; Fri 7:00pm; Sat 7:45am</p>,FSSP,FSSP,https://petrusbruderschaft.de/pages/wo-wir-sind/deutschland/niederlassungen/tuerkheim/gottesdienstzeiten.php,,,<p>Sundays &amp; Feast Days 9:00am (8:00am in July &amp; August); Mon 7:00am; Tues 7:00am; Wed 7:00pm; Thurs 7:00pm; Fri 7:00pm; Sat 7:45am</p>,,https://www.latinmass.com/find-latin-mass,2026-05-18T15:02:38.874520
Schloßkapelle (Castle Chappel),"Pappenheimerstraße 1, 87730 Bad Grönenbach, Germany",,,,47.875869,10.217183,<p>Sundays &amp; Feast Days 10:00am</p>,FSSP,FSSP,https://petrusbruderschaft.de/pages/wo-wir-sind/deutschland/niederlassungen/tuerkheim/gottesdienstzeiten.php,,,<p>Sundays &amp; Feast Days 10:00am</p>,,https://www.latinmass.com/find-latin-mass,2026-05-18T15:02:38.874520
Sühnekirche,"Kirchstraße 11, 88145 Opfenbach, Germany",,,,47.642623,9.834541,"<p>Sundays &amp; Feast Days 7:55am, 5:15pm; Weekdays 6:30am, 5:15pm</p>",FSSP,FSSP,https://petrusbruderschaft.de/pages/wo-wir-sind/deutschland/niederlassungen/priesterseminar/gottesdienstordnung.php,,,"<p>Sundays &amp; Feast Days 7:55am, 5:15pm; Weekdays 6:30am, 5:15pm</p>",,https://www.latinmass.com/find-latin-mass,2026-05-18T15:02:38.874520
Maria Mutter der Kirche,"Marienfriedstraße 62, 89284 Pfaffenhofen an der Roth, Germany",,,,48.350419,10.175672,"<p>Sundays &amp; Feast Days 11:30<br><br>3rd Sunday in July (""Great Day Prayer""): 12 midnight (outdoor altar, High); 4pm ()<br></p><p><a href=""http://www.marienfried.de/"" target=""_blank"" rel=""noopener noreferrer"">http://www.marienfried.de/</a><br></p>",Other,Other,,,,"<p>Sundays &amp; Feast Days 11:30<br><br>3rd Sunday in July (""Great Day Prayer""): 12 midnight (outdoor altar, High); 4pm ()<br></p><p><a href=""http://www.marienfried.de/"" target=""_blank"" rel=""noopener noreferrer"">http://www.marienfried.de/</a><br></p>",,https://www.latinmass.com/find-latin-mass,2026-05-18T15:02:38.874520
Kapelle Unsere Liebe Frau,"An d. Kapell, 91180 Heideck, Germany",,,,49.133726,11.125792,<p>Sun 6:00pm</p>,Diocesan Parish,Diocesan,https://heideck.bistum-eichstaett.de/gottesdienstordnung/calendar/location/tx_cal_location/kapell-heideck,,,<p>Sun 6:00pm</p>,,https://www.latinmass.com/find-latin-mass,2026-05-18T15:02:38.874520
St Jobstkirche am Friedhof,"Regensburger Str., 92318 Neumarkt in der Oberpfalz, Germany",,,,49.26796,11.47166,"<p>Sundays &amp; Feast Days 10:00am, 11:15am</p><p><a href=""http://www.st-johannes-neumarkt.de/index.php/filialkirchen/st-jobst"" target=""_blank"" rel=""noopener noreferrer"">http://www.st-johannes-neumarkt.de/index.php/filialkirchen/st-jobst</a><br></p>",Diocesan Parish,Diocesan,,,,"<p>Sundays &amp; Feast Days 10:00am, 11:15am</p><p><a href=""http://www.st-johannes-neumarkt.de/index.php/filialkirchen/st-jobst"" target=""_blank"" rel=""noopener noreferrer"">http://www.st-johannes-neumarkt.de/index.php/filialkirchen/st-jobst</a><br></p>",,https://www.latinmass.com/find-latin-mass,2026-05-18T15:02:38.874520
Haus St Stola,"An d. Leiten 2, 92364 Deining, Germany",,,,49.213263,11.552147,<p>Sundays &amp; Feast Days 6:00pm; Tues 6:00pm; Wed 6:00pm; Thurs 6:00pm; Sat 8:00am</p>,FSSP,FSSP,https://petrusbruderschaft.de/pages/wo-wir-sind/deutschland/messorte.php,,,<p>Sundays &amp; Feast Days 6:00pm; Tues 6:00pm; Wed 6:00pm; Thurs 6:00pm; Sat 8:00am</p>,,https://www.latinmass.com/find-latin-mass,2026-05-18T15:02:38.874520
St Ägid,"Ägidienpl. 5, 93047 Regensburg, Germany",,,,49.017096,12.090347,<p>Sundays &amp; Feast Days 5:00pm</p>,Diocesan Parish,Diocesan,https://www.roemische-messe-regensburg.de/cms/?page_id=22#AEG,,,<p>Sundays &amp; Feast Days 5:00pm</p>,,https://www.latinmass.com/find-latin-mass,2026-05-18T15:02:38.874520
Studienkirche St. Michael,"Schustergasse 14, 94032 Passau, Germany",,,,48.573687,13.469889,<p>Sundays &amp; Feast Days 7:00pm</p>,Diocesan,Diocesan,,,,<p>Sundays &amp; Feast Days 7:00pm</p>,,https://www.latinmass.com/find-latin-mass,2026-05-18T15:02:38.874520
Privatkapelle,"Marktstraße 11, 94065 Waldkirchen, Germany",,,,48.737908,13.595433,<p>Sundays &amp; Feast Days 8:30am; Weekdays 6:15am</p>,Other,Other,,,,<p>Sundays &amp; Feast Days 8:30am; Weekdays 6:15am</p>,,https://www.latinmass.com/find-latin-mass,2026-05-18T15:02:38.874520
Oratorium Vierzehn Heilige Nothelfer,"Semmelstraße 12, 97070 Würzburg, Germany",,,,49.796604,9.935942,<p>Sundays &amp; Feast Days 9:30am; First Fridays 6:30pm; First Saturdays 9:00am</p>,Other,Other,https://www.gocath.org/veranstaltungsort/oratorium-vierzehn-heilige-nothelfer-messbund-wuerzburg,,,<p>Sundays &amp; Feast Days 9:30am; First Fridays 6:30pm; First Saturdays 9:00am</p>,,https://www.latinmass.com/find-latin-mass,2026-05-18T15:02:38.874520
Filial of Mother of God of the Rosary,"Żniwna 7, 11-041 Olsztyn, Poland",,,,53.766424,20.422943,<p>Sun 11:00am; Daily 7:00am</p>,Diocesan Parish,Diocesan,https://www.facebook.com/tradycjawarmia/?locale=pl_PL,,,<p>Sun 11:00am; Daily 7:00am</p>,,https://www.latinmass.com/find-latin-mass,2026-05-18T15:02:38.874520
Holy Cross,"3 Maja 20, 35-030 Rzeszów, Poland",,,,50.035567,22.000819,"<p>Sun 3:00pm (High)</p><p><a href=""http://tradsi.blogspot.com/"" target=""_blank"" rel=""noopener noreferrer"">http://tradsi.blogspot.com/</a><br></p>",Diocesan Parish,Diocesan,,,,"<p>Sun 3:00pm (High)</p><p><a href=""http://tradsi.blogspot.com/"" target=""_blank"" rel=""noopener noreferrer"">http://tradsi.blogspot.com/</a><br></p>",https://media.mapme.com/places/40124156-b6d7-4d7e-a178-5bf70aae6ba3/gallery/590eaa3c-4a1b-4a63-badd-f33e3aec7bc0.hd,https://www.latinmass.com/find-latin-mass,2026-05-18T15:02:38.874520
Holy Spirit,"Krakowska 30, 41-902 Bytom, Poland",,,,50.345881,18.927866,<p>Sun 10:00am (High)</p>,Diocesan Parish,Diocesan,https://vetusordo.pl,,,<p>Sun 10:00am (High)</p>,,https://www.latinmass.com/find-latin-mass,2026-05-18T15:02:38.874520
St Anne Parish,"3 Maja 18, 41-800 Zabrze, Poland",,,,50.30007,18.789474,"<p>Sun 6:30pm</p><p><a href=""http://www.tradycja.org/"" target=""_blank"" rel=""noopener noreferrer"">http://www.tradycja.org/</a><br></p>",Diocesan Parish,Diocesan,,,,"<p>Sun 6:30pm</p><p><a href=""http://www.tradycja.org/"" target=""_blank"" rel=""noopener noreferrer"">http://www.tradycja.org/</a><br></p>",,https://www.latinmass.com/find-latin-mass,2026-05-18T15:02:38.874520
St Bartholomew (Old),"Toszecka 38, 44-102 Gliwice, Poland",,,,50.311068,18.669703,"<p>Sun 9:00am</p><p><a href=""http://www.tradycja.org/"" target=""_blank"" rel=""noopener noreferrer"">http://www.tradycja.org/</a><br></p>",Diocesan Parish,Diocesan,,,,"<p>Sun 9:00am</p><p><a href=""http://www.tradycja.org/"" target=""_blank"" rel=""noopener noreferrer"">http://www.tradycja.org/</a><br></p>",,https://www.latinmass.com/find-latin-mass,2026-05-18T15:02:38.874520
Filial Church of St John the Baptist,"Kościelna 42, 42-286 Brusiek, Poland",,,,50.58123,18.81089,"<p>Sun 1:15pm</p><p><a href=""http://www.tradycja.org/"" target=""_blank"" rel=""noopener noreferrer"">http://www.tradycja.org/</a><br></p>",Diocesan Parish,Diocesan,,,,"<p>Sun 1:15pm</p><p><a href=""http://www.tradycja.org/"" target=""_blank"" rel=""noopener noreferrer"">http://www.tradycja.org/</a><br></p>",,https://www.latinmass.com/find-latin-mass,2026-05-18T15:02:38.874520
Holy Trinity,"plac Kazimierza Wielkiego, 26-610 Radom, Poland",,,,51.402717,21.147147,<p>Sun 3:00pm</p>,Diocesan Parish,Diocesan,https://tradycjakatolicka.radom.pl,,,<p>Sun 3:00pm</p>,,https://www.latinmass.com/find-latin-mass,2026-05-18T15:02:38.874520
Holy Heart of Jesus,"plac Piastowski 5, 85-012 Bydgoszcz, Poland",,,,53.131971,17.998166,<p>Sun 2:00pm</p>,Diocesan Parish,Diocesan,https://www.liturgia.bydgoszcz.pl,,,<p>Sun 2:00pm</p>,,https://www.latinmass.com/find-latin-mass,2026-05-18T15:02:38.874520
Assumption of the Blessed Virgin Mary,"Jana Pawła II 28, 07-221 Brańszczyk, Poland",,,,52.626759,21.585624,<p>Sun 6:00pm</p>,Diocesan Parish,Diocesan,https://tridentina-wyszkow.blogspot.com/2019/01/miejsce-i-czas-celebracji-mszy-swietej.html,,,<p>Sun 6:00pm</p>,,https://www.latinmass.com/find-latin-mass,2026-05-18T15:02:38.874520
"St Mary, Queen of Heaven","1043 Isabella St, Linwood, ON N0B 2A0, Canada",,,,43.580836,-80.72495,<p>Sun 9:00am (High); Tues 7:00pm; Wed 9:00am; Thurs 7:00pm; Fri 9:00am; Sat 9:00am; First Fridays additional Mass at 7:00pm</p>,Diocesan Parish,Diocesan,https://stmaryslmc.ca,,,<p>Sun 9:00am (High); Tues 7:00pm; Wed 9:00am; Thurs 7:00pm; Fri 9:00am; Sat 9:00am; First Fridays additional Mass at 7:00pm</p>,https://media.mapme.com/places/b6998918-e40c-415d-8ba1-fe02ac6dfb3b/gallery/709561a0-cb9e-47af-8cd6-67f69222e512.hd,https://www.latinmass.com/find-latin-mass,2026-05-18T15:02:38.874520
St Joseph Catholic,"High W St, Gateshead NE8 1LX, UK",,,,54.960808,-1.602794,<p>Sun 12:00pm (High)</p>,Diocesan Parish,Diocesan,https://www.stjosephscatholicgateshead.org.uk,,,<p>Sun 12:00pm (High)</p>,https://media.mapme.com/places/858ecfd8-d09e-4dbe-865e-ad98a60620ed/gallery/81cf1189-c233-4874-8d82-7239d87fc1b6.hd,https://www.latinmass.com/find-latin-mass,2026-05-18T15:02:38.874520
Holy Name of Jesus,"Gladstone Terrace W, Gateshead NE8, UK",,,,54.954915,-1.604083,<p>Sun 6:00pm</p>,SSPX,SSPX,https://fsspx.uk/en/community/priories/gateshead-10725,,,<p>Sun 6:00pm</p>,https://media.mapme.com/places/3772800c-753b-4e1b-972a-5c057acacb7b/gallery/2b191f3f-77b6-496e-b97f-93c93244ddf6.hd,https://www.latinmass.com/find-latin-mass,2026-05-18T15:02:38.874520
Our Lady of Lourdes,"1113 Oxley Rd, Oxley QLD 4075, Australia",,,,-27.560712,152.97799,"<p>Sun 7:00am, 9:30am (High); Sat 8:00am</p>",SSPX,SSPX,https://sspx.com.au/en/our-lady-lourdes--priory,,,"<p>Sun 7:00am, 9:30am (High); Sat 8:00am</p>",https://media.mapme.com/places/de2bc24e-b7af-4d60-a6db-b73ba7685ae2/gallery/1d8cf9e8-e3d2-4be1-a041-3fe8c88164a6.hd,https://www.latinmass.com/find-latin-mass,2026-05-18T15:02:38.874520
Corpus Christi,"15 Granite Ln, Tynong VIC 3813, Australia",,,,-38.071986,145.629389,"<p>Sun 8:00am, 10:00am (High); Sat 8:00am, 11:00am</p>",SSPX,SSPX,https://sspx.com.au/en/corpus-christi-,,,"<p>Sun 8:00am, 10:00am (High); Sat 8:00am, 11:00am</p>",https://media.mapme.com/places/c657743e-a541-4fec-b769-16bfd6a9fc3d/gallery/9a7d791f-9068-47bd-9731-2a706fe70dcb.hd,https://www.latinmass.com/find-latin-mass,2026-05-18T15:02:38.874520
St Anne,"Zacisze 17, 34-400 Nowy Targ, Poland",,,,49.486353,20.028006,<p>Sun 8:00am</p>,FSSP,FSSP,https://fssp.pl,,,<p>Sun 8:00am</p>,,https://www.latinmass.com/find-latin-mass,2026-05-18T15:02:38.874520
St Jacob,"Niepodległości 52, 32-400 Myślenice, Poland",,,,49.828296,19.939042,<p>Sun 11:30am</p>,FSSP,FSSP,https://fssp.pl,,,<p>Sun 11:30am</p>,https://media.mapme.com/places/84ab48be-f365-4d9b-b6c2-774354b9bf25/gallery/9a07f7bd-5263-41da-8742-c6bb24652512.hd,https://www.latinmass.com/find-latin-mass,2026-05-18T15:02:38.874520
Our Lady of Częstochowa Chapel,"Juliana Tuwima 62, 43-300 Bielsko-Biała, Poland",,,,49.810565,19.066731,<p>Sun 3:15pm</p>,Diocesan Parish,Diocesan,https://tridentina-bielsko.blogspot.com,,,<p>Sun 3:15pm</p>,,https://www.latinmass.com/find-latin-mass,2026-05-18T15:02:38.874520
All Saints Chapel,"Żubardzka 28, 91-022 Łódź, Poland",,,,51.787531,19.412302,<p>Sun 11:00am (High)&nbsp;</p><p>Mass is at 4:00pm during July &amp; August</p>,Diocesan Parish,Diocesan,https://www.tradycjalodz.com,,,<p>Sun 11:00am (High)&nbsp;</p><p>Mass is at 4:00pm during July &amp; August</p>,,https://www.latinmass.com/find-latin-mass,2026-05-18T15:02:38.874520
Chapel in St Jadwiga Parish,"Kossobudzkiego 10, 09-400 Płock, Poland",,,,52.5583,19.6908,<p>Sun 10:00am</p>,Diocesan Parish,Diocesan,https://www.facebook.com/MszaTrydenckaWPlocku/photos/a.536021483094245/1611808595515523/?type=3&theater,,,<p>Sun 10:00am</p>,,https://www.latinmass.com/find-latin-mass,2026-05-18T15:02:38.874520
St Stanislaus,"Żeromskiego 19, 87-810 Włocławek, Poland",,,,52.648169,19.056636,<p>Sun 3:00pm (High)</p>,Diocesan Parish,Diocesan,https://www.facebook.com/trydentwloclawek,,,<p>Sun 3:00pm (High)</p>,,https://www.latinmass.com/find-latin-mass,2026-05-18T15:02:38.874520
Our Lady of Częstochowa Lower,"Piotra Skargi 24, 05-420 Józefów, Poland",,,,52.138384,21.226561,<p>Sun 3:00pm</p>,Diocesan Parish,Diocesan,https://www.facebook.com/mszawjozefowie,,,<p>Sun 3:00pm</p>,,https://www.latinmass.com/find-latin-mass,2026-05-18T15:02:38.874520
St Wojciech and Stanislaus,"Kolegialna 2, 62-800 Kalisz, Poland",,,,51.762709,18.092382,"<p>Sun 1:30pm</p><p><a href=""http://mszatrydenckakalisz.pl/"" target=""_blank"" rel=""noopener noreferrer"">http://mszatrydenckakalisz.pl/</a><br></p>",Diocesan Parish,Diocesan,,,,"<p>Sun 1:30pm</p><p><a href=""http://mszatrydenckakalisz.pl/"" target=""_blank"" rel=""noopener noreferrer"">http://mszatrydenckakalisz.pl/</a><br></p>",,https://www.latinmass.com/find-latin-mass,2026-05-18T15:02:38.874520
Parish of Corpus Christi Roman Catholic Diocese of Lomza,"Przykoszarowa 26, 18-403 Łomża, Poland",,,,53.156412,22.066391,<p>Sun 2:00pm</p>,Diocesan Parish,Diocesan,https://www.facebook.com/tradycja.lomza/?locale=pl_PL,,,<p>Sun 2:00pm</p>,,https://www.latinmass.com/find-latin-mass,2026-05-18T15:02:38.874520
Capuchin of St Anthony,"Gabriela Narutowicza 37, 21-500 Biała Podlaska, Poland",,,,52.031697,23.120656,"<p>Sun 1:30pm</p><p><a href=""http://www.antoni-kapucyni.pl/"" target=""_blank"" rel=""noopener noreferrer"">http://www.antoni-kapucyni.pl/</a><br></p>",Diocesan Parish,Diocesan,,,,"<p>Sun 1:30pm</p><p><a href=""http://www.antoni-kapucyni.pl/"" target=""_blank"" rel=""noopener noreferrer"">http://www.antoni-kapucyni.pl/</a><br></p>",,https://www.latinmass.com/find-latin-mass,2026-05-18T15:02:38.874520
St Stanislaus Jesuit High School,"Tatrzańska 35, 81-313 Gdynia, Poland",,,,54.515382,18.525442,<p>Sun 10:00am</p>,High School - Diocesan,Diocesan,https://jezuici.edu.pl,,,<p>Sun 10:00am</p>,,https://www.latinmass.com/find-latin-mass,2026-05-18T15:02:38.874520
Holy Cross,"Kasztanowa 3, 66-416 Wojcieszyce, Poland",,,,52.793606,15.270664,"<p>Sun 3:00pm</p><p><a href=""http://mszatrydencka-lubuskie.pl/"" target=""_blank"" rel=""noopener noreferrer"">http://mszatrydencka-lubuskie.pl/</a><br></p>",FSSP,FSSP,,,,"<p>Sun 3:00pm</p><p><a href=""http://mszatrydencka-lubuskie.pl/"" target=""_blank"" rel=""noopener noreferrer"">http://mszatrydencka-lubuskie.pl/</a><br></p>",,https://www.latinmass.com/find-latin-mass,2026-05-18T15:02:38.874520
Bürgerspitalkirche,"Lidmanskygasse 20, 9020 Klagenfurt am Wörthersee, Austria",,,,46.622393,14.311627,<p>Sun 4:30pm</p>,Diocesan Parish,Diocesan,https://www.kath-kirche-kaernten.at/pfarren/detail/C3075/gottesdienste11,,,<p>Sun 4:30pm</p>,https://media.mapme.com/places/cfbc9e82-2e8c-4f84-8751-15e5c4a6a0a1/gallery/49d1fe92-4f72-4d74-930f-bcb8720b2aa8.hd,https://www.latinmass.com/find-latin-mass,2026-05-18T15:02:38.874520
Holiest Saviour Lower,"al. Niepodległości 28, 65-048 Zielona Góra, Poland",,,,51.943143,15.510931,<p>Sun 9:00am</p><p>See website for changes in Mass times</p>,Diocesan Parish,Diocesan,https://www.msza.zgora.pl,,,<p>Sun 9:00am</p><p>See website for changes in Mass times</p>,https://media.mapme.com/places/f5826dc1-41a8-4d31-874e-cec380848e6e/gallery/c214ab15-eeda-4fff-9d82-718bc34e94f6.hd,https://www.latinmass.com/find-latin-mass,2026-05-18T15:02:38.874520
Chapel of St Emma of Gurk,"Villacher Ring 5, 9020 Klagenfurt am Wörthersee, Austria",,,,46.62136,14.303428,"<p>Sun 8:00am, 10:00am (High)</p>",SSPX,SSPX,https://www.fsspx.at/de/kapelle-st-hemma-von-gurk,,,"<p>Sun 8:00am, 10:00am (High)</p>",,https://www.latinmass.com/find-latin-mass,2026-05-18T15:02:38.874520
St Thomas Aquinas,"Kalvarienbergstraße 77, 8020 Graz, Austria",,,,47.087308,15.418696,<p>Sun 9:00am (High); Sat 5:00pm&nbsp;</p><p>Please see website for changes in Mass times</p>,SSPX,SSPX,https://fsspx.today/chapel/graz/info/,,,<p>Sun 9:00am (High); Sat 5:00pm&nbsp;</p><p>Please see website for changes in Mass times</p>,,https://www.latinmass.com/find-latin-mass,2026-05-18T15:02:38.874520
Beata Vergine del Rosario,"Piazza Vecchia, 34121 Trieste TS, Italy",,,,45.64945,13.770502,<p>Sat 7:00pm; First Fridays 7:00pm; Advent weekdays 7:00am</p>,Diocesan Parish,Diocesan,https://beataverginedelrosariotrieste.it/agenda,,,<p>Sat 7:00pm; First Fridays 7:00pm; Advent weekdays 7:00am</p>,,https://www.latinmass.com/find-latin-mass,2026-05-18T15:02:38.874520
Chiesa di S. Bernardino da Siena,"Via Giuseppe Ellero, 33100 Udine UD, Italy",,,,46.062205,13.242132,<p>2nd &amp; 4th Sun &amp; Holy Days of Obligation 18.00 (High)</p>,Diocesan Parish,Diocesan,https://liturgiatradizionalefriuli.blogspot.com/?m=1,,,<p>2nd &amp; 4th Sun &amp; Holy Days of Obligation 18.00 (High)</p>,,https://www.latinmass.com/find-latin-mass,2026-05-18T15:02:38.874520
St Joseph Jesuit,"Szeged, Dáni u. 3, 6722 Hungary",,,,46.251904,20.143587,<p>Sun 4:30pm</p>,Other,Other,https://szentgyorgyalapitvany.blogspot.com,,,<p>Sun 4:30pm</p>,,https://www.latinmass.com/find-latin-mass,2026-05-18T15:02:38.874520
Holy Spirit and Annunciation Norbertine,"Gödöllő, Fácán sor 3, 2100 Hungary",,,,47.590049,19.361928,<p>Sun 6:00pm</p>,Other,Other,https://plebania.premontrei.hu/godollo/liturgiarend,,,<p>Sun 6:00pm</p>,,https://www.latinmass.com/find-latin-mass,2026-05-18T15:02:38.874520
Chapel of Marian Apparition,"Kościelna 1, 05-334 Wielgolas, Poland",,,,52.03891,21.708445,"<p>Sun 3:30pm (frequent changes in Mass time, see website)</p><p><a href=""http://sanctamissawielgolas.blogspot.com/"" target=""_blank"" rel=""noopener noreferrer"">http://sanctamissawielgolas.blogspot.com/</a><br></p>",Diocesan Parish,Diocesan,,,,"<p>Sun 3:30pm (frequent changes in Mass time, see website)</p><p><a href=""http://sanctamissawielgolas.blogspot.com/"" target=""_blank"" rel=""noopener noreferrer"">http://sanctamissawielgolas.blogspot.com/</a><br></p>",,https://www.latinmass.com/find-latin-mass,2026-05-18T15:02:38.874520
Visitation of the Blessed Virgin Mary,"Krakowskie Przedmieście 29, 97-300 Piotrków Trybunalski, Poland",,,,51.402071,19.697078,<p>Sun 3:00pm</p>,Diocesan Parish,Diocesan,https://www.facebook.com/profile.php?id=100064632073796,,,<p>Sun 3:00pm</p>,,https://www.latinmass.com/find-latin-mass,2026-05-18T15:02:38.874520
St Anne Chapel,"3 Cole Place, Te Atatū South, Auckland 0610, New Zealand",,,,-36.859593,174.645113,<p>Mon-Wed 7:00am; Thurs 7:00pm; Sat 8:00am</p>,FSSP,FSSP,https://www.fssp.nz/location/st-annes-chapel-te-atatu-south,,,<p>Mon-Wed 7:00am; Thurs 7:00pm; Sat 8:00am</p>,,https://www.latinmass.com/find-latin-mass,2026-05-18T15:02:38.874520
"St Paul College Chapel, Auckland","183 Richmond Road, Grey Lynn, Auckland 1021, New Zealand",,,,-36.854635,174.737467,"<p>Sun 8:00am, 10:00am (Solemn High)</p>",College,College,https://www.fssp.nz/location/st-pauls-college-chapel-ponsonby,,,"<p>Sun 8:00am, 10:00am (Solemn High)</p>",,https://www.latinmass.com/find-latin-mass,2026-05-18T15:02:38.874520
"The Holy Name of Mary, Hikurangi","18 Valley Road, Hikurangi 0114, New Zealand",,,,-35.595093,174.288218,<p>4th Sunday of the month 5:00pm</p>,FSSP,FSSP,https://www.fssp.nz/location/the-holy-name-of-mary-catholic-,,,<p>4th Sunday of the month 5:00pm</p>,,https://www.latinmass.com/find-latin-mass,2026-05-18T15:02:38.874520
"Mt. St Mary’s Chapel, Titirangi","4 Rangiwai Road, Titirangi, Auckland 0604, New Zealand",,,,-36.938288,174.658599,<p>Fri 7:00pm</p>,FSSP,FSSP,https://www.fssp.nz/location/mt-st-marys-catholic--titirangi,,,<p>Fri 7:00pm</p>,,https://www.latinmass.com/find-latin-mass,2026-05-18T15:02:38.874520
Capilla Nuestra Señora de Guadalupe,"Miguel E. Schultz 91, San Rafael, Cuauhtémoc, 06470 Ciudad de México, CDMX, Mexico",,,,19.436844,-99.161114,"<p>Sun 9:00am, 11:00am, 7:00pm; Mon-Sat 7:00pm</p>",SSPX,SSPX,https://fsspx.mx/es/capilla-nuestra-se%C3%B1ora-de-guadalupe,,,"<p>Sun 9:00am, 11:00am, 7:00pm; Mon-Sat 7:00pm</p>",https://media.mapme.com/places/199fa5f8-ce6d-495b-8fdf-d15b6d453c4b/gallery/a6e06edd-7a54-4276-8b17-f8c992844d55.hd,https://www.latinmass.com/find-latin-mass,2026-05-18T15:02:38.874520
Priory of St Pius X,"286 Upper Thomson Rd, Singapore 574402",,,,1.355098,103.832446,"<p>Sun 7:30am, 9:30am (High), 11:30am</p><p><a href=""http://sspxsingapore.org/"" target=""_blank"" rel=""noopener noreferrer"">http://sspxsingapore.org/</a><br></p>",SSPX,SSPX,,,,"<p>Sun 7:30am, 9:30am (High), 11:30am</p><p><a href=""http://sspxsingapore.org/"" target=""_blank"" rel=""noopener noreferrer"">http://sspxsingapore.org/</a><br></p>",,https://www.latinmass.com/find-latin-mass,2026-05-18T15:02:38.874520
St Joseph  (Victoria Street),"143 Victoria St, Singapore 188020",,,,1.298361,103.853102,<p>Sun 2:00pm</p>,Diocesan Parish,Diocesan,https://www.facebook.com/Singaporeefcommunity?mibextid=LQQJ4d,,,<p>Sun 2:00pm</p>,,https://www.latinmass.com/find-latin-mass,2026-05-18T15:02:38.874520
St Michael,"Budapest, Váci u 47, 1056 Hungary",,,,47.490721,19.05415,<p>Sun 10:00am</p>,Other,Other,https://szentmihalytemplom.hu/rendszeres-alkalmaink,,,<p>Sun 10:00am</p>,,https://www.latinmass.com/find-latin-mass,2026-05-18T15:02:38.874520
Ecclesia Sancti Adalberti Maior,"Vojtěšská 10, 110 00 Praha 1-Nové Město, Czechia",,,,50.078518,14.415031,<p>Sun 8:00am (High); Tues 6:30pm; Sat 7:00am</p><p>See website for updates in Mass times</p>,Diocesan Parish,Diocesan,https://farnostsvvojtech.websnadno.cz/Rozpis-knezi-na-mse-sv.html,,,<p>Sun 8:00am (High); Tues 6:30pm; Sat 7:00am</p><p>See website for updates in Mass times</p>,,https://www.latinmass.com/find-latin-mass,2026-05-18T15:02:38.874520
St Bernadettes Oratory Port Elizabeth,"176 Fordyce Rd, Walmer, Gqeberha, 6065, South Africa",,,,-33.980755,25.588716,<p>Sun 10:00am</p>,Other,Other,https://stbernadette.peoratory.org.za,,,<p>Sun 10:00am</p>,https://media.mapme.com/places/52966897-417d-4d52-ac97-f813eb08320b/gallery/6388ab7e-9941-44de-8f22-edd0ab3ff1a3.hd,https://www.latinmass.com/find-latin-mass,2026-05-18T15:02:38.874520
St Just de Lyon,"41 Rue des Farges, 69005 Lyon, France",,,,45.756141,4.820057,"<p>Sun 8:30am (Rite of Lyon), 10:00am (High), 7:30pm; Mon-Fri 6:45pm. Additional 7:00am Mass on Fridays; Sat 11:00am</p>",FSSP,FSSP,https://communicantes.fr,,,"<p>Sun 8:30am (Rite of Lyon), 10:00am (High), 7:30pm; Mon-Fri 6:45pm. Additional 7:00am Mass on Fridays; Sat 11:00am</p>",,https://www.latinmass.com/find-latin-mass,2026-05-18T15:02:38.874520
Immaculate Conception of the Blessed Virgin Mary,"3 Maja 124, 05-800 Pruszków, Poland",,,,52.18143,20.783825,<p>Sun 7:30pm (High)</p>,Diocesan Parish,Diocesan,https://www.facebook.com/MszaTrydenckaPruszkow,,,<p>Sun 7:30pm (High)</p>,,https://www.latinmass.com/find-latin-mass,2026-05-18T15:02:38.874520
Queen Mary,"rynek Wildecki 4, 61-546 Poznań, Poland",,,,52.393546,16.920432,<p>Sun 5:00pm</p>,Diocesan Parish,Diocesan,https://www.parafia-maryi-krolowej.poznan.pl,,,<p>Sun 5:00pm</p>,,https://www.latinmass.com/find-latin-mass,2026-05-18T15:02:38.874520
Sanctuary of the Most Precious Blood of Jesus,"Żydowska 34, 61-761 Poznań, Poland",,,,52.409085,16.934845,"<p>Sun 10:00am</p><p><a href=""http://www.tradycjapoznan.pl/"" target=""_blank"" rel=""noopener noreferrer"">http://www.tradycjapoznan.pl/</a><br></p>",Diocesan Parish,Diocesan,,,,"<p>Sun 10:00am</p><p><a href=""http://www.tradycjapoznan.pl/"" target=""_blank"" rel=""noopener noreferrer"">http://www.tradycjapoznan.pl/</a><br></p>",,https://www.latinmass.com/find-latin-mass,2026-05-18T15:02:38.874520
St Anthony Filial,"Święte 34, 73-110, Poland",,,,53.318572,15.088259,<p>Sun 3:00pm</p>,Diocesan Parish,Diocesan,https://www.facebook.com/tradycjaszczecin/?locale=pl_PL,,,<p>Sun 3:00pm</p>,,https://www.latinmass.com/find-latin-mass,2026-05-18T15:02:38.874520
St Eligius IBP Parish,"Rue St-James, 33000 Bordeaux, France",,,,44.835984,-0.571424,"<p>Sun 8:30am, 10:00am (High); Weekdays 7:15am</p>",Other,Other,https://www.St-eloi.org,,,"<p>Sun 8:30am, 10:00am (High); Weekdays 7:15am</p>",https://media.mapme.com/places/dbd150e2-4119-46b7-81a7-0a6d1e4b1d2f/gallery/79341409-0c33-4da1-9356-8f0c2aa91383.hd,https://www.latinmass.com/find-latin-mass,2026-05-18T15:02:38.874520
St Michael the Archangel Parish,"617 W Main Cross St, Findlay, Ohio 45840, USA",,,,41.039477,-83.65957,<p>See website for when the Traditional Latin Mass is offered at St Michael the Archangel Parish</p>,Diocesan Parish,Diocesan,https://www.findlaystmichael.org,,,<p>See website for when the Traditional Latin Mass is offered at St Michael the Archangel Parish</p>,,https://www.latinmass.com/find-latin-mass,2026-05-18T15:02:38.874520
Oratory of Our Mother of Perpetual Succour,"141 Rutland Street, St Albans, Christchurch 8052, New Zealand",,,,-43.503187,172.625318,"<p>Sun 8:00am, 10:30am (High); Mon 6:00pm; Tues 6:00pm; Wed 6:30am; Thurs 6:00pm; Fri 11:00am; Sat 8:00am, 5:00pm; First Fridays additional Mass at 6:00pm</p>",Other,Other,https://www.facebook.com/LatinMassChaplaincy.Christchurch,,,"<p>Sun 8:00am, 10:30am (High); Mon 6:00pm; Tues 6:00pm; Wed 6:30am; Thurs 6:00pm; Fri 11:00am; Sat 8:00am, 5:00pm; First Fridays additional Mass at 6:00pm</p>",,https://www.latinmass.com/find-latin-mass,2026-05-18T15:02:38.874520
St Blaise Chapel,"Put Bruna Bušića 81, 20207, Srebreno, Croatia",,,,42.625077,18.197508,"<p>According to online schedule -&nbsp;<a href=""http://fsspx.hr/"" target=""_blank"" rel=""noopener noreferrer"">http://fsspx.hr/</a></p>",SSPX,SSPX,,,,"<p>According to online schedule -&nbsp;<a href=""http://fsspx.hr/"" target=""_blank"" rel=""noopener noreferrer"">http://fsspx.hr/</a></p>",,https://www.latinmass.com/find-latin-mass,2026-05-18T15:02:38.874520
Minoritenkirche,"Minoritenplatz 2, 1010 Wien, Austria",,,,48.209349,16.363941,"<p>Sun 8:30am (High), 11:00am, 6:00pm; Mon-Fri 6:00pm; Sat 8:00am</p>",SSPX,SSPX,https://fsspx.at,,,"<p>Sun 8:30am (High), 11:00am, 6:00pm; Mon-Fri 6:00pm; Sat 8:00am</p>",,https://www.latinmass.com/find-latin-mass,2026-05-18T15:02:38.874520
"Chapel in Mother of God, Queen of Poland Parish","Kurkowa 35, 05-200 Wołomin, Poland",,,,52.33846,21.240112,"<p>Sun 10:30am</p><p><a href=""http://mbkpwolomin.pl/"" target=""_blank"" rel=""noopener noreferrer"">http://mbkpwolomin.pl/</a><br></p>",Diocesan Parish,Diocesan,,,,"<p>Sun 10:30am</p><p><a href=""http://mbkpwolomin.pl/"" target=""_blank"" rel=""noopener noreferrer"">http://mbkpwolomin.pl/</a><br></p>",,https://www.latinmass.com/find-latin-mass,2026-05-18T15:02:38.874520
Sanctuary of St Anthony of Padua,"Wiktora Gomulickiego 1A, 07-410 Ostrołęka, Poland",,,,53.085176,21.570943,<p>Sun 3:00pm</p>,Diocesan Parish,Diocesan,https://www.facebook.com/tradycja.lomza/?locale=pl_PL,,,<p>Sun 3:00pm</p>,,https://www.latinmass.com/find-latin-mass,2026-05-18T15:02:38.874520
Chapel of Our Lady of Sorrows – IBP,"Av. das Paineiras - Jardim Botânico, Brasília - DF, 70297-400, Brazil",,,,-15.885427,-47.808008,"<p>Sun 7:30am, 9:30am (High), 5:00pm; Weekdays 6:25am, 6:30pm; Sat 6:25am, 8:30am</p>",Other,Other,https://missatridentinaembrasilia.wordpress.com,,,"<p>Sun 7:30am, 9:30am (High), 5:00pm; Weekdays 6:25am, 6:30pm; Sat 6:25am, 8:30am</p>",,https://www.latinmass.com/find-latin-mass,2026-05-18T15:02:38.874520
Queen of Heaven Cemetary,"1562 E Baseline Rd, Mesa, Arizona 85204, USA",,,,33.379559,-111.797658,<p>Sun 3:00pm</p><p>New location - originally held at St Anne parish</p>,Diocesan Parish,Diocesan,,,,<p>Sun 3:00pm</p><p>New location - originally held at St Anne parish</p>,,https://www.latinmass.com/find-latin-mass,2026-05-18T15:02:38.874520
Shine of the Most Holy Redeemer,"55 E Reno Ave, Las Vegas, Nevada 89119, USA",,,,36.096618,-115.169933,<p>Sun 2:00pm</p>,Diocesan Parish,Diocesan,https://theshrinelv.org,,,<p>Sun 2:00pm</p>,,https://www.latinmass.com/find-latin-mass,2026-05-18T15:02:38.874520
St Paul the Apostle,"R. Tobias Barreto, 1320 - Belenzinho, São Paulo - SP, 03176-001, Brazil",,,,-23.547603,-46.585734,"<p>Sun 9:00am; Weekdays 6:30am, 7:00pm; Sat 9:00am</p>",Other,Other,https://ibp-sp.org/ibpsp,,,"<p>Sun 9:00am; Weekdays 6:30am, 7:00pm; Sat 9:00am</p>",https://media.mapme.com/places/116c465a-7b38-40f7-af97-79066235c0fb/gallery/24834d5a-9563-4cb5-8476-e6eaf30abbd2.hd,https://www.latinmass.com/find-latin-mass,2026-05-18T15:02:38.874520
Oude Sint-Clemenskerk,"Heuvel 23, 5674 RR Nuenen, Netherlands",,,,51.488868,5.564363,<p>Sun 10:30am (High); Mon 6:30pm; Tues 6:30pm; Wed 7:15am; Thurs 6:30pm; Fri 7:15am; Sat 8:30am</p>,SSPX,SSPX,https://fsspx.be/nl/content/10985,,,<p>Sun 10:30am (High); Mon 6:30pm; Tues 6:30pm; Wed 7:15am; Thurs 6:30pm; Fri 7:15am; Sat 8:30am</p>,,https://www.latinmass.com/find-latin-mass,2026-05-18T15:02:38.874520
Kapel Onze Lieve Vrouw van de Rozenkrans,"Sumatrastraat 197, 2315 BD Leiden, Netherlands",,,,52.16706,4.512186,<p>Sun 10:30am (High); Fri 7:00pm; Sat 9:00am</p>,SSPX,SSPX,https://fsspx.be/nl/content/10985,,,<p>Sun 10:30am (High); Fri 7:00pm; Sat 9:00am</p>,,https://www.latinmass.com/find-latin-mass,2026-05-18T15:02:38.874520
Sint-Willibrordkerk,"Minrebroederstraat 21, 3512 GS Utrecht, Netherlands",,,,52.092486,5.121421,<p>Sun 10:30am (High); Fri 6:30pm; Sat 9:00am; Holy Days of Obligation 10:30am</p>,SSPX,SSPX,https://fsspx.be/nl/content/10985,,,<p>Sun 10:30am (High); Fri 6:30pm; Sat 9:00am; Holy Days of Obligation 10:30am</p>,,https://www.latinmass.com/find-latin-mass,2026-05-18T15:02:38.874520
St Maria ter Engelenkerk,"Pannesheiderstraat 71, 6462 EB Kerkrade, Netherlands",,,,50.84853,6.071776,"<p>Sun &amp; Holy Days of Obligation 8:30am, 10:00am (High)</p>",SSPX,SSPX,https://fsspx.be/nl/content/10985,,,"<p>Sun &amp; Holy Days of Obligation 8:30am, 10:00am (High)</p>",,https://www.latinmass.com/find-latin-mass,2026-05-18T15:02:38.874520
St Mary College,"St MARY COLLEGE, St Mary Rd, Galway, Co. Galway, H91 H7F8, Ireland",,,,53.270983,-9.067083,<p>Sun 3:00pm</p>,Institute of Christ the King,ICKSP,https://institute-christ-king.ie,,,<p>Sun 3:00pm</p>,,https://www.latinmass.com/find-latin-mass,2026-05-18T15:02:38.874520
Nne Enyemaka Latin Mass Parish,"M297+F2W, 474127, Umuaka, Imo, Nigeria",,,,5.668737,7.012584,"<p>Sun 7:00am, 10:00am (High); Weekdays 7:00am</p><p><a href=""http://www.fsspnigeria.org/"" target=""_blank"" rel=""noopener noreferrer"">http://www.fsspnigeria.org/</a><br></p>",FSSP,FSSP,,,,"<p>Sun 7:00am, 10:00am (High); Weekdays 7:00am</p><p><a href=""http://www.fsspnigeria.org/"" target=""_blank"" rel=""noopener noreferrer"">http://www.fsspnigeria.org/</a><br></p>",,https://www.latinmass.com/find-latin-mass,2026-05-18T15:02:38.874520
Nuestra Señora de los Ángeles,"Lago de Texcoco Ote. 814, Santiago Momoxpan, Rafael Ávila Camacho (Manantiales, Puebla, Pue., Mexico",,,,19.078916,-98.269514,<p>Sun 10:30am</p>,SSPX,SSPX,https://fsspx.mx/es/misi%C3%B3n-nuestra-se%C3%B1ora-de-los-%C3%A1ngeles-puebla,,,<p>Sun 10:30am</p>,https://media.mapme.com/places/cb0ed866-329b-48f4-970d-64edf7222ab5/gallery/363e56c4-799f-4b20-8448-b5b5825788e2.hd,https://www.latinmass.com/find-latin-mass,2026-05-18T15:02:38.874520
Chiesa Di San Gottardo,"Piazza del Municipio, 4, 34070 Mariano del Friuli GO, Italy",,,,45.917904,13.457535,"<p>1st Saturday 9:15am, Winter time: mass at 10:15am. St Hermagora and Fortunatus (12th July) and St Stephen (26th December) Sung/Solemn Mass at 10:30am, All Souls (2nd November) Sung Mass at 6:30</p>",Diocesan Parish,Diocesan,https://liturgiatradizionalefriuli.blogspot.com/?m=1,,,"<p>1st Saturday 9:15am, Winter time: mass at 10:15am. St Hermagora and Fortunatus (12th July) and St Stephen (26th December) Sung/Solemn Mass at 10:30am, All Souls (2nd November) Sung Mass at 6:30</p>",https://media.mapme.com/places/5e28c56b-487f-4f6a-a217-70797b033484/gallery/f0f00d81-f536-4991-8d30-b3a2a9472374.hd,https://www.latinmass.com/find-latin-mass,2026-05-18T15:02:38.874520
Chiesa Di San Simon Piccolo,"Santa Croce, 698, 30135 Venezia VE, Italy",,,,45.440301,12.322437,<p>Sun 11:00am (High); Mon-Sat 11:00am</p>,FSSP,FSSP,https://venezia.fssp.it,,,<p>Sun 11:00am (High); Mon-Sat 11:00am</p>,,https://www.latinmass.com/find-latin-mass,2026-05-18T15:02:38.874520
Juvénat du Sacré-Cœur,"CF45+RVR, Libreville, Gabon",,,,0.407112,9.459641,<p>Weekdays 8:00am</p>,Institute of Christ the King,ICKSP,https://fsspx.africa/fr/juvenat-du-sacre-coeur-35740,,,<p>Weekdays 8:00am</p>,https://media.mapme.com/places/3e4b7c4b-592f-422d-b983-b9791e855ea3/gallery/d05e6fb8-c5b1-4987-9810-19919d64b758.hd,https://www.latinmass.com/find-latin-mass,2026-05-18T15:02:38.874520
Mission St Therese of the Infant Jesus,"4345+397, Mouila, Gabon",,,,-1.894837,11.058422,"<p>Sun 10:00am (High), Weekdays 9:15am (School), 6:00pm (Mission)</p>",Institute of Christ the King,ICKSP,https://friendsofthemissions.com,,,"<p>Sun 10:00am (High), Weekdays 9:15am (School), 6:00pm (Mission)</p>",,https://www.latinmass.com/find-latin-mass,2026-05-18T15:02:38.874520
St Mary Shrine,"Smith St, Warrington WA1 2NS, UK",,,,53.389801,-2.588907,"<p>Sun 9:00am, 11:00am (High), 6:00pm; Mon-Sat 12:10pm</p>",FSSP,FSSP,https://fssp.org.uk/warrington,,,"<p>Sun 9:00am, 11:00am (High), 6:00pm; Mon-Sat 12:10pm</p>",https://media.mapme.com/places/37b15542-d91c-455d-8eca-b054786324e9/gallery/8e997a0f-e4aa-44c1-a3b8-69324280cdad.hd,https://www.latinmass.com/find-latin-mass,2026-05-18T15:02:38.874520
St Matthew  (Église St-Mathieu),"Pl. St Mathieu, 29000 Quimper, France",,,,47.995766,-4.107773,"<p>Sun &amp; Holy Days of Obligation 10:30am; Fri &amp; Sat 11:30am</p><p><a href=""http://fsspfinistere.blogspot.com/"" target=""_blank"" rel=""noopener noreferrer"">http://fsspfinistere.blogspot.com/</a><br></p>",FSSP,FSSP,,,,"<p>Sun &amp; Holy Days of Obligation 10:30am; Fri &amp; Sat 11:30am</p><p><a href=""http://fsspfinistere.blogspot.com/"" target=""_blank"" rel=""noopener noreferrer"">http://fsspfinistere.blogspot.com/</a><br></p>",,https://www.latinmass.com/find-latin-mass,2026-05-18T15:02:38.874520
Our Lady of Fatima Chapel,"6f1 Church Rd, Kampala, Uganda",,,,0.305979,32.571983,"<p>Sun 7:00am (High), 2:00pm (High); Weekdays 7:00am; Sat 8:00am</p>",Other,Other,https://www.facebook.com/TraditionalLatinMassUganda,,,"<p>Sun 7:00am (High), 2:00pm (High); Weekdays 7:00am; Sat 8:00am</p>",https://media.mapme.com/places/f12cf28e-8da3-4593-a354-71d96da6f3e7/gallery/40d61fa9-5753-4112-9475-f12dec805ed2.hd,https://www.latinmass.com/find-latin-mass,2026-05-18T15:02:38.874520
St John the Baptist,"Rue de la Mairie, 92350 Le Plessis-Robinson, France",,,,48.782372,2.261618,<p>Sun &amp; Holy Days of Obligation 10:00am; Fri 7:15pm; Sat 11:15am</p>,FSSP,FSSP,https://fsspleplessis.blogspot.com,,,<p>Sun &amp; Holy Days of Obligation 10:00am; Fri 7:15pm; Sat 11:15am</p>,,https://www.latinmass.com/find-latin-mass,2026-05-18T15:02:38.874520
St Denis Ssebugwawo Shrine (Chapel at Martyrdom Spot),"Pope Francis Rd, 13a Pope Francis Rd, Kampala, Uganda",,,,0.239814,32.619329,<p>Sun 10:00am (High)</p>,Other,Other,https://www.facebook.com/TraditionalLatinMassUganda,,,<p>Sun 10:00am (High)</p>,https://media.mapme.com/places/78580705-aea6-4a17-8985-2d707e21d196/gallery/4a521bd8-5974-4e92-becd-f2ac6674f831.hd,https://www.latinmass.com/find-latin-mass,2026-05-18T15:02:38.874520
The Most Holy Trinity of the Pilgrims Parish,"Piazza della Trinità dei Pellegrini, 1, 00186 Roma RM, Italy",,,,41.893847,12.472904,"<p>Sun 9:00am, 11:00am (Solemn High), 6:30pm; Weekdays 7:15am, 6:30pm</p>",FSSP,FSSP,https://roma.fssp.it,,,"<p>Sun 9:00am, 11:00am (Solemn High), 6:30pm; Weekdays 7:15am, 6:30pm</p>",,https://www.latinmass.com/find-latin-mass,2026-05-18T15:02:38.874520
Basilica of Santi Celso e Giuliano,"Via del Banco di Santo Spirito, 52, 00186 Roma RM, Italy",,,,41.900725,12.466489,"Currently under renovation! Please check the alternate locations' Mass times on the official website:&nbsp;<a href=""http://www.icrss.it/roma/"">http://www.icrss.it/roma</a>",Institute of Christ the King,ICKSP,,,,"Currently under renovation! Please check the alternate locations' Mass times on the official website:&nbsp;<a href=""http://www.icrss.it/roma/"">http://www.icrss.it/roma</a>",,https://www.latinmass.com/find-latin-mass,2026-05-18T15:02:38.874520
Chiesa di Santa Maria del Rosario alle Pigne,"P.za Cavour, 124, 80137 Napoli NA, Italy",,,,40.854964,14.253408,"<p>Sunday 10:00am; Monday-Saturday 5:30pm (5:00pm in winter)<br><a href=""http://www.icrssnapoli.org/"" target=""_blank"" rel=""noopener noreferrer"">Click for more info</a></p>",Institute of Christ the King,ICKSP,https://icrssrandazzo.wixsite.com/icrss-acireale,,,"<p>Sunday 10:00am; Monday-Saturday 5:30pm (5:00pm in winter)<br><a href=""http://www.icrssnapoli.org/"" target=""_blank"" rel=""noopener noreferrer"">Click for more info</a></p>",https://media.mapme.com/places/39854949-78bd-443a-ad1f-c8cb839ee393/gallery/12ad81ea-0f32-47c7-8b60-55b3c621d2d6.hd,https://www.latinmass.com/find-latin-mass,2026-05-18T15:02:38.874520
Kostol Navštívenia Panny Márie /  of the Visitation of s. Mary - Brothers Hospitaller,"Námestie SNP, Bratislava, Slovakia",,,,48.145393,17.110779,<p>Sun 5:00pm</p>,Other,Other,https://www.milosrdni.eu/site/milosrdnibratia/bohosluby/article/589.html,,,<p>Sun 5:00pm</p>,,https://www.latinmass.com/find-latin-mass,2026-05-18T15:02:38.874520
SSPX Jakarta - District of Asia,"Ruko Puri Mutiara, Jl. Griya Utama, RT.2/RW.5, Sunter Agung, Kec. Tj. Priok, Jkt Utara, Daerah Khusus Ibukota Jakarta 14350, Indonesia",,,,-6.141615,106.855451,"<p>Sung Mass: Second or third Sunday of the month at 6pm.</p><p><a href=""http://www.facebook.com/profile.php?id=100064506707416"" target=""_blank"" rel=""noopener noreferrer"">http://www.facebook.com/profile.php?id=100064506707416</a><br></p>",SSPX,SSPX,,,,"<p>Sung Mass: Second or third Sunday of the month at 6pm.</p><p><a href=""http://www.facebook.com/profile.php?id=100064506707416"" target=""_blank"" rel=""noopener noreferrer"">http://www.facebook.com/profile.php?id=100064506707416</a><br></p>",https://media.mapme.com/places/3bd51497-7ec3-4ae6-872c-deefdba5efa2/gallery/0ee8f5af-ff4d-4fa3-90bd-d99b3939c6e4.hd,https://www.latinmass.com/find-latin-mass,2026-05-18T15:02:38.874520
St Joseph Chapel - St Joseph College,"9 Commerford St, Curepipe, Mauritius",,,,-20.32095,57.52234,<p>Sun 10:00am (High)</p>,College,College,https://icrspmaurice.org,,,<p>Sun 10:00am (High)</p>,,https://www.latinmass.com/find-latin-mass,2026-05-18T15:02:38.874520
St Joseph’s College Chapel,"2199 Sandgate Rd, Boondall QLD 4034, Australia",,,,-27.360275,153.063973,<p>Sun 8:00am<br></p><p>Contact Fr Armstrong Brisbane Oratory Annerley for further details<br></p>,Diocesan Parish,Diocesan,mailto:webmaster@stgregorys.info,,,<p>Sun 8:00am<br></p><p>Contact Fr Armstrong Brisbane Oratory Annerley for further details<br></p>,https://media.mapme.com/places/70228101-fda3-4859-ba8e-2818afccc491/gallery/bc2ea95d-23f6-4912-81ad-c2c478d01881.hd,https://www.latinmass.com/find-latin-mass,2026-05-18T15:02:38.874520
ÉGLISE St EUGÈNE - StE CÉCILE,"4 Rue du Conservatoire, 75009 Paris, France",,,,48.873406,2.347207,<p>Sunday 8h15; 11h00 High Masse; 17h45; Monday through Friday: 7h30 (except Monday and Wend.); 19h00. Saturday: 7h30; 9h30<br></p>,Diocesan Parish,Diocesan,https://St-eugene.net,,,<p>Sunday 8h15; 11h00 High Masse; 17h45; Monday through Friday: 7h30 (except Monday and Wend.); 19h00. Saturday: 7h30; 9h30<br></p>,https://media.mapme.com/places/eeefdd3c-0c59-4e98-b2d3-1da91a86e031/gallery/b2b840eb-c41e-4d7b-a928-053c7f4ca863.hd,https://www.latinmass.com/find-latin-mass,2026-05-18T15:02:38.874520
L’église St-Bruno,"Pl. du 11 Novembre, 33000 Bordeaux, France",,,,44.837912,-0.590423,"<p>Sunday 08h30, 10h30, 12h15, 18h30</p>",FSSP,FSSP,https://fssp-bordeaux.fr,,,"<p>Sunday 08h30, 10h30, 12h15, 18h30</p>",https://media.mapme.com/places/efca203e-b959-4ce9-94ec-a1cf29d55e6d/gallery/8c7feb61-024c-4616-b32d-38fce0f3df91.hd,https://www.latinmass.com/find-latin-mass,2026-05-18T15:02:38.874520
St Anne,"Via Giuseppe Libertini, 15, 73100 Lecce LE, Italy",,,,40.351393,18.165914,"<p>Sun 11:00am (High), 6:30pm; Weekdays 6:30pm; Sat 11:00am</p>",Institute of Christ the King,ICKSP,https://www.facebook.com/icrsslecce,,,"<p>Sun 11:00am (High), 6:30pm; Weekdays 6:30pm; Sat 11:00am</p>",,https://www.latinmass.com/find-latin-mass,2026-05-18T15:02:38.874520
Nuestra Señora de Fátima / Buenos Aires,"Rodríguez Pena 125, B1640HBC Martínez, Provincia de Buenos Aires, Argentina",,,,-34.489587,-58.503093,"<p>Sun 9:00am, 11:00am (High)</p>",SSPX,SSPX,,,,"<p>Sun 9:00am, 11:00am (High)</p>",,https://www.latinmass.com/find-latin-mass,2026-05-18T15:02:38.874520
Priorato San Pio X,"Venezuela 1318, C1095 CABA, Argentina",,,,-34.61454,-58.384839,"<span>Sunday 9:30am, 11:00am (High), 7:00pm</span>",SSPX,SSPX,https://fsspx.org/es/centros-misa,,,"<span>Sunday 9:30am, 11:00am (High), 7:00pm</span>",,https://www.latinmass.com/find-latin-mass,2026-05-18T15:02:38.874520
St Michael the Archangel,"26 Margaret St, Belfield NSW 2191, Australia",,,,-33.901391,151.088999,<p>11:00am (High)</p>,Diocesan Parish,Diocesan,https://www.sydneycatholic.org/parishes_list/listing/st-michael-the-archangel-belfield,,,<p>11:00am (High)</p>,,https://www.latinmass.com/find-latin-mass,2026-05-18T15:02:38.874520
St Anne,"11 Hehir St, Belmont WA 6104, Australia",,,,-31.946131,115.922431,"<p>Sun 7:30am (High), 9:30am (High), 11:30am (High)</p>",Diocesan Parish,Diocesan,https://www.perthcatholic.org.au/.htm,,,"<p>Sun 7:30am (High), 9:30am (High), 11:30am (High)</p>",,https://www.latinmass.com/find-latin-mass,2026-05-18T15:02:38.874520
St Andrew Tenterden,"47 Ashford Rd, Tenterden TN30 6LL, UK",,,,51.073131,0.691886,<p>Sun 12:00pm</p>,Diocesan Parish,Diocesan,https://www.standrewstenterden.org,,,<p>Sun 12:00pm</p>,https://media.mapme.com/places/167e7c0f-3a2f-448f-93a1-68942aaf6063/gallery/419f7118-8dcc-41da-a8d2-6790bf0d4c21.hd,https://www.latinmass.com/find-latin-mass,2026-05-18T15:02:38.874520
Shrine of St Augustine & National Pugin Centre,"Pugin’s Church of St Augustine, St. Augustine's Rd, Ramsgate CT11 9NY, UK",,,,51.32841,1.410164,<p>Sun 12:00pm (High)</p>,Diocesan Parish,Diocesan,https://www.augustine-pugin.org.uk,,,<p>Sun 12:00pm (High)</p>,https://media.mapme.com/places/ed0f9573-8baa-455b-bb86-6385ddfb4de0/gallery/4d1f12f6-c387-4f30-9e46-c632432440b7.hd,https://www.latinmass.com/find-latin-mass,2026-05-18T15:02:38.874520
Westminster Cathedral,"Victoria St, London SW1P 1LT, UK",,,,51.495809,-0.13944,<p>1st Saturdays 4:00pm (in the Blessed Sacrament Chapel)</p>,Diocesan Parish,Diocesan,https://westminstercathedral.org.uk,,,<p>1st Saturdays 4:00pm (in the Blessed Sacrament Chapel)</p>,https://media.mapme.com/places/c378240c-70b2-4244-984b-975d705084ed/gallery/06d2ce03-d34d-4737-8b79-98f0c216c764.hd,https://www.latinmass.com/find-latin-mass,2026-05-18T15:02:38.874520
London Oratory,"Brompton Rd, London SW7 2RP, UK",,,,51.49655,-0.169982,<p>Sun 9:00am; Mon-Fri 8:00am; Sat 8:00am (usually in St Wilfrid Chapel)</p>,Other,Other,https://www.bromptonoratory.co.uk/#about,,,<p>Sun 9:00am; Mon-Fri 8:00am; Sat 8:00am (usually in St Wilfrid Chapel)</p>,https://media.mapme.com/places/4005dc19-a335-4aec-a873-e1c8faf3bcb8/gallery/1886f960-1436-4938-9c1d-f7da0b98f4e6.hd,https://www.latinmass.com/find-latin-mass,2026-05-18T15:02:38.874520
St James,"22 George St, London W1U 3DE, UK",,,,51.518191,-0.152526,<p>Sun 9:00am</p>,Diocesan Parish,Diocesan,https://www.sjrcc.org.uk/home,,,<p>Sun 9:00am</p>,https://media.mapme.com/places/a85783b7-4606-4dd5-a0c2-fe973dc8669f/gallery/a243d457-ffda-48e1-9ece-b2c596a4f354.hd,https://www.latinmass.com/find-latin-mass,2026-05-18T15:02:38.874520
Our Lady Of Willesden Rc Church,"Our Lady Of Willesden Rc Church, 1 Nicoll Rd, London NW10 9AX, UK",,,,51.535891,-0.249496,<p>Sun 5:30pm</p>,Diocesan Parish,Diocesan,https://parish.rcdow.org.uk/willesden,,,<p>Sun 5:30pm</p>,https://media.mapme.com/places/6a0e4a10-d230-4ece-a59c-5d6249d98a4e/gallery/840e6390-1cd5-4222-bf99-5850fadef18a.hd,https://www.latinmass.com/find-latin-mass,2026-05-18T15:02:38.874520
St Dominic Priory - The Rosary Shrine,"St Dominic Priory, Southampton Rd, London NW5 4LB, UK",,,,51.550804,-0.157255,<p>Sun 6:00pm (High)</p>,Other,Other,https://rosaryshrine.co.uk,,,<p>Sun 6:00pm (High)</p>,https://media.mapme.com/places/e6dc22b6-3358-4e7f-825a-54e79dd7c0ac/gallery/ad0561d7-75d5-4540-b9d5-6c9e7f17b353.hd,https://www.latinmass.com/find-latin-mass,2026-05-18T15:02:38.874520
St John the Baptist Catholic,"3 King Edward Rd, London E9 7SF, UK",,,,51.538058,-0.055966,<p>1st &amp; 3rd Fridays 6:00pm</p>,Diocesan Parish,Diocesan,https://parish.rcdow.org.uk/hackney,,,<p>1st &amp; 3rd Fridays 6:00pm</p>,https://media.mapme.com/places/3bb72016-afdd-4494-9c90-1a5505c25f2a/gallery/d7d8c54c-95ba-48ea-a7ee-ef6f9a7907f7.hd,https://www.latinmass.com/find-latin-mass,2026-05-18T15:02:38.874520
Our Lady of the Assumption & St Gregory,"The Presbytery, 10 Warwick St, London W1B 5LZ, UK",,,,51.511227,-0.13788,"Saturday at 12:00 (Low Mass), Wednesday at 18:30 (Sung Mass)",Other,Other,https://www.warwickstreet.org.uk/,,,"Saturday at 12:00 (Low Mass), Wednesday at 18:30 (Sung Mass)",https://media.mapme.com/places/bf6a15d5-43bf-45af-9fae-6c0e0bffda98/gallery/d127a61c-b4be-4288-b71e-ce9d4f39caa0.hd,https://www.latinmass.com/find-latin-mass,2026-05-18T15:02:38.874520
"Catholic  of Our Lady of Dolours, Hendon","4 Egerton Gardens, London NW4 4BA, UK",,,,51.588112,-0.227182,<p>Thurs 8:00am</p>,Diocesan Parish,Diocesan,https://parish.rcdow.org.uk/hendon,,,<p>Thurs 8:00am</p>,https://media.mapme.com/places/b008edaa-b1bc-42fc-837c-a664a7b570ec/gallery/a5e9d7d9-8b5c-4eaa-bab7-59d9896489ad.hd,https://www.latinmass.com/find-latin-mass,2026-05-18T15:02:38.874520
St Pancras R C,"Irelands Ln, La, Lewes BN7 1QX, UK",,,,50.872485,0.002312,<p>Sun 12:30pm; Sat 10:00am</p>,Diocesan Parish,Diocesan,https://www.stpancrascatholiclewes.co.uk,,,<p>Sun 12:30pm; Sat 10:00am</p>,,https://www.latinmass.com/find-latin-mass,2026-05-18T15:02:38.874520
"The Sacred Heart Catholic , Caterham","Essendene Rd, Caterham CR3 5PB, UK",,,,51.287375,-0.086615,<p>Wed 10:00am</p>,Diocesan Parish,Diocesan,https://caterhamcatholic.co.uk,,,<p>Wed 10:00am</p>,https://media.mapme.com/places/82260951-4f3f-4816-84c3-0c228d902d33/gallery/7f25b252-19ed-4785-8591-a57c64a34959.hd,https://www.latinmass.com/find-latin-mass,2026-05-18T15:02:38.874520
St Barnabas,"28 Vine Rd, Molesey, East Molesey KT8 9LF, UK",,,,51.403215,-0.356466,<p>Sat 10:00am</p>,Diocesan Parish,Diocesan,https://www.stbarnabasmolesey.org,,,<p>Sat 10:00am</p>,https://media.mapme.com/places/6b82a31e-0647-4269-84e3-1afbbfb66ee0/gallery/8323fb6d-66d8-497f-bc59-f19e79d8950a.hd,https://www.latinmass.com/find-latin-mass,2026-05-18T15:02:38.874520
St Edward the Confessor,"Sutton Green, Guildford GU4 7QN, UK",,,,51.274436,-0.560477,<p>Fri 7:30pm</p>,Diocesan Parish,Diocesan,https://www.cpg.church/st-edwards.html,,,<p>Fri 7:30pm</p>,https://media.mapme.com/places/61f7d890-ebfc-4753-b4bc-9bd544b03db0/gallery/b95b5771-07ef-46e8-bec0-dad08a6f4b22.hd,https://www.latinmass.com/find-latin-mass,2026-05-18T15:02:38.874520
"The Oratory of St Philip Neri, Birmingham","141 Hagley Rd, Birmingham B16 8UE, UK",,,,52.472541,-1.928786,"<p>Sun 7:30am, 10:30am (High); Mon-Fri 5:45pm (unless High Mass at 7:30pm); Sat 9:00am</p>",Other,Other,https://www.birminghamoratory.org.uk,,,"<p>Sun 7:30am, 10:30am (High); Mon-Fri 5:45pm (unless High Mass at 7:30pm); Sat 9:00am</p>",https://media.mapme.com/places/a306f84f-84c2-4cad-933c-fc817eb0590a/gallery/0b35c154-8a4b-4ab3-840d-c21616da9386.hd,https://www.latinmass.com/find-latin-mass,2026-05-18T15:02:38.874520
Our Lady of the Assumption RC,"Swynnerton, Stone ST15 0QX, UK",,,,52.916368,-2.222022,<p>Sun 6:00pm; Alternate Saturdays 10:00am</p>,Diocesan Parish,Diocesan,https://www.ourladyoftheassumption.org.uk,,,<p>Sun 6:00pm; Alternate Saturdays 10:00am</p>,https://media.mapme.com/places/d6890277-50e5-42a6-bc63-b15147430a27/gallery/01d8fd36-1538-4135-ab8e-aa19b42319b4.hd,https://www.latinmass.com/find-latin-mass,2026-05-18T15:02:38.874520
St Augustine of Canterbury,"Sandon Rd, Stoke-on-Trent ST3 7DF, UK",,,,52.972681,-2.106757,"<p>Wed 7:00pm</p><p><a href=""http://www.augustineandmary.org.uk/"" target=""_blank"" rel=""noopener noreferrer"">http://www.augustineandmary.org.uk/</a><br></p>",Diocesan Parish,Diocesan,,,,"<p>Wed 7:00pm</p><p><a href=""http://www.augustineandmary.org.uk/"" target=""_blank"" rel=""noopener noreferrer"">http://www.augustineandmary.org.uk/</a><br></p>",https://media.mapme.com/places/3e39fc15-cd8f-4cda-919e-6c9a331aa0bd/gallery/2a39bdd4-d089-4b83-b557-8cfda27777ed.hd,https://www.latinmass.com/find-latin-mass,2026-05-18T15:02:38.874520
Sacred Heart and Holy Souls,"1151 Warwick Rd, Birmingham B27 6RG, UK",,,,52.445897,-1.819553,<p>1st Fridays 7:00pm</p>,Diocesan Parish,Diocesan,https://www.holysouls.co.uk,,,<p>1st Fridays 7:00pm</p>,https://media.mapme.com/places/b20478c9-948a-4d68-80cb-fa273b951bc6/gallery/d010486d-29f3-43f7-b75c-523b24b6288d.hd,https://www.latinmass.com/find-latin-mass,2026-05-18T15:02:38.874520
St Dunstan R C,"6 Kingsfield Rd, King Heath, Birmingham B14 7JN, UK",,,,52.432981,-1.892537,<p>3rd Fridays 7:00pm</p>,Diocesan Parish,Diocesan,https://www.stdunstanandstjude.co.uk,,,<p>3rd Fridays 7:00pm</p>,,https://www.latinmass.com/find-latin-mass,2026-05-18T15:02:38.874520
Our Lady of Perpetual Succour,"542 Cannock Rd, Wolverhampton WV10 8PG, UK",,,,52.607453,-2.10425,<p>Fri 6:30pm</p>,Diocesan Parish,Diocesan,https://www.ourladyofperpetualsuccour.com,,,<p>Fri 6:30pm</p>,https://media.mapme.com/places/bbf7fdb0-348a-4458-b0d3-b1dfe93f7f0e/gallery/87c022f9-3227-4e94-8b04-8565222969bb.hd,https://www.latinmass.com/find-latin-mass,2026-05-18T15:02:38.874520
St Mary on the Hill,"St Mary Rd, Wednesbury WS10 9ED, UK",,,,52.556597,-2.020855,<p>Sun 11:30am; Sat 10:00am</p>,Diocesan Parish,Diocesan,https://www.Stmaryswednesbury.org.uk,,,<p>Sun 11:30am; Sat 10:00am</p>,https://media.mapme.com/places/7aa5c5fc-e686-4dc2-8b20-d7958afee135/gallery/c7944d68-f2bb-4967-a900-47874ad2fe91.hd,https://www.latinmass.com/find-latin-mass,2026-05-18T15:02:38.874520
St Ambrose,"61 Coventry St, Kidderminster DY10 2BZ, UK",,,,52.389927,-2.240673,"<p>1st Sundays 6:00pm (High)<br></p><p><a href=""http://www.stambrosekidderminster.org.uk/"" target=""_blank"" rel=""noopener noreferrer"">http://www.stambrosekidderminster.org.uk/</a><br></p>",Diocesan Parish,Diocesan,,,,"<p>1st Sundays 6:00pm (High)<br></p><p><a href=""http://www.stambrosekidderminster.org.uk/"" target=""_blank"" rel=""noopener noreferrer"">http://www.stambrosekidderminster.org.uk/</a><br></p>",https://media.mapme.com/places/4ec3d14a-f0fd-46e9-84cc-197899af3a0b/gallery/c592b07a-4d58-4d6b-a3f0-4fbb3d310d73.hd,https://www.latinmass.com/find-latin-mass,2026-05-18T15:02:38.874520
The Immaculate Conception and St Egwin Catholic  Evesham,"118 High St, Evesham WR11 4EJ, UK",,,,52.096628,-1.946184,<p>Tues 6:30pm</p>,Diocesan Parish,Diocesan,https://www.catholiceveshamandbroadway.org,,,<p>Tues 6:30pm</p>,https://media.mapme.com/places/be9f55d0-d277-499b-a3a0-f11bf3125e80/gallery/02ba0abf-26e3-4882-9956-72175deb7f25.hd,https://www.latinmass.com/find-latin-mass,2026-05-18T15:02:38.874520
St Aloysius Gonzaga,"25 Woodstock Rd, Oxford OX2 6HA, UK",,,,51.759456,-1.261271,<p>Sun 8:00am</p>,Other Community,Other,https://www.oxfordoratory.org.uk,,,<p>Sun 8:00am</p>,https://media.mapme.com/places/fe85ac1a-8062-48ef-ac6f-064d488a9d7c/gallery/7011e6c5-4b7c-4b2c-a5ab-1903243927b7.hd,https://www.latinmass.com/find-latin-mass,2026-05-18T15:02:38.874520
Catholic  of Sts Gregory and Augustine,"322 Woodstock Rd, Oxford OX2 7NS, UK",,,,51.782831,-1.273428,<p>3rd Sundays 12:00pm; Wed 6:00pm; Fri 6:00pm; 1st Thursdays 12:00pm</p>,Diocesan Parish,Diocesan,https://www.ssgregoryandaugustine.org,,,<p>3rd Sundays 12:00pm; Wed 6:00pm; Fri 6:00pm; 1st Thursdays 12:00pm</p>,https://media.mapme.com/places/db24921d-fea2-40c3-81e6-6e31e2f4ff87/gallery/8e3aa336-aa8d-4197-8abc-cb5ba0b69c56.hd,https://www.latinmass.com/find-latin-mass,2026-05-18T15:02:38.874520
"St Margaret Convent Chapel, Canning Town","St Margarets Convent, Bethell Ave, London E16 4JU, UK",,,,51.522881,0.015464,<p>Sun 6:00pm (High)</p>,Diocesan Parish,Diocesan,https://lms.org.uk,,,<p>Sun 6:00pm (High)</p>,https://media.mapme.com/places/d5d5af4a-dd5e-4a11-9003-d1026879c80c/gallery/2dcba273-3824-4c8d-bf5a-ffcf5816cc63.hd,https://www.latinmass.com/find-latin-mass,2026-05-18T15:02:38.874520
St Mary and St Ethelburga Barking,"41 Linton Rd., Barking IG11 8HG, UK",,,,51.539383,0.077718,"<p>Sun 12:00pm; Mon, Tues, Wed, Fri 7:45am; Thurs 7:00pm; Sat 9:30am</p>",Diocesan Parish,Diocesan,https://smebarking.com,,,"<p>Sun 12:00pm; Mon, Tues, Wed, Fri 7:45am; Thurs 7:00pm; Sat 9:30am</p>",https://media.mapme.com/places/8ef20462-7634-4b27-9404-fe65c8b7df3c/gallery/f514ed82-b3a9-431d-a28f-1d92b305c0e0.hd,https://www.latinmass.com/find-latin-mass,2026-05-18T15:02:38.874520
St John Vianney R C,"1 Stoneleigh Rd, Ilford IG5 0JB, UK",,,,51.587195,0.054751,<p>Mon 6:30pm</p>,Diocesan Parish,Diocesan,https://www.dioceseofbrentwood.net/parish/clayhall//st-john-vianney,,,<p>Mon 6:30pm</p>,https://media.mapme.com/places/20f9d946-d912-4bd8-8db6-6b6d67397e22/gallery/aff94a4e-54e0-4557-aa37-3a3698e03a28.hd,https://www.latinmass.com/find-latin-mass,2026-05-18T15:02:38.874520
Our Lady of Lourdes & St Joseph,"161 Leigh Rd, Leigh-on-Sea, Southend-on-Sea, Leigh-on-Sea SS9 1JF, UK",,,,51.543265,0.663887,<p>1st Sundays 4:00pm (High)</p>,Diocesan Parish,Diocesan,https://lourdesleigh.org,,,<p>1st Sundays 4:00pm (High)</p>,https://media.mapme.com/places/f780c18d-ab28-4c4a-9ab8-f36c49f05a08/gallery/784f5386-f158-43b1-a396-d13e8cd16793.hd,https://www.latinmass.com/find-latin-mass,2026-05-18T15:02:38.874520
St Theresa of Lisieux,"St Theresas Catholic Churh, High Ln, Stansted Mountfitchet, Stansted CM24 8LQ, UK",,,,51.910865,0.20016,<p>Tues 8:00pm</p><p>See website for additional Mass times</p>,Diocesan Parish,Diocesan,https://www.sttheresastansted.org,,,<p>Tues 8:00pm</p><p>See website for additional Mass times</p>,https://media.mapme.com/places/1ddb3500-9698-44a6-99a3-e08f3a744ed7/gallery/e718eeed-3eee-46ea-90ff-6dfdd204678d.hd,https://www.latinmass.com/find-latin-mass,2026-05-18T15:02:38.874520
Catholic  of St Teresa of the Child Jesus,"109 Ashingdon Rd, Rochford SS4 1RF, UK",,,,51.587883,0.698941,<p>3rd Sundays 12:00pm; 1st Saturdays 9:30am</p>,Diocesan Parish,Diocesan,https://www.rcrochford.co.uk/about,,,<p>3rd Sundays 12:00pm; 1st Saturdays 9:30am</p>,https://media.mapme.com/places/38795cf9-8599-4594-ab0c-bc2883c27607/gallery/59ef1454-eb42-4b08-a64a-932ec9717c49.hd,https://www.latinmass.com/find-latin-mass,2026-05-18T15:02:38.874520
Immaculate Conception Epping,"11 Church Hill, Epping CM16 4RA, UK",,,,51.702662,0.115578,<p>4th Sundays 3:00pm (High)</p>,Diocesan Parish,Diocesan,https://www.eppingcatholicchurch.co.uk,,,<p>4th Sundays 3:00pm (High)</p>,https://media.mapme.com/places/2a9da9f8-808c-461a-a505-71b712fbd9be/gallery/64f83e1a-c5a1-41e4-8cd8-66b5c3d1dc9d.hd,https://www.latinmass.com/find-latin-mass,2026-05-18T15:02:38.874520
St Mary Immaculate & The Holy Archangels Catholic Church,"Church St, Kelvedon, Colchester CO5 9AH, UK",,,,51.833413,0.696198,<p>5th Sundays 3:00pm; 1st Saturdays 12:15pm&nbsp;</p>,Diocesan Parish,Diocesan,https://kelvedoncatholicparish.org.uk,,,<p>5th Sundays 3:00pm; 1st Saturdays 12:15pm&nbsp;</p>,https://media.mapme.com/places/8d818183-836d-4294-bddd-b41230e34cc3/gallery/3487f38b-4ddb-450f-b906-77b3b23d15b7.hd,https://www.latinmass.com/find-latin-mass,2026-05-18T15:02:38.874520
St Philip Priory,"178 New London Rd, Chelmsford CM2 0AR, UK",,,,51.72686,0.463428,<p>2nd Sundays 12:30pm; 1st Fridays 7:30pm&nbsp;</p>,Diocesan Parish,Diocesan,https://www.chelmsfordcatholic.co.uk,,,<p>2nd Sundays 12:30pm; 1st Fridays 7:30pm&nbsp;</p>,https://media.mapme.com/places/332a5629-7a6e-4c6e-bbc9-44d303e18327/gallery/01ecce98-375a-45f2-b78b-a00ab548105d.hd,https://www.latinmass.com/find-latin-mass,2026-05-18T15:02:38.874520
Cardiff Oratory - St Alban on the Moors Parish,"Swinton St, Cardiff CF24 2NT, UK",,,,51.486229,-3.1496,"<p>Sun 8:00am, 11:15am (High); Mon-Fri 7:30am; Sat 8:00am&nbsp;</p><p>Contact Andrew Butcher, LMS Local Representative for updates: email cardiff@lms.org.uk or phone 07905 609770</p>",Other Community,Other,https://cardifforatory.co.uk,,,"<p>Sun 8:00am, 11:15am (High); Mon-Fri 7:30am; Sat 8:00am&nbsp;</p><p>Contact Andrew Butcher, LMS Local Representative for updates: email cardiff@lms.org.uk or phone 07905 609770</p>",https://media.mapme.com/places/11993779-151c-4e5c-8660-4888ced10a2e/gallery/2ef13cf7-fb9f-4e7d-bd7f-ca7d1f8dbbec.hd,https://www.latinmass.com/find-latin-mass,2026-05-18T15:02:38.874520
Most Holy Trinity,"70 New St, Ledbury HR8 2EE, UK",,,,52.033866,-2.427144,<p>Sun 11:30am</p>,Diocesan Parish,Diocesan,https://www.ledburycatholic.org.uk/home.htm,,,<p>Sun 11:30am</p>,,https://www.latinmass.com/find-latin-mass,2026-05-18T15:02:38.874520
The Cathedral of St John the Baptist,"Unthank Rd, Norwich NR2 2PA, UK",,,,52.629139,1.28396,<p>1st Sundays 3:00pm</p>,Diocesan Parish,Diocesan,https://www.sjbcathedral.org.uk,,,<p>1st Sundays 3:00pm</p>,https://media.mapme.com/places/6d769b10-55ff-4691-baf5-8f306fbb12ab/gallery/44ac5536-4e28-44e1-93a0-8ea1b8e5ce76.hd,https://www.latinmass.com/find-latin-mass,2026-05-18T15:02:38.874520
Cambridge Blackfriars,"Buckingham Rd, Cambridge CB3 0DD, UK",,,,52.21373,0.109227,<p>Sun 9:15am</p>,Other Community,Other,https://www.blackfriarscambridge.org.uk,,,<p>Sun 9:15am</p>,https://media.mapme.com/places/31139e03-72b4-4c57-8584-31a04b634315/gallery/d38074a7-1096-409c-a9d1-1caaca6570db.hd,https://www.latinmass.com/find-latin-mass,2026-05-18T15:02:38.874520
Our Lady Immaculate & St Edmund Chapel,"Chapel Ln, Colchester CO6 4TA, UK",,,,51.995027,0.932728,"<p>Sun 9:15am, 11:00am (High - last Sunday of the month); Mon 10:00am; Tues 8:00am; Wed 6:00pm; Thurs 8:00am; Fri 6:00pm; Sat 10:00am</p>",Other,Other,https://www.rcdea.org.uk/location/withermarsh-green,,,"<p>Sun 9:15am, 11:00am (High - last Sunday of the month); Mon 10:00am; Tues 8:00am; Wed 6:00pm; Thurs 8:00am; Fri 6:00pm; Sat 10:00am</p>",https://media.mapme.com/places/e653916d-6efc-4ff4-85c4-45ac820065b8/gallery/d8b09065-af4e-4a5c-ad1e-2f3344dd5d4b.hd,https://www.latinmass.com/find-latin-mass,2026-05-18T15:02:38.874520
St Joseph Parish,"58 Cromer Rd, Sheringham NR26 8RT, UK",,,,52.940119,1.212863,<p>Last Sundays 3:00pm</p>,Diocesan Parish,Diocesan,https://www.ourladyandstjoseph.info,,,<p>Last Sundays 3:00pm</p>,https://media.mapme.com/places/9a19f4d2-ffa5-4152-8e27-0d72cabdb02b/gallery/5a63435d-6a56-4678-8d39-63821fb32a35.hd,https://www.latinmass.com/find-latin-mass,2026-05-18T15:02:38.874520
Basilica of Our Lady of Walsingham - Catholic National Shrine of Our Lady,"Houghton St Giles, Little Walsingham, Walsingham NR22 6AL, UK",,,,52.880624,0.852718,<p>2nd Saturdays 9:00am</p>,Diocesan Parish,Diocesan,https://www.walsingham.org.uk,,,<p>2nd Saturdays 9:00am</p>,https://media.mapme.com/places/25040cde-2b28-45f4-9cf7-1aab7a1ca810/gallery/042b465b-d5ef-42be-8abe-6c8b3c6cb629.hd,https://www.latinmass.com/find-latin-mass,2026-05-18T15:02:38.874520
"St Dominic Catholic , Downham Market","17 Howdale Rd, Downham Market PE38 9AB, UK",,,,52.601625,0.380074,<p>Wed 7:00pm</p>,Diocesan Parish,Diocesan,https://www.Stdominics.org.uk,,,<p>Wed 7:00pm</p>,https://media.mapme.com/places/40c8550a-91ae-49a3-8474-ce4cff893820/gallery/011fbe17-9ba6-466d-9674-a8c9a3107d60.hd,https://www.latinmass.com/find-latin-mass,2026-05-18T15:02:38.874520
Instituto Magnificat,"R. Cel. Ernesto Beck, 1786 - Passo D'areia, Santa Maria - RS, 97010-140, Brazil",,,,-29.679259,-53.810569,<p>1st &amp; 3rd Sundays 6:30pm (High)</p>,Diocesan Parish,Diocesan,,,,<p>1st &amp; 3rd Sundays 6:30pm (High)</p>,,https://www.latinmass.com/find-latin-mass,2026-05-18T15:02:38.874520
Igreja Nossa Senhora do Rosário dos Pretos,"Praça. Dom Vital - Cidade Alta, Natal - RN, 59025-365, Brazil",,,,-5.783602,-35.209016,"<p>Sun 8:00am, 9:30am; Sat 5:00pm</p>",Diocesan Parish,Diocesan,https://www.instagram.com/missatridentinaemnatal,,,"<p>Sun 8:00am, 9:30am; Sat 5:00pm</p>",,https://www.latinmass.com/find-latin-mass,2026-05-18T15:02:38.874520
Capela São Francisco de Assisi,"R. Jorge Abraão, 166 - Jardim California, Jacareí - SP, 12305-730, Brazil",,,,-23.277251,-45.943931,"<p>Sun 9:00am</p><p><a href=""http://salvemariaauxiliadora.blogspot.com/"" target=""_blank"" rel=""noopener noreferrer"">http://salvemariaauxiliadora.blogspot.com/</a><br></p>",Other,Other,,,,"<p>Sun 9:00am</p><p><a href=""http://salvemariaauxiliadora.blogspot.com/"" target=""_blank"" rel=""noopener noreferrer"">http://salvemariaauxiliadora.blogspot.com/</a><br></p>",https://media.mapme.com/places/5c86e903-6eb3-4c32-976e-5991f74404ac/gallery/71017967-4d14-4f94-9802-0a48ad3a5f34.hd,https://www.latinmass.com/find-latin-mass,2026-05-18T15:02:38.874520
Igreja de São Francisco de Paula,"Largo São Francisco de Paula - Centro, Rio de Janeiro - RJ, 20051-070, Brazil",,,,-22.905289,-43.180664,<p>Wed 8:30am</p>,Other,Other,https://www.horariodemissa.com.br/igreja.php?k=nGCBB,,,<p>Wed 8:30am</p>,,https://www.latinmass.com/find-latin-mass,2026-05-18T15:02:38.874520
Sacred Heart and English Martyrs,"Dunelm Rd, Thornley, Durham DH6 3HA, UK",,,,54.749464,-1.441956,<p>Sun 9:15am</p>,Diocesan Parish,Diocesan,https://www.durhamlocate.org.uk/Services/2513/The-Sacred-Heart-and,,,<p>Sun 9:15am</p>,https://media.mapme.com/places/70acba70-d687-4eb2-bb3c-725e353fc0a8/gallery/cd98f3cc-bbc6-4192-a2a1-948b151a8f7a.hd,https://www.latinmass.com/find-latin-mass,2026-05-18T15:02:38.874520
Saint Joseph's Catholic Church,"E, church St, Coxhoe, Durham DH6 4DA, UK",,,,54.717209,-1.50434,<p>Thurs 12:00pm</p>,Diocesan Parish,Diocesan,https://diocesehn.org.uk/church/ss-joseph-patrick-and-cuthbert,,,<p>Thurs 12:00pm</p>,https://media.mapme.com/places/cf9857f1-621f-4f0e-bde0-e798192a06a6/gallery/c80daff6-501a-473c-bad8-0262409c4d2a.hd,https://www.latinmass.com/find-latin-mass,2026-05-18T15:02:38.874520
St Mary Immaculate,"Whittingham, Alnwick NE66 4SY, UK",,,,55.414069,-1.891648,<p>Tues 6:30pm</p>,Diocesan Parish,Diocesan,https://diocesehn.org.uk//st-mary-immaculate,,,<p>Tues 6:30pm</p>,https://media.mapme.com/places/3a6108b6-1e14-4efe-8c6d-9c2d6a4896f1/gallery/8ec18a5c-65b8-4368-bac5-19e4a91cd8aa.hd,https://www.latinmass.com/find-latin-mass,2026-05-18T15:02:38.874520
Capela Nossa Senhora do Líbano,"R. Pouso Alegre, 659 - Horto, Belo Horizonte - MG, 31110-010, Brazil",,,,-19.911122,-43.933135,<p>Sun 8:00am</p>,Other,Other,https://www.adapostolica.org,,,<p>Sun 8:00am</p>,,https://www.latinmass.com/find-latin-mass,2026-05-18T15:02:38.874520
St Walburge,"Pedder St, Ashton-on-Ribble, Preston PR2 2QE, UK",,,,53.762925,-2.714925,<p>Sun 10:30am (High); Mon-Sat 8:30am; Wed &amp; Sat 12:00pm</p><p>Please see website for Mass times on feast days</p>,Institute of Christ the King,ICKSP,https://icksp.org.uk/preston,,,<p>Sun 10:30am (High); Mon-Sat 8:30am; Wed &amp; Sat 12:00pm</p><p>Please see website for Mass times on feast days</p>,https://media.mapme.com/places/e1189c02-72d5-4995-85c9-a17a66eee8ab/gallery/bfde583a-6c73-4de4-a178-0c969fbe0c6c.hd,https://www.latinmass.com/find-latin-mass,2026-05-18T15:02:38.874520
Oratório São José,"R. Aiuruoca, 148 - São Paulo, Belo Horizonte - MG, 31910-444, Brazil",,,,-19.871234,-43.922108,<p>Every day at 7:00 PM; Tuesday to Friday at 6:00 AM</p>,Other,Other,https://www.adapostolica.org,,,<p>Every day at 7:00 PM; Tuesday to Friday at 6:00 AM</p>,,https://www.latinmass.com/find-latin-mass,2026-05-18T15:02:38.874520
Priorado Imaculado Coração de Maria,"R. Tuiuti, 590 - Nossa Sra. de Fátima, Santa Maria - RS, 97015-660, Brazil",,,,-29.694098,-53.818246,"<p>Sun 8:00am, 9:30am (High); Mon-Sat 7:15am, 6:30pm&nbsp;</p>",SSPX,SSPX,https://www.fsspx.com.br/priorados-missoes-e-comunidades-amigas,,,"<p>Sun 8:00am, 9:30am (High); Mon-Sat 7:15am, 6:30pm&nbsp;</p>",,https://www.latinmass.com/find-latin-mass,2026-05-18T15:02:38.874520
English Martyrs Rc,"18 Garstang Rd, Preston PR1 1NA, UK",,,,53.7692,-2.704367,"<p>Sun 9:00am; Mon, Tues, Thurs, Fri 12:00pm</p><p>See website for Mass times for feast days</p>",Diocesan Parish,Diocesan,https://latinmasslancaster.blogspot.com,,,"<p>Sun 9:00am; Mon, Tues, Thurs, Fri 12:00pm</p><p>See website for Mass times for feast days</p>",,https://www.latinmass.com/find-latin-mass,2026-05-18T15:02:38.874520
St Mary Catholic,"59 Main St, Hornby, Lancaster LA2 8JT, UK",,,,54.111426,-2.637001,<p>1st Saturdays 11:00am</p>,Diocesan Parish,Diocesan,https://www.lowerwensleydale.church/churches/st-marys-hornby,,,<p>1st Saturdays 11:00am</p>,https://media.mapme.com/places/3e3faec6-c7c4-481e-8a32-2c362162457e/gallery/f3d68345-9ba6-4e0e-ac18-0d81b3cc7da2.hd,https://www.latinmass.com/find-latin-mass,2026-05-18T15:02:38.874520
St Margaret Mary,"75 Scalegate Rd, Carlisle CA2 4JX, UK",,,,54.875464,-2.924603,<p>Sat 10:00am&nbsp;</p><p>Call 07715 539395 to verify Mass time</p>,Diocesan Parish,Diocesan,https://www.carlislecatholic.org/our-es/st-margaret-mary-s,,,<p>Sat 10:00am&nbsp;</p><p>Call 07715 539395 to verify Mass time</p>,https://media.mapme.com/places/681f5bbb-5693-42fa-a4af-e87e4b994075/gallery/a808f613-76a4-4e0c-a974-34153f060273.hd,https://www.latinmass.com/find-latin-mass,2026-05-18T15:02:38.874520
"St Patrick, Bradford","Sedgfield Terrace, Bradford BD1 2RU, UK",,,,53.797478,-1.762739,<p>Sun 1:00pm; Holy Days of Obligation 5:00pm</p>,Diocesan Parish,Diocesan,https://www.stpatricksmission.co.uk,,,<p>Sun 1:00pm; Holy Days of Obligation 5:00pm</p>,https://media.mapme.com/places/6d1b4759-54d9-4da7-856a-c0f1d0f924cf/gallery/c994d564-724a-406e-aa65-bbba87723e98.hd,https://www.latinmass.com/find-latin-mass,2026-05-18T15:02:38.874520
St Catherine Laboure,"Stanifield Ln, Farington, UK",,,,53.707542,-2.682739,<p>Tues &amp; Sat 12:00pm</p>,Diocesan Parish,Diocesan,https://offerimustibidomine.blogspot.com,,,<p>Tues &amp; Sat 12:00pm</p>,,https://www.latinmass.com/find-latin-mass,2026-05-18T15:02:38.874520
"St Mary, Wigan","Standishgate, Wigan WN1 1XL, UK",,,,53.550362,-2.627693,"<p>Thurs 7:30pm</p><p>Check with Fr. Ohea&nbsp;<br><span style=""color: inherit;"">01942 247561&nbsp;<br></span><span style=""color: inherit;""><a href=""stwilliam@rcaol.org.uk"" target=""_blank"" rel=""noopener noreferrer"">stwilliam@rcaol.org.uk&nbsp;</a></span></p>",Diocesan Parish,Diocesan,mailto:stwilliam@rcaol.org.uk,,,"<p>Thurs 7:30pm</p><p>Check with Fr. Ohea&nbsp;<br><span style=""color: inherit;"">01942 247561&nbsp;<br></span><span style=""color: inherit;""><a href=""stwilliam@rcaol.org.uk"" target=""_blank"" rel=""noopener noreferrer"">stwilliam@rcaol.org.uk&nbsp;</a></span></p>",,https://www.latinmass.com/find-latin-mass,2026-05-18T15:02:38.874520
Sacred Heart Centre,"Pentrepoeth School Rd, Morriston, Swansea SA6 6HX, UK",,,,51.667856,-3.924623,"<p>1st, 3rd, &amp; 5th Sundays 1:00pm</p><p>Check website to verify Mass times</p>",Diocesan Parish,Diocesan,https://sacredheartmorriston.org.uk,,,"<p>1st, 3rd, &amp; 5th Sundays 1:00pm</p><p>Check website to verify Mass times</p>",,https://www.latinmass.com/find-latin-mass,2026-05-18T15:02:38.874520
St David & St Patrick Catholic,"9 Fountain Row, Haverfordwest SA61 1SX, UK",,,,51.79862,-4.974252,<p>4th Sundays 4:00pm</p>,Diocesan Parish,Diocesan,https://stdavidandstpatrick.org,,,<p>4th Sundays 4:00pm</p>,,https://www.latinmass.com/find-latin-mass,2026-05-18T15:02:38.874520
York Oratory,"Duncombe Pl, York YO1 7EF, UK",,,,53.961766,-1.084691,<p>Sun 12:00pm (High); Mon-Fri 8:15am; Sat 9:15am</p>,Other Community,Other,https://www.yorkoratory.com/st-wilfrids,,,<p>Sun 12:00pm (High); Mon-Fri 8:15am; Sat 9:15am</p>,https://media.mapme.com/places/a74e7f2f-f079-42d5-81bf-e9b9b51db77a/gallery/cecbb923-01ff-4356-aaab-b840e1e4b8d0.hd,https://www.latinmass.com/find-latin-mass,2026-05-18T15:02:38.874520
St Andrew,"1 Bondfield Rd, Middlesbrough TS6 9BA, UK",,,,54.565417,-1.155615,<p>Sun 3:00pm</p>,Diocesan Parish,Diocesan,https://www.standrewsteesville.org.uk,,,<p>Sun 3:00pm</p>,,https://www.latinmass.com/find-latin-mass,2026-05-18T15:02:38.874520
Our Lady of Lourdes & St Peter Chanel,"119 Cottingham Rd, Hull HU5 2DH, UK",,,,53.768593,-0.361945,<p>Thurs 7:30pm</p>,Diocesan Parish,Diocesan,https://ollspc.com,,,<p>Thurs 7:30pm</p>,https://media.mapme.com/places/d5f876fe-c72e-4320-b66c-6a9514118d0b/gallery/1132ba31-82b6-44e9-a38a-ddddf7e6fb7d.hd,https://www.latinmass.com/find-latin-mass,2026-05-18T15:02:38.874520
Our Lady Catholic,"30 Amersham Rd, Chesham Bois, Amersham HP6 5PE, UK",,,,51.689977,-0.613599,<p>Sun 8:00am</p>,Diocesan Parish,Diocesan,https://ourladys-cheshambois.org,,,<p>Sun 8:00am</p>,https://media.mapme.com/places/f9b7fedc-6438-4834-b5c7-e83d4791c7bd/gallery/a98f5b65-c3df-417d-b762-c9cd158378a7.hd,https://www.latinmass.com/find-latin-mass,2026-05-18T15:02:38.874520
St Brendan,"Beanfield Ave, Corby NN18 0AZ, UK",,,,52.490298,-0.723518,<p>Sun 8:00am; Fri 7:00pm; Sat 10:00am</p>,Diocesan Parish,Diocesan,https://www.stbrendanscorby.org.uk,,,<p>Sun 8:00am; Fri 7:00pm; Sat 10:00am</p>,https://media.mapme.com/places/9cc76728-e28f-48b4-8b77-b1372ad57a53/gallery/e03b0fd8-0c45-4ec5-9e3c-9ce326066bc1.hd,https://www.latinmass.com/find-latin-mass,2026-05-18T15:02:38.874520
Good Shepherd,"3 Thackeray Ln, Woodthorpe, Nottingham NG5 4HT, UK",,,,52.993092,-1.136391,<p>Saturday before 2nd Sunday (anticipated Mass of Sunday) 4:30pm&nbsp;</p>,Diocesan Parish,Diocesan,https://www.goodshepherd-arnold.org.uk,,,<p>Saturday before 2nd Sunday (anticipated Mass of Sunday) 4:30pm&nbsp;</p>,,https://www.latinmass.com/find-latin-mass,2026-05-18T15:02:38.874520
Our Lady and St Patrick,"7 Robin Hood Way, Nottingham NG2 1HJ, UK",,,,52.94204,-1.151772,<p>3rd Sundays 3:00pm</p>,Diocesan Parish,Diocesan,https://olspnottingham.com,,,<p>3rd Sundays 3:00pm</p>,,https://www.latinmass.com/find-latin-mass,2026-05-18T15:02:38.874520
"St Joseph, Derby","Burton Rd, Derby DE1 1TJ, UK",,,,52.914186,-1.481967,<p>Sun 8:00am</p>,Diocesan Parish,Diocesan,,,,<p>Sun 8:00am</p>,,https://www.latinmass.com/find-latin-mass,2026-05-18T15:02:38.874520
Blessed Sacrament,"The Priests House, Gooding Ave, Leicester LE3 1JS, UK",,,,52.625994,-1.173307,<p>Sun 8:00am</p>,Diocesan Parish,Diocesan,https://www.westleicestercatholic.org,,,<p>Sun 8:00am</p>,https://media.mapme.com/places/2ea4e02e-9878-4cc1-905b-87f561a9e9ac/gallery/37a59ce1-ee34-45a3-8c3a-4fcb7a6023ec.hd,https://www.latinmass.com/find-latin-mass,2026-05-18T15:02:38.874520
St Mary Catholic,"24 Horncastle Rd, Boston PE21 9BU, UK",,,,52.984387,-0.018903,<p>1st &amp; 3rd Sundays 4:00pm (High)</p>,Diocesan Parish,Diocesan,https://stmarysboston.org.uk/home,,,<p>1st &amp; 3rd Sundays 4:00pm (High)</p>,,https://www.latinmass.com/find-latin-mass,2026-05-18T15:02:38.874520
Sacred Heart,"22 Grosvenor Rd, Skegness PE25 2DB, UK",,,,53.147018,0.336165,"<p>2nd &amp; 4th Sundays 4:30pm</p><p><a href=""http://skegnessrcparish.org/"" target=""_blank"" rel=""noopener noreferrer"">http://skegnessrcparish.org/</a><br></p>",Diocesan Parish,Diocesan,,,,"<p>2nd &amp; 4th Sundays 4:30pm</p><p><a href=""http://skegnessrcparish.org/"" target=""_blank"" rel=""noopener noreferrer"">http://skegnessrcparish.org/</a><br></p>",,https://www.latinmass.com/find-latin-mass,2026-05-18T15:02:38.874520
St Peter Catholic,"21 Hinckley Rd, Leicester LE3 0TA, UK",,,,52.631449,-1.148593,<p>Sat 11:00am</p>,Diocesan Parish,Diocesan,https://www.westleicestercatholic.org,,,<p>Sat 11:00am</p>,,https://www.latinmass.com/find-latin-mass,2026-05-18T15:02:38.874520
Saint Marys Rc Church,"St Marys Rc Church, 97 Ashby Rd, Loughborough LE11 3AB, UK",,,,52.772419,-1.217416,"<p>Wed 6:30pm</p><p><a href=""http://www.stmarysloughborough.org.uk/"" target=""_blank"" rel=""noopener noreferrer"">http://www.stmarysloughborough.org.uk/</a><br></p>",Diocesan Parish,Diocesan,,,,"<p>Wed 6:30pm</p><p><a href=""http://www.stmarysloughborough.org.uk/"" target=""_blank"" rel=""noopener noreferrer"">http://www.stmarysloughborough.org.uk/</a><br></p>",,https://www.latinmass.com/find-latin-mass,2026-05-18T15:02:38.874520
St Joseph Catholic,"Station Rd, Oakham LE15 6QU, UK",,,,52.672403,-0.730261,<p>Fri 7:00pm</p>,Diocesan Parish,Diocesan,https://www.stjosephs-oakham.org,,,<p>Fri 7:00pm</p>,,https://www.latinmass.com/find-latin-mass,2026-05-18T15:02:38.874520
"Catholic Parish of St Mary and St Augustine, Stamford","13 Broad St, Stamford PE9 1PG, UK",,,,52.653563,-0.477685,<p>Thurs 7:00pm</p>,Diocesan Parish,Diocesan,https://www.catholicstamford.com,,,<p>Thurs 7:00pm</p>,https://media.mapme.com/places/77d75d49-6eee-42d5-b96b-d6ffcd23c2b6/gallery/65b0cf6a-39a7-4739-a262-02ac7bcc2b90.hd,https://www.latinmass.com/find-latin-mass,2026-05-18T15:02:38.874520
St Edward the Confessor,"Home Park Ave, Peverell, Plymouth PL3 4PG, UK",,,,50.38905,-4.137625,<p>Sun 8:30am (High); 1st Saturdays 11:30am</p>,Diocesan Parish,Diocesan,https://www.plymouth-diocese.org.uk//plymouth-st-edward-confessor-peverell,,,<p>Sun 8:30am (High); 1st Saturdays 11:30am</p>,,https://www.latinmass.com/find-latin-mass,2026-05-18T15:02:38.874520
St Joseph & St Anne,"St Mawgan, Newquay TR8 4ER, UK",,,,50.454261,-4.999179,"<p>Sundays &amp; Holy Days of Obligation 8:30am, 10:00am (High); Mon-Sat 8:00am; Thurs 6:15pm&nbsp;</p>",Institute of Christ the King,ICKSP,https://lms.org.uk//st-joseph-and-st-anne-newquay,,,"<p>Sundays &amp; Holy Days of Obligation 8:30am, 10:00am (High); Mon-Sat 8:00am; Thurs 6:15pm&nbsp;</p>",https://media.mapme.com/places/f85bdad1-1364-4883-a7e8-6328d18fb5fa/gallery/f17f23ac-63d1-4932-8e36-b80a02be969b.hd,https://www.latinmass.com/find-latin-mass,2026-05-18T15:02:38.874520
Holy Angels',"Queensway, Torquay TQ2 6BP, UK",,,,50.469932,-3.553011,<p>Sun 10:30am (High); Mon 8:30am; Tues 8:30am; Wed 12:00pm; Thurs 8:30am; Fri 12:00pm (High); Sat 8:30am&nbsp;</p>,Institute of Christ the King,ICKSP,https://icksp.org.uk/plymouth/mass-times-for-holy-angels-torquay,,,<p>Sun 10:30am (High); Mon 8:30am; Tues 8:30am; Wed 12:00pm; Thurs 8:30am; Fri 12:00pm (High); Sat 8:30am&nbsp;</p>,https://media.mapme.com/places/1c20977f-d090-404a-bea4-ab53429465d6/gallery/1d176c88-ab99-4552-aebd-e27a70f9106d.hd,https://www.latinmass.com/find-latin-mass,2026-05-18T15:02:38.874520
Our Lady of Lourdes & St Cecilia,"Presbytery, Whitecliff Mill St, Blandford Forum DT11 7BN, UK",,,,50.860167,-2.166323,<p>Sat 9:30am; Feast of the Sacred Heart (16 June 2023) 12:00pm</p>,Diocesan Parish,Diocesan,https://blandfordcatholics.org,,,<p>Sat 9:30am; Feast of the Sacred Heart (16 June 2023) 12:00pm</p>,https://media.mapme.com/places/f67f0f7c-dd71-4e37-b34b-2bb6a4330774/gallery/5fbf1aa8-5339-4141-af14-84eedaffc0ff.hd,https://www.latinmass.com/find-latin-mass,2026-05-18T15:02:38.874520
St John Cathedral,"Bishop Crispian Way, Portsmouth PO1 3HQ, UK",,,,50.800292,-1.094741,<p>Sun 8:00am</p>,Diocesan Parish,Diocesan,https://www.portsmouthcatholiccathedral.org.uk,,,<p>Sun 8:00am</p>,https://media.mapme.com/places/41a92048-18e3-4dac-84f7-c36b374aa136/gallery/7bb6c0f8-3b9e-472e-8e2b-948c11d4dbcd.hd,https://www.latinmass.com/find-latin-mass,2026-05-18T15:02:38.874520
"St William Of York, Reading","46 Upper Redlands Rd, Reading RG1 5JP, UK",,,,51.446055,-0.946469,"<p>Sun 11:00am (High); Mon 12:00pm ; Tues 7:00am; Wed 12:00pm; Thurs 10:00am; Fri 7:30pm; Sat 8:00am</p><p>For all weekday Masses, call 0118 966 5284 or visit <a href=""www.fssp.org.uk/reading"" target=""_blank"" rel=""noopener noreferrer"">www.fssp.org.uk/reading</a> for details</p>",Diocesan Parish,Diocesan,https://www.jameswilliam-reading.org.uk,,,"<p>Sun 11:00am (High); Mon 12:00pm ; Tues 7:00am; Wed 12:00pm; Thurs 10:00am; Fri 7:30pm; Sat 8:00am</p><p>For all weekday Masses, call 0118 966 5284 or visit <a href=""www.fssp.org.uk/reading"" target=""_blank"" rel=""noopener noreferrer"">www.fssp.org.uk/reading</a> for details</p>",https://media.mapme.com/places/148cc825-cb7f-4bbb-87b9-f72593f368e6/gallery/f36dae6a-ba86-44ab-b504-3b69b716c11b.hd,https://www.latinmass.com/find-latin-mass,2026-05-18T15:02:38.874520
Holy Rood,"38 Abingdon Rd, Oxford OX1 4PD, UK",,,,51.743837,-1.256238,<p>Sun 5:00pm (High); Fri 12:30pm</p>,Diocesan Parish,Diocesan,https://hinkseyparish.org/our-es/holy-rood,,,<p>Sun 5:00pm (High); Fri 12:30pm</p>,,https://www.latinmass.com/find-latin-mass,2026-05-18T15:02:38.874520
English Martyrs,"15 Manor Cres, Didcot OX11 7AJ, UK",,,,51.607025,-1.254023,<p>1st Sundays 7:30am; Wed 6:30pm</p>,Diocesan Parish,Diocesan,https://www.didcotandwallingfordcatholices.org,,,<p>1st Sundays 7:30am; Wed 6:30pm</p>,,https://www.latinmass.com/find-latin-mass,2026-05-18T15:02:38.874520
Holy Family Catholic,"Redbridge Hill, Southampton SO16 4PL, UK",,,,50.927052,-1.450939,<p>Sun 9:00am (High); Thurs 7:30pm&nbsp;</p>,Diocesan Parish,Diocesan,https://www.holyfamilycatholicchurch.co.uk/,,,<p>Sun 9:00am (High); Thurs 7:30pm&nbsp;</p>,,https://www.latinmass.com/find-latin-mass,2026-05-18T15:02:38.874520
St Joseph,"Tangier Rd, Portsmouth PO3 6JH, UK",,,,50.80865,-1.062,<p>Mon-Sat 7:00am</p><p>Check parish newsletters or websites</p>,Diocesan Parish,Diocesan,https://ccsj.uk,,,<p>Mon-Sat 7:00am</p><p>Check parish newsletters or websites</p>,https://media.mapme.com/places/5be1a263-2081-4231-95d2-27e47195709f/gallery/c56881ee-6692-4ed8-a74e-584d07516d2c.hd,https://www.latinmass.com/find-latin-mass,2026-05-18T15:02:38.874520
St Thomas More Catholic,"42 Exton Rd, Bournemouth BH6 5QG, UK",,,,50.737492,-1.805746,"<p>Sun 4:00pm</p><p><a href=""http://Stthomasmore.org.uk/st/"" target=""_blank"" rel=""noopener noreferrer"">http://Stthomasmore.org.uk/st/</a><br></p>",Diocesan Parish,Diocesan,,,,"<p>Sun 4:00pm</p><p><a href=""http://Stthomasmore.org.uk/st/"" target=""_blank"" rel=""noopener noreferrer"">http://Stthomasmore.org.uk/st/</a><br></p>",https://media.mapme.com/places/bbb46557-30a3-4f7e-8185-cde5c9a82a3f/gallery/6258cb86-22d9-4224-a247-de3e543fff37.hd,https://www.latinmass.com/find-latin-mass,2026-05-18T15:02:38.874520
Bournemouth Oratory,"1 Albert Rd, Bournemouth BH1 1BZ, UK",,,,50.721135,-1.878486,<p>1st Fridays 6:00pm</p>,Diocesan Parish,Diocesan,https://www.bournemouthoratory.org.uk,,,<p>1st Fridays 6:00pm</p>,https://media.mapme.com/places/7291ccdf-61b1-47f4-9d05-ce7f3d31a880/gallery/65c6854a-286c-4a84-8429-fc24d7fde81f.hd,https://www.latinmass.com/find-latin-mass,2026-05-18T15:02:38.874520
St Thomas,"Terminus Rd, Cowes PO31 7TJ, UK",,,,50.761992,-1.299585,<p>Most Thursdays 12:00pm</p><p>Call Peter Clarke 07790 892592 for details</p>,Diocesan Parish,Diocesan,,,,<p>Most Thursdays 12:00pm</p><p>Call Peter Clarke 07790 892592 for details</p>,,https://www.latinmass.com/find-latin-mass,2026-05-18T15:02:38.874520
Manchester Oratory,"St Chad's Roman Catholic Church, Cheetham Hill, Manchester M4 4EX, UK",,,,53.492255,-2.240147,<p>Sun 4:45pm</p>,Diocesan Parish,Diocesan,https://www.manchesteroratory.org,,,<p>Sun 4:45pm</p>,https://media.mapme.com/places/8daa764b-6db8-4bfe-bc47-ac97f392e1ea/gallery/9c855553-56a0-4690-aa82-ccdf89566682.hd,https://www.latinmass.com/find-latin-mass,2026-05-18T15:02:38.874520
St Winefride,"187 Crowmere Rd, Shrewsbury SY2 5LA, UK",,,,52.710797,-2.724194,<p>Sun 12:30pm (High); Mon 10:00am; Tues 6:30pm; Wed 7:00am; Thurs 6:30pm; Fri 10:00am; Sat 10:00am</p>,Institute of Christ the King,ICKSP,https://icksp.org.uk/shrewsbury,,,<p>Sun 12:30pm (High); Mon 10:00am; Tues 6:30pm; Wed 7:00am; Thurs 6:30pm; Fri 10:00am; Sat 10:00am</p>,https://media.mapme.com/places/1218957e-56d1-49c6-bfc5-2c7108ae6f87/gallery/f9f788c7-43cf-42cb-853c-44da5283883b.hd,https://www.latinmass.com/find-latin-mass,2026-05-18T15:02:38.874520
Seminário da Prainha - Igreja Nossa Senhora da Conceição,"Av. Monsenhor Tabosa - Centro, Fortaleza - CE, 60165-010, Brazil",,,,-3.72381,-38.515572,<p>Sun 10:00am</p>,College,College,https://www.arquidiocesedefortaleza.org.br/regioes/regiao-metropolitana-sao-jose/paroquias-da-regiao-sao-jose/paroquia-sao-jose-catedral-metropolitana-de-fortaleza,,,<p>Sun 10:00am</p>,,https://www.latinmass.com/find-latin-mass,2026-05-18T15:02:38.874520
Oratório Nossa Senhora do Rosário,"R. da Conceição, 177 - Boa Vista, Recife - PE, 50060-130, Brazil",,,,-8.060751,-34.886656,<p>Sun 11:00am; Wed 7:00pm; Sat 3:00pm</p>,Diocesan Parish,Diocesan,https://missatridentinanorecife.wordpress.com,,,<p>Sun 11:00am; Wed 7:00pm; Sat 3:00pm</p>,,https://www.latinmass.com/find-latin-mass,2026-05-18T15:02:38.874520
Église St Clément,"4 Rue Lorette de la Refoulais, 44000 Nantes, France",,,,47.221208,-1.546417,<p>Sun 9:30am</p>,FSSP,FSSP,https://fsspnantes.fr,,,<p>Sun 9:30am</p>,https://media.mapme.com/places/14f3affc-8aa8-499d-bbbd-c8b80caf4b20/gallery/aa0c450e-a9f0-4e98-b8ed-407e75abdacd.hd,https://www.latinmass.com/find-latin-mass,2026-05-18T15:02:38.874520
St Bede,"58 Thornton Rd, London SW12 0LF, UK",,,,51.44473,-0.13503,<p>Sun 11:00am (High); 12:30pm; Mon-Thurs 12:15pm; Fri 6:45pm; Sat 9:30am</p><p>Check newsletter to verify weekday Mass times</p>,Diocesan Parish,Diocesan,https://stbedesclaphampark.org.uk,,,<p>Sun 11:00am (High); 12:30pm; Mon-Thurs 12:15pm; Fri 6:45pm; Sat 9:30am</p><p>Check newsletter to verify weekday Mass times</p>,https://media.mapme.com/places/4dad68c5-7088-4a96-aaae-5af61f8986e4/gallery/8da45878-d45f-49fb-b528-a5a6059068ca.hd,https://www.latinmass.com/find-latin-mass,2026-05-18T15:02:38.874520
"Oratory of St Mary Magdalen Catholic , Wandsworth","96 North Side Wandsworth Common, London SW18 2QU, UK",,,,51.458494,-0.182966,<p>Sun 11:00am (High); Tues 10:30am; Fri 7:00pm; 1st Saturdays 10:30am (High)</p>,Diocesan Parish,Diocesan,https://www.stmarymagdalens.co.uk,,,<p>Sun 11:00am (High); Tues 10:30am; Fri 7:00pm; 1st Saturdays 10:30am (High)</p>,https://media.mapme.com/places/4ecbafe6-db15-4a92-96f6-be03056a3574/gallery/f0da2ce8-a083-4a07-9808-17265d630ea0.hd,https://www.latinmass.com/find-latin-mass,2026-05-18T15:02:38.874520
St Mary,"Crown Ln, Chislehurst BR7 5PL, UK",,,,51.407863,0.072257,<p>Sun 11:00am (High); Thurs 10:00am; Fri 7:00pm</p>,Diocesan Parish,Diocesan,https://www.stmarys-chislehurst.com,,,<p>Sun 11:00am (High); Thurs 10:00am; Fri 7:00pm</p>,https://media.mapme.com/places/4540e204-6928-4a2d-8f85-0939365ee185/gallery/4596b185-f9d2-40a9-82e1-0d440502870c.hd,https://www.latinmass.com/find-latin-mass,2026-05-18T15:02:38.874520
"Our Lady & St Peter RC , Wimbledon","15 Victoria Dr, London SW19 6AD, UK",,,,51.447289,-0.219941,"<p>Fri 6:30pm</p><p><a href=""http://ourladyandstpeterwimbledoncommon.com/"" target=""_blank"" rel=""noopener noreferrer"">http://ourladyandstpeterwimbledoncommon.com/</a><br></p>",Diocesan Parish,Diocesan,,,,"<p>Fri 6:30pm</p><p><a href=""http://ourladyandstpeterwimbledoncommon.com/"" target=""_blank"" rel=""noopener noreferrer"">http://ourladyandstpeterwimbledoncommon.com/</a><br></p>",https://media.mapme.com/places/788d659b-18ef-4197-9943-829faa5cd0ef/gallery/5c2bf354-0826-4078-9b01-36718c9d696f.hd,https://www.latinmass.com/find-latin-mass,2026-05-18T15:02:38.874520
St Thomas More Catholic  hall,"420a Long Ln, Bexleyheath DA7 5JW, UK",,,,51.473338,0.12926,<p>Sat 10:00am</p><p>Call 01372 457651 to verify Mass time</p>,Diocesan Parish,Diocesan,https://www.st-thomasmorebostallpark.org.uk,,,<p>Sat 10:00am</p><p>Call 01372 457651 to verify Mass time</p>,https://media.mapme.com/places/04f3844a-f9f4-4e39-a10d-4b89f7cfeda5/gallery/32af4a57-d9fb-4edb-8fe7-bb98492d7181.hd,https://www.latinmass.com/find-latin-mass,2026-05-18T15:02:38.874520
"Sts Ethelbert & Gertrude, Ramsgate","72 Hereson Rd, Ramsgate CT11 7DS, UK",,,,51.33966,1.424935,<p>Wed 9:30am</p>,Diocesan Parish,Diocesan,https://rcramsgate.org.uk,,,<p>Wed 9:30am</p>,,https://www.latinmass.com/find-latin-mass,2026-05-18T15:02:38.874520
The Catholic  of the English Martyrs,"37 Frindsbury Rd, Rochester ME2 4JA, UK",,,,51.400922,0.499576,<p>Sat 9:30am</p>,Diocesan Parish,Diocesan,https://www.englishmartyrsrccstrood.org,,,<p>Sat 9:30am</p>,https://media.mapme.com/places/dc9cc68c-770f-45c4-8582-a4fb3b5b231d/gallery/79385f2d-d353-44dd-9d31-e3ef7ae1012e.hd,https://www.latinmass.com/find-latin-mass,2026-05-18T15:02:38.874520
"Capela Santa Luzia, Vitória, Espírito Santo, Brasil","R. José Marcelino - Centro, Vitória - ES, 29015-120, Brazil",,,,-20.320023,-40.337789,"<p>Sun 8:30am, 10:00am; First Fridays 7:00pm; Sat 4:30pm</p>",Other,Other,https://www.instagram.com/missatridentinaes/?hl=pt-br,,,"<p>Sun 8:30am, 10:00am; First Fridays 7:00pm; Sat 4:30pm</p>",,https://www.latinmass.com/find-latin-mass,2026-05-18T15:02:38.874520
Venerável Irmandade do Príncipe dos Apóstolos São Pedro,"Av. Paulo de Frontin, 566 - Rio Comprido, Rio de Janeiro - RJ, 20261-243, Brazil",,,,-22.925198,-43.209864,<p>Sun 8:00am</p>,Other,Other,https://www.facebook.com/saopedrovipasp,,,<p>Sun 8:00am</p>,,https://www.latinmass.com/find-latin-mass,2026-05-18T15:02:38.874520
Corpus Christi,"410 22nd Ave NE, Great Falls, Montana 59404, USA",,,,47.52592,-111.304775,<p>Tues 5:30pm; Wed-Fri 7:00am; Sat 9:00am&nbsp; [7am Advent through Lent]</p>,Diocesan Parish,Diocesan,https://corpuschristigreatfalls.blogspot.com/p/parish-schedule.html,,,<p>Tues 5:30pm; Wed-Fri 7:00am; Sat 9:00am&nbsp; [7am Advent through Lent]</p>,,https://www.latinmass.com/find-latin-mass,2026-05-18T15:02:38.874520
Holy Spirit,"520 S 18th St, Plattsmouth, Nebraska 68048, USA",,,,41.005005,-95.903254,"<p>Sunday 12:30pm (low mass), 3rd Sunday 12:30pm (high mass); 1st Fridays 8:10am</p>",Diocesan,Diocesan,https://holyspiritplattsmouth.com,,,"<p>Sunday 12:30pm (low mass), 3rd Sunday 12:30pm (high mass); 1st Fridays 8:10am</p>",,https://www.latinmass.com/find-latin-mass,2026-05-18T15:02:38.874520
Paróquia Nossa Senhora do Rosário de Fátima,"R. Amaral Peixoto, 120 - Ponte Preta, Santo Antônio de Pádua - RJ, 28470-000, Brazil",,,,-21.541358,-42.18538,"<p>Sun 7:00am, 9:00am, 7:00pm; Mon 7:00am, 7:00pm; Tues 7:00am; Wed 7:00am, 7:00pm; Thurs 7:00am, 7:00pm; Fri 7:00am; 7:00pm</p>",Other,Other,https://www.adapostolica.org/paroquias,,,"<p>Sun 7:00am, 9:00am, 7:00pm; Mon 7:00am, 7:00pm; Tues 7:00am; Wed 7:00am, 7:00pm; Thurs 7:00am, 7:00pm; Fri 7:00am; 7:00pm</p>",,https://www.latinmass.com/find-latin-mass,2026-05-18T15:02:38.874520
IBP (Instituto Bom Pastor),"Av. Mauro Ramos, 901 - Centro, Florianópolis - SC, 88020-302, Brazil",,,,-27.593281,-48.543599,<p>Last Sunday of every month. See webpage for times.&nbsp;</p>,Other,Other,https://www.instagram.com/missatridentinafln,,,<p>Last Sunday of every month. See webpage for times.&nbsp;</p>,,https://www.latinmass.com/find-latin-mass,2026-05-18T15:02:38.874520
Capilla San Atanasio,"C. Arista 1974, Santa Teresita, 44600 Guadalajara, Jal., Mexico",,,,20.688171,-103.367427,"<p>Sun 8:00am, 10:00am, 7:00pm; Mon-Sat 7:15am</p>",SSPX,SSPX,https://fsspx.mx/es/misi%C3%B3n-san-atanasio-guadalajara,,,"<p>Sun 8:00am, 10:00am, 7:00pm; Mon-Sat 7:15am</p>",https://media.mapme.com/places/b247f4cf-8f1f-407f-a5f4-86b66e1d95f9/gallery/423c8b09-44b7-4a59-96cc-279299118cb2.hd,https://www.latinmass.com/find-latin-mass,2026-05-18T15:02:38.874520
Nuestra Señora del Rosario,"Fray Juan de Zumarraga 704, Guadalupe, 20817 León, Gto., Mexico",,,,21.112119,-101.691108,"<p>Sun 7:30am, 9:00am, 11:00am; Weekdays 7:15am</p>",SSPX,SSPX,https://fsspx.mx/es/priorato-nuestra-se%C3%B1ora-del-rosario-le%C3%B3n,,,"<p>Sun 7:30am, 9:00am, 11:00am; Weekdays 7:15am</p>",https://media.mapme.com/places/d6cfd563-669d-455b-93e2-095347bf60d2/gallery/f2734b77-842c-435d-abe2-af70ccbc1400.hd,https://www.latinmass.com/find-latin-mass,2026-05-18T15:02:38.874520
All Sts Parish,"R. Capri, 53a - Jardim Santa Emília, Embu das Artes - SP, 06820-420, Brazil",,,,-23.662148,-46.798196,<p>Sun 5:00pm</p>,Other,Other,https://www.instagram.com/paroquiatodosossantosembu,,,<p>Sun 5:00pm</p>,,https://www.latinmass.com/find-latin-mass,2026-05-18T15:02:38.874520
Priorado São Sebastião - Igreja São Sebastião,"28360-000 - Pirapetinga de Bom Jesus, Bom Jesus do Itabapoana - RJ, 28360-000, Brazil",,,,-21.021089,-41.801439,<p>Sun 12:00pm; Weekdays 6:00pm</p>,SSPX,SSPX,https://www.fsspx.com.br/priorados-missoes-e-comunidades-amigas,,,<p>Sun 12:00pm; Weekdays 6:00pm</p>,,https://www.latinmass.com/find-latin-mass,2026-05-18T15:02:38.874520
Capela Imaculada Conceição,"R. Cap Augusto Sáles Pupo, 49 - Jardim Chapadão, Campinas - SP, 13070-114, Brazil",,,,-22.88443,-47.072008,<p>Sun 10:30am; 1st Fridays 6:00pm; 1st Saturdays 10:00am</p>,SSPX,SSPX,https://www.fsspx.com.br,,,<p>Sun 10:30am; 1st Fridays 6:00pm; 1st Saturdays 10:00am</p>,,https://www.latinmass.com/find-latin-mass,2026-05-18T15:02:38.874520
Patroness of Hungary,"Budapest, Thököly út 116, 1146 Hungary",,,,47.513889,19.102201,<p>Sun 10:00am; Sat 6:00pm</p>,SSPX,SSPX,https://fsspx.hu/hu/miserend,,,<p>Sun 10:00am; Sat 6:00pm</p>,,https://www.latinmass.com/find-latin-mass,2026-05-18T15:02:38.874520
Église St-Etienne,"47 Rue de l'Hôpital Militaire, 59800 Lille, France",,,,50.635294,3.059716,<p>Sun 10:00am; see the website for additional Mass times throughout the week</p>,Institute of Christ the King,ICKSP,https://icrsp-lille.fr,,,<p>Sun 10:00am; see the website for additional Mass times throughout the week</p>,,https://www.latinmass.com/find-latin-mass,2026-05-18T15:02:38.874520
Iglesia Nuestra Señora de la Soledad,"Balcarce 267, M5501 Godoy Cruz, Mendoza, Argentina",,,,-32.922401,-68.841706,"<p>Sun 7:30am, 9:00am, 10:30am, 12:30pm</p>",SSPX,SSPX,https://www.fsspx-sudamerica.org/es/priorato-san-jos%C3%A9,,,"<p>Sun 7:30am, 9:00am, 10:30am, 12:30pm</p>",https://media.mapme.com/places/56f6c6e0-6a1f-4aff-b219-a185284062c4/gallery/71f8bd2f-2570-4e1b-8457-04b40c7127d4.hd,https://www.latinmass.com/find-latin-mass,2026-05-18T15:02:38.874520
Benedenkapel van de H. Bloedbasiliek,"Burg 13, 8000 Brugge, Belgium",,,,51.20896,3.227396,<p>Last Sunday of the month 10:30am</p>,Diocesan Parish,Diocesan,https://tridentijnsemis.blogspot.com/p/misuren.html,,,<p>Last Sunday of the month 10:30am</p>,,https://www.latinmass.com/find-latin-mass,2026-05-18T15:02:38.874520
St Edward,"5788 Thornton Ave, Newark, California 94560, USA",,,,37.539558,-122.027673,"<p>Thurs 7:00pm</p><p><a href=""http://www.stedwardcatholic.com/"" target=""_blank"" rel=""noopener noreferrer"">http://www.stedwardcatholic.com/</a><br></p>",Diocesan Parish,Diocesan,,,,"<p>Thurs 7:00pm</p><p><a href=""http://www.stedwardcatholic.com/"" target=""_blank"" rel=""noopener noreferrer"">http://www.stedwardcatholic.com/</a><br></p>",,https://www.latinmass.com/find-latin-mass,2026-05-18T15:02:38.874520
Our Lady of Grace Catholic,"3433 Somerset Ave, Castro Valley, California 94546, USA",,,,37.701512,-122.083087,<p>First Fridays 7:00pm (High)</p>,Other,Other,https://olgcv.org,,,<p>First Fridays 7:00pm (High)</p>,,https://www.latinmass.com/find-latin-mass,2026-05-18T15:02:38.874520
St Francis of Assisi,"1425 Bay Rd, East Palo Alto, California 94303, USA",,,,37.471715,-122.144001,"<p>Fri 6:00pm</p><p><a href=""http://www.sfofassisi.org/"" target=""_blank"" rel=""noopener noreferrer"">http://www.sfofassisi.org/</a><br></p>",Diocesan Parish,Diocesan,,,,"<p>Fri 6:00pm</p><p><a href=""http://www.sfofassisi.org/"" target=""_blank"" rel=""noopener noreferrer"">http://www.sfofassisi.org/</a><br></p>",,https://www.latinmass.com/find-latin-mass,2026-05-18T15:02:38.874520
Kapelle Hl. Kaiser Heinrich,"Friedrichstraße 13, 96047 Bamberg, Germany",,,,49.891741,10.894475,"<p>Sun 7:15am, 8:30am</p>",SSPX,SSPX,https://fsspx.today/chapel/bamberg,,,"<p>Sun 7:15am, 8:30am</p>",,https://www.latinmass.com/find-latin-mass,2026-05-18T15:02:38.874520
Kapelle zur Unbefleckten Empfängnis,"Angerzeile 14, 90513 Zirndorf, Germany",,,,49.439602,10.961509,<p>Sun 10:00am; Sat 6:00pm</p>,SSPX,SSPX,https://fsspx.today/chapel/nuernberg,,,<p>Sun 10:00am; Sat 6:00pm</p>,,https://www.latinmass.com/find-latin-mass,2026-05-18T15:02:38.874520
Priorat St Petrus,"Dillenburger Str. 4, 14199 Berlin, Germany",,,,52.468244,13.308511,"<p>Sun 8:00am, 10:00am (High), 6:00pm; Mon-Thurs 7:15am, 6:30pm; Fri 6:30pm; Sat 8:00am<br></p>",SSPX,SSPX,https://fsspx.de/de/berlin-das-priorat-st-petrus,,,"<p>Sun 8:00am, 10:00am (High), 6:00pm; Mon-Thurs 7:15am, 6:30pm; Fri 6:30pm; Sat 8:00am<br></p>",https://media.mapme.com/places/55cf67f9-9d67-4200-ac64-512f96c1248b/gallery/f057429e-30ac-4c8a-aeb5-8fdc7c5801cb.hd,https://www.latinmass.com/find-latin-mass,2026-05-18T15:02:38.874520
Sühnekapelle der vereinten Herzen Jesu und Mariä,"Hagstedt 142, 49429 Visbek, Germany",,,,52.802515,8.257901,"<p>Sun 9:30am, 5:30pm</p>",SSPX,SSPX,https://fsspx.de/de/content/3275,,,"<p>Sun 9:30am, 5:30pm</p>",https://media.mapme.com/places/4fa0c6b7-ffda-476b-a8eb-58e0976e12d2/gallery/e5b4485a-a0bd-4af4-918b-6ea1819ccfad.hd,https://www.latinmass.com/find-latin-mass,2026-05-18T15:02:38.874520
Kapelle St Theresia von Avila,"Alsterdorfer Str. 210, 22297 Hamburg, Germany",,,,53.606032,10.001693,"<p>Sun 8:30am, 10:30am (High)</p>",SSPX,SSPX,https://fsspx.today/chapel/hamburg,,,"<p>Sun 8:30am, 10:30am (High)</p>",,https://www.latinmass.com/find-latin-mass,2026-05-18T15:02:38.874520
Sankt Ansgar,"Lange-Feld-Straße 63, 30926 Seelze, Germany",,,,52.395681,9.635053,<p>Sun 9:30am</p>,SSPX,SSPX,https://fsspx.de/de/letter-hannover-sankt-ansgar,,,<p>Sun 9:30am</p>,https://media.mapme.com/places/ee152f37-394d-49b1-9002-e9060ce3fbd6/gallery/1e05df94-8749-46bf-a5e6-504547eb0e96.hd,https://www.latinmass.com/find-latin-mass,2026-05-18T15:02:38.874520
Our Lady of Sorrows Priory,"11 Amelia St, Roodepoort, 1725, South Africa",,,,-26.159176,27.864842,"<p>Sun 7:30am, 9:30am (High Mass); Weekdays 7:15am; Sat 7:30am + Benediction</p>",SSPX,SSPX,https://africa.fsspx.org/en/news-events/news/roodepoort-our-lady-sorrows-priory-58190,,,"<p>Sun 7:30am, 9:30am (High Mass); Weekdays 7:15am; Sat 7:30am + Benediction</p>",https://media.mapme.com/places/c0b99aad-f886-4749-877c-90c289ddd043/gallery/9bc1ac0d-354d-42e8-bfbe-f1f1056fffac.hd,https://www.latinmass.com/find-latin-mass,2026-05-18T15:02:38.874520
Our Lady Queen Of Africa  - District House,"458 Shamrock Rd, Bredell AH, Kempton Park, 1619, South Africa",,,,-26.072742,28.306024,"<p>Sun 7:15am, 9:00am (High); Weekdays 7:15am</p>",SSPX,SSPX,https://africa.fsspx.org/en/our-lady-queen-africa-house-0,,,"<p>Sun 7:15am, 9:00am (High); Weekdays 7:15am</p>",https://media.mapme.com/places/d2e15dc7-ebeb-496e-bf9f-b96779a831f1/gallery/43f3a434-a245-43da-8287-fa5a70628411.hd,https://www.latinmass.com/find-latin-mass,2026-05-18T15:02:38.874520
SSPX - Chapel Of Our Lady Of The Blessed Sacrament,"33 Central Square, Pinelands, Cape Town, 7405, South Africa",,,,-33.939248,18.49886,<p>Sun 9:00am (High); Mon 7:15am; Fri 6:30pm; Sat 9:00am</p>,SSPX,SSPX,https://africa.fsspx.org/en/our-lady-blessed-sacrament-chapel-0,,,<p>Sun 9:00am (High); Mon 7:15am; Fri 6:30pm; Sat 9:00am</p>,https://media.mapme.com/places/8d97ef2f-2300-4a07-a051-ce9f352e9eb6/gallery/f991f262-b4f3-4429-87ad-78f1dc37ae51.hd,https://www.latinmass.com/find-latin-mass,2026-05-18T15:02:38.874520
Our Lady of the Holy Rosary  & Priory,"6 Gum Tree Ave, Bulwer, Berea, 4083, South Africa",,,,-29.857547,31.00488,"<p>Sun 7:30am, 9:30am (High); Weekdays 7:15am; Sat 8:00am</p>",SSPX,SSPX,https://africa.fsspx.org/en/our-lady-rosary-priory,,,"<p>Sun 7:30am, 9:30am (High); Weekdays 7:15am; Sat 8:00am</p>",https://media.mapme.com/places/4d9f5648-ba6a-4d3c-aa5b-2a5724ce35ef/gallery/6e93221e-7aef-4e8c-99b7-d9bbdc552bca.hd,https://www.latinmass.com/find-latin-mass,2026-05-18T15:02:38.874520
Capilla del Auxilio Nocturno Sacramental,"Centro, 64000 Monterrey, N.L., Mexico",,,,25.677638,-100.318918,<p>Sun 8:00am</p>,SSPX,SSPX,https://fsspx.mx/es/capilla-auxilio-nocturno-sacramental-monterrey,,,<p>Sun 8:00am</p>,,https://www.latinmass.com/find-latin-mass,2026-05-18T15:02:38.874520
Our Lady of Fatima Catholic  SSPX,"Saturno 1535, Satélite, 32540 Cd Juárez, Chih., Mexico",,,,31.680198,-106.372422,<p>Sun 3:00pm</p>,SSPX,SSPX,https://fsspx.mx/es/news-events/news/necesitamos-de-su-ayuda-para-construir-nuestra-capilla-en-ciudad-ju%C3%A1rez-chihuahua,,,<p>Sun 3:00pm</p>,,https://www.latinmass.com/find-latin-mass,2026-05-18T15:02:38.874520
Capilla San Rafael Arcangel,"46420 Jalpilla, Jal., Mexico",,,,21.182308,-103.725262,<p>Sun 12:30pm</p>,SSPX,SSPX,https://fsspx.mx/es/capilla-san-rafael-arc%C3%A1ngel-zapotiltic,,,<p>Sun 12:30pm</p>,,https://www.latinmass.com/find-latin-mass,2026-05-18T15:02:38.874520
Capela de São Pedro,"Av. de Santa Cruz, 11664 - Sen. Vasconcelos, Rio de Janeiro - RJ, 23012-000, Brazil",,,,-22.889926,-43.527125,<p>Sun 5:00pm</p>,Other,Other,https://www.facebook.com/profile.php?id=100071949522044&mibextid=ZbWKwL,,,<p>Sun 5:00pm</p>,,https://www.latinmass.com/find-latin-mass,2026-05-18T15:02:38.874520
Kirche der Apostolischen Schule der Legionäre Christi,"Linnerijstraße 25, 53902 Bad Münstereifel, Germany",,,,50.563424,6.7525,<p>Sun 11:30am</p>,Other,Other,https://www.regnumchristi.eu/apostolische-schule/news,,,<p>Sun 11:30am</p>,,https://www.latinmass.com/find-latin-mass,2026-05-18T15:02:38.874520
St Joseph,"Josefsstraße 74, 55118 Mainz, Germany",,,,50.009821,8.262505,<p>Sun 8:30am</p>,Diocesan Parish,Diocesan,https://bistummainz.de/pfarrei/mainz-st-joseph/aktuell/gottesdienste,,,<p>Sun 8:30am</p>,https://media.mapme.com/places/fd4a35fc-dbfb-4b30-85bb-22a1ab49d138/gallery/c0cd08a7-8b5c-4873-ac33-ad562d30e0fe.hd,https://www.latinmass.com/find-latin-mass,2026-05-18T15:02:38.874520
Kapelle St Quirin,"93185 Michelsneukirchen, Germany",,,,49.120512,12.53643,"<p>Sun 7:00am</p><p><a href=""http://www.roemische-messe-regensburg.de/cms/?page_id=22#MNK"" target=""_blank"" rel=""noopener noreferrer"">http://www.roemische-messe-regensburg.de/cms/?page_id=22#MNK</a><br></p>",Other,Other,,,,"<p>Sun 7:00am</p><p><a href=""http://www.roemische-messe-regensburg.de/cms/?page_id=22#MNK"" target=""_blank"" rel=""noopener noreferrer"">http://www.roemische-messe-regensburg.de/cms/?page_id=22#MNK</a><br></p>",https://media.mapme.com/places/518eb3b2-366d-4610-b5ec-a0a4638d3174/gallery/5d558f9f-8422-4bcf-b65b-5b9160f69315.hd,https://www.latinmass.com/find-latin-mass,2026-05-18T15:02:38.874520
Kapelle Sieben Schmerzen Mariens,"Ulmenweg 4, 74177 Bad Friedrichshall, Germany",,,,49.2352,9.21405,<p>Sun 9:00am; Fri 6:30pm; Sat 7:30am</p>,SSPX,SSPX,https://fsspx.de/de/kapelle-sieben-schmerzen-mariens,,,<p>Sun 9:00am; Fri 6:30pm; Sat 7:30am</p>,,https://www.latinmass.com/find-latin-mass,2026-05-18T15:02:38.874520
Priorat Heilig Geist,"Biberacher Str. 2, 88527 Unlingen, Germany",,,,48.153807,9.525934,"<p>Sun 8:00am, 10:00am (High); Mon-Sat 7:15am; Thurs 7:00pm</p>",SSPX,SSPX,https://fsspx.today/chapel/goeffingen/informationen,,,"<p>Sun 8:00am, 10:00am (High); Mon-Sat 7:15am; Thurs 7:00pm</p>",https://media.mapme.com/places/25144f40-4cda-4ce3-9b49-594a60b80bba/gallery/255d9429-8b1c-4bd0-876a-e9f251fe3a5f.hd,https://www.latinmass.com/find-latin-mass,2026-05-18T15:02:38.874520
"FSSPX kabel, Tallinn","Pärnu mnt. 397, 10914 Tallinn, Estonia",,,,59.372177,24.643154,<p>Sun 9:30am; Daily 6:00pm</p>,SSPX,SSPX,https://fsspx.ee,,,<p>Sun 9:30am; Daily 6:00pm</p>,,https://www.latinmass.com/find-latin-mass,2026-05-18T15:02:38.874520
Carmel of the Infant Jesus of Prague and St Joseph,"600 Flowers Ave, Dallas, Texas 75211, USA",,,,32.741135,-96.905402,<p>Daily 7:00am</p>,Other,Other,https://materdeiparish.com/masses-devotions,,,<p>Daily 7:00am</p>,,https://www.latinmass.com/find-latin-mass,2026-05-18T15:02:38.874520
Iglesia de los Sagrados Corazones de Jesús y María,"Cra. 18 #35-33, Bogotá, Colombia",,,,4.624787,-74.072962,"<p>Sun 8:00am, 10:00am</p>",SSPX,SSPX,https://www.fsspx-sudamerica.org/es/priorato-ezequiel-moreno-d%C3%ADaz,,,"<p>Sun 8:00am, 10:00am</p>",https://media.mapme.com/places/2ecb4bcc-9fc6-41dd-8091-f1ddf3fe5092/gallery/6092e5c6-388c-4d30-982e-57d5d97582ae.hd,https://www.latinmass.com/find-latin-mass,2026-05-18T15:02:38.874520
St Mariä Himmelfahrt,"Kleikstraße 59-63, 52134 Herzogenrath, Germany",,,,50.867995,6.091263,<p>Mon 6:30pm; Sat 9:00am</p>,Diocesan Parish,Diocesan,https://www.st-gertrud.info/missa-tridentina.html,,,<p>Mon 6:30pm; Sat 9:00am</p>,,https://www.latinmass.com/find-latin-mass,2026-05-18T15:02:38.874520
Capilla San Pío V,"Gral. Tomás Guido, Córdoba, Argentina",,,,-31.394009,-64.198376,"<p>Sun 9:00am, 11:00am</p>",SSPX,SSPX,https://www.fsspx-sudamerica.org/es/priorato-san-p%C3%ADo-v,,,"<p>Sun 9:00am, 11:00am</p>",,https://www.latinmass.com/find-latin-mass,2026-05-18T15:02:38.874520
Capilla Nuestra Señora del Carmen,"Obispo Romero & José E. Uriburu, Salta, Argentina",,,,-24.801177,-65.398133,"<p>Sun 9:00am, 10:30am</p>",SSPX,SSPX,https://www.fsspx-sudamerica.org/es/priorato-inmaculado-coraz%C3%B3n-de-mar%C3%ADa,,,"<p>Sun 9:00am, 10:30am</p>",,https://www.latinmass.com/find-latin-mass,2026-05-18T15:02:38.874520
Capilla Inmaculado Corazón de María y S. Filomena,"9A Calle 8, Cdad. de Guatemala, Guatemala",,,,14.641372,-90.52141,"<p>Email&nbsp;<a href=""fsspiox.gt@gmail.com"" target=""_blank"" rel=""noopener noreferrer"">fsspiox.gt@gmail.com</a> for Mass times</p>",SSPX,SSPX,https://centroamerica.fsspx.org/es/capilla-inmaculado-coraz%C3%B3n-de-mar%C3%ADa-y-s-filomena,,,"<p>Email&nbsp;<a href=""fsspiox.gt@gmail.com"" target=""_blank"" rel=""noopener noreferrer"">fsspiox.gt@gmail.com</a> for Mass times</p>",https://media.mapme.com/places/73a8185f-2ed8-4d25-9e2e-6d542fe9a229/gallery/dcda7424-d76b-4ab1-b84c-c4ee82d41edc.hd,https://www.latinmass.com/find-latin-mass,2026-05-18T15:02:38.874520
St Meinard,"Meža prospekts 1, Ogre, Ogres pilsēta, LV-5001, Latvia",,,,56.818098,24.599441,<p>4th Sundays 12:00pm</p>,Diocesan Parish,Diocesan,https://unavoce.lv,,,<p>4th Sundays 12:00pm</p>,,https://www.latinmass.com/find-latin-mass,2026-05-18T15:02:38.874520
"Sv. Bertolda, Livonijas bīskapa","Skrīveru iela, Kurzemes rajons, Rīga, Latvia",,,,56.952402,24.058488,<p>Sun 5:00pm</p>,SSPX,SSPX,https://fsspx-fsipd.lv,,,<p>Sun 5:00pm</p>,,https://www.latinmass.com/find-latin-mass,2026-05-18T15:02:38.874520
Holy Redeemer House,"15959 Bryce Rd, Capac, Michigan 48014, USA",,,,43.011718,-82.964753,"<p>1st, 3rd, 5th Sundays 10:00am; 2nd, 4th Sundays 8:00am; Mon-Fri 7:30am Sat 9:00am</p>",SSPX,SSPX,https://redemptoris.org,,,"<p>1st, 3rd, 5th Sundays 10:00am; 2nd, 4th Sundays 8:00am; Mon-Fri 7:30am Sat 9:00am</p>",,https://www.latinmass.com/find-latin-mass,2026-05-18T15:02:38.874520
"St Berthold, Bishop of Livonia, Spiritual Center of the Catholic Tradition","Skrīveru iela, Kurzemes rajons, Rīga, Latvia",,,,56.952402,24.058488,"<p>Sun 5:00pm; 2nd Sundays 10:00am</p><p>Please see website for updated Mass times</p><p><a href=""http://fsspx-fsipd.lv/"" target=""_blank"" rel=""noopener noreferrer"">http://fsspx-fsipd.lv/</a><br></p>",SSPX,SSPX,,,,"<p>Sun 5:00pm; 2nd Sundays 10:00am</p><p>Please see website for updated Mass times</p><p><a href=""http://fsspx-fsipd.lv/"" target=""_blank"" rel=""noopener noreferrer"">http://fsspx-fsipd.lv/</a><br></p>",,https://www.latinmass.com/find-latin-mass,2026-05-18T15:02:38.874520
Sacred Heart Mission: Mission  of the Cathedral,"602 E Elizabeth St, Brownsville, Texas 78520, USA",,,,25.904763,-97.502594,<p>Sun 9:00am (High)</p>,Diocesan Parish,Diocesan,https://www.immaculateconceptioncathedral.org/sacred-heart-mission,,,<p>Sun 9:00am (High)</p>,https://media.mapme.com/places/fe2e10cc-86fc-4165-88be-44ce9393dd15/gallery/9b2a7fa9-4b04-427b-b774-096a5c5e2d64.hd,https://www.latinmass.com/find-latin-mass,2026-05-18T15:02:38.874520
St Meinard,"Ogre, Ogres pilsēta, LV-5001, Latvia",,,,56.822007,24.603029,"<p>4th Sundays 12:00pm</p><p><a href=""http://www.meinardadraudze.lv/?cat=8"" target=""_blank"" rel=""noopener noreferrer"">http://www.meinardadraudze.lv/?cat=8</a><br></p>",Diocesan Parish,Diocesan,,,,"<p>4th Sundays 12:00pm</p><p><a href=""http://www.meinardadraudze.lv/?cat=8"" target=""_blank"" rel=""noopener noreferrer"">http://www.meinardadraudze.lv/?cat=8</a><br></p>",https://media.mapme.com/places/058dfe04-b5ed-4084-9416-70640fcb0d18/gallery/02b6cb9b-db87-4c58-9495-444bb6f9d985.hd,https://www.latinmass.com/find-latin-mass,2026-05-18T15:02:38.874520
Iglesia San Nicolás,"San Nicolas, 69800 Tlaxiaco, Oax., Mexico",,,,17.273025,-97.685693,<p>Sun 7:00pm</p>,SSPX,SSPX,https://fsspx.mx/es/misi%C3%B3n-san-nicol%C3%A1s-tlaxiaco,,,<p>Sun 7:00pm</p>,,https://www.latinmass.com/find-latin-mass,2026-05-18T15:02:38.874520
St Thomas More Catholic,"11052 Gilmour Rd, Brinston, ON K0E 1C0, Canada",,,,44.939213,-75.360379,<p>Sun 10:00am; 1st Fridays 6:30pm; Sat 10:00am</p>,SSPX,SSPX,https://sspx.ca/en/st-thomas-more-catholic-,,,<p>Sun 10:00am; 1st Fridays 6:30pm; Sat 10:00am</p>,https://media.mapme.com/places/2210535c-565e-4106-ac5f-7db19a23d6cf/gallery/6faa85a8-974f-47ef-bc98-a473477b0af6.hd,https://www.latinmass.com/find-latin-mass,2026-05-18T15:02:38.874520
Iglesia El Tránsito del Arzobispado de La Serena CHILE,"Andrés Bello 960, La Serena, Coquimbo, Chile",,,,-29.90814,-71.253521,<p>Daily 10:00am</p>,Diocesan Parish,Diocesan,,,,<p>Daily 10:00am</p>,,https://www.latinmass.com/find-latin-mass,2026-05-18T15:02:38.874520
Igreja Nossa Senhora da Conceição - Terra Santa,"R. Monsenhor Bacelar, 590 - Centro, Petrópolis - RJ, 25685-113, Brazil",,,,-22.515853,-43.18582,<p>Sun 5:00pm</p>,Diocesan Parish,Diocesan,https://www.catedraldepetropolis.org.br,,,<p>Sun 5:00pm</p>,,https://www.latinmass.com/find-latin-mass,2026-05-18T15:02:38.874520
Capilla del Sagrado Corazón de Jesús,"Gral. Nicolás Bravo 564, Zona Centro, 25000 Saltillo, Coah., Mexico",,,,25.425238,-100.997264,<p>Sun 1:00pm</p>,SSPX,SSPX,https://fsspx.mx/es/misi%C3%B3n-sagrado-coraz%C3%B3n-de-jes%C3%BAs-saltillo,,,<p>Sun 1:00pm</p>,,https://www.latinmass.com/find-latin-mass,2026-05-18T15:02:38.874520
Capilla San José,"C. Sicomoro, Las Granjas, Chihuahua, Chih., Mexico",,,,28.670606,-106.099725,<p>Sun 10:00am</p>,SSPX,SSPX,https://fsspx.mx/es/capilla-san-jos%C3%A9-chihuahua,,,<p>Sun 10:00am</p>,,https://www.latinmass.com/find-latin-mass,2026-05-18T15:02:38.874520
St Phillip Neri Seminary,"Via di Gricigliano, 52, 50065 Sieci FI, Italy",,,,43.803464,11.379655,"<p>Sun 10:45 (High); Weekdays 11:30am</p><p><a href=""http://www.icrss.it/gricigliano/"" target=""_blank"" rel=""noopener noreferrer"">http://www.icrss.it/gricigliano/</a><br></p>",Institute of Christ the King,ICKSP,,,,"<p>Sun 10:45 (High); Weekdays 11:30am</p><p><a href=""http://www.icrss.it/gricigliano/"" target=""_blank"" rel=""noopener noreferrer"">http://www.icrss.it/gricigliano/</a><br></p>",https://media.mapme.com/places/411cf8e9-d0d4-4f21-8975-1e0abc40a124/gallery/f0320554-08e8-45b5-a9b1-3ba245a4c549.hd,https://www.latinmass.com/find-latin-mass,2026-05-18T15:02:38.874520
St Erasmus,"Via Cesare Candiani, 1, 20025 Legnano MI, Italy",,,,45.595065,8.928693,<p>Sun 5:30pm (High - Ambrosian Rite)</p>,Diocesan Parish,Diocesan,https://www.ambrosianeum.net,,,<p>Sun 5:30pm (High - Ambrosian Rite)</p>,https://media.mapme.com/places/f7f82fb7-0df6-40ad-93f8-cfc03e7f65ab/gallery/8241e636-8583-4e7e-b030-75bac4fc1706.hd,https://www.latinmass.com/find-latin-mass,2026-05-18T15:02:38.874520
St Anthony of Padua,"Via Vittorio Emanuele II, 148, 95024 Acireale CT, Italy",,,,37.610181,15.165465,"<p>Sundays &amp; Holy Days of Obligation 10:30am</p><p><a href=""http://www.giovanietradizione.org/"" target=""_blank"" rel=""noopener noreferrer"">http://www.giovanietradizione.org/</a><br></p>",Diocesan Parish,Diocesan,,,,"<p>Sundays &amp; Holy Days of Obligation 10:30am</p><p><a href=""http://www.giovanietradizione.org/"" target=""_blank"" rel=""noopener noreferrer"">http://www.giovanietradizione.org/</a><br></p>",,https://www.latinmass.com/find-latin-mass,2026-05-18T15:02:38.874520
St Mary of Consolation,"Largo Cairoli, 1, 20121 Milano MI, Italy",,,,45.467498,9.182009,"<p>Sundays &amp; Holy Days of Obligation 8:15am (Ambrosian Rite), 9:45am (High - Ambrosian Rite)</p><p><a href=""http://ritoambrosianoantico.it/"" target=""_blank"" rel=""noopener noreferrer"">http://ritoambrosianoantico.it/</a><br></p>",Diocesan Parish,Diocesan,,,,"<p>Sundays &amp; Holy Days of Obligation 8:15am (Ambrosian Rite), 9:45am (High - Ambrosian Rite)</p><p><a href=""http://ritoambrosianoantico.it/"" target=""_blank"" rel=""noopener noreferrer"">http://ritoambrosianoantico.it/</a><br></p>",,https://www.latinmass.com/find-latin-mass,2026-05-18T15:02:38.874520
St Martha,"Via Don Antonio Mascari, 45, 23900 Lecco LC, Italy",,,,45.855508,9.390126,<p>2nd Sundays 5:30pm (High - Ambrosian Rite)</p>,Diocesan Parish,Diocesan,,,,<p>2nd Sundays 5:30pm (High - Ambrosian Rite)</p>,,https://www.latinmass.com/find-latin-mass,2026-05-18T15:02:38.874520
Chapelle St-Aptone/Angoulême,"6 Bd Chanzy, 16000 Angoulême, France",,,,45.645013,0.177944,"<p>Sun 9:00am, 10:30am (High); First Fridays 6:30pm; First Saturdays 9:00am</p>",Other,Other,https://transfiguration.over-blog.com/2017/04/chapelles.html,,,"<p>Sun 9:00am, 10:30am (High); First Fridays 6:30pm; First Saturdays 9:00am</p>",,https://www.latinmass.com/find-latin-mass,2026-05-18T15:02:38.874520
Chapelle de la Miséricorde/Monaco - Parish of the Cathedral,"Pl. de la Mairie, 98000 Monaco",,,,43.731121,7.423437,<p>Sun 6:00pm (High)</p>,Diocesan Parish,Diocesan,https://cathedrale.diocese.mc,,,<p>Sun 6:00pm (High)</p>,,https://www.latinmass.com/find-latin-mass,2026-05-18T15:02:38.874520
Chapelle de la Visitation/Nice,"17 Rue Ste-Claire, 06300 Nice, France",,,,43.697992,7.279067,<p>Sundays &amp; Feasts 10:00am (High); Weekdays 6:30pm</p>,SSPX,SSPX,https://laportelatine.org/lieux/nice,,,<p>Sundays &amp; Feasts 10:00am (High); Weekdays 6:30pm</p>,,https://www.latinmass.com/find-latin-mass,2026-05-18T15:02:38.874520
St Peter,"Via del Duomo, 35, 76121 Barletta BT, Italy",,,,41.320753,16.285748,<p>Sundays &amp; Holy Days of Obligation 9:00am (High)</p>,Diocesan Parish,Diocesan,,,,<p>Sundays &amp; Holy Days of Obligation 9:00am (High)</p>,,https://www.latinmass.com/find-latin-mass,2026-05-18T15:02:38.874520
Chapel of Our Lady of Perpetual Help (ROZEN CHAPEL/КАПЛИЦЯ РОЗЕНА),"Zamkova St, L'viv, L'vivs'ka oblast, Ukraine, 79000",,,,49.850412,24.035664,<p>Sun 1:00pm (High - Dominican Rite); Mon-Fri 8:30am (Low - Dominican Rite)</p>,Other,Other,https://unavoceucraina.wordpress.com,,,<p>Sun 1:00pm (High - Dominican Rite); Mon-Fri 8:30am (Low - Dominican Rite)</p>,,https://www.latinmass.com/find-latin-mass,2026-05-18T15:02:38.874520
Agneskerk,"Amstelveenseweg 163, 1075 XA Amsterdam, Netherlands",,,,52.350159,4.858027,"<p>Sun 9:45am, 11:00am, 12:45pm; Mon-Sat 11:00am</p>",FSSP,FSSP,https://www.agneskerk.org,,,"<p>Sun 9:45am, 11:00am, 12:45pm; Mon-Sat 11:00am</p>",,https://www.latinmass.com/find-latin-mass,2026-05-18T15:02:38.874520
Visitation,"Ulitsa Mineral'naya, 21, Sankt-Peterburg, Russia, 195009",,,,59.965772,30.371914,<p>1st &amp; 3rd Saturdays 7:00pm&nbsp;</p>,Diocesan Parish,Diocesan,https://unavoce.ru,,,<p>1st &amp; 3rd Saturdays 7:00pm&nbsp;</p>,,https://www.latinmass.com/find-latin-mass,2026-05-18T15:02:38.874520
St Roch,"296 Rue St-Honoré, 75001 Paris, France",,,,48.865407,2.332655,"<p>Sun 9:30am (High), 8:00pm (High); Mon &amp; Wed 8:00am; Sat 11:30am</p>",Diocesan Parish,Diocesan,https://www.paroisseStroch.fr,,,"<p>Sun 9:30am (High), 8:00pm (High); Mon &amp; Wed 8:00am; Sat 11:30am</p>",,https://www.latinmass.com/find-latin-mass,2026-05-18T15:02:38.874520
Chapel of St Michael of Ingouville,"34 Parv. St-Michel, 76600 Le Havre, France",,,,49.496507,0.108989,<p>Sun 10:30am (High)</p>,FSSP,FSSP,https://claves.org,,,<p>Sun 10:30am (High)</p>,,https://www.latinmass.com/find-latin-mass,2026-05-18T15:02:38.874520
St Christopher,"5 Rue Mac Donald, 18000 Bourges, France",,,,47.078343,2.402211,<p>Sundays &amp; Holy Days of Obligation 10:30am (High)</p>,FSSP,FSSP,https://fsspchateauroux.blogspot.com,,,<p>Sundays &amp; Holy Days of Obligation 10:30am (High)</p>,,https://www.latinmass.com/find-latin-mass,2026-05-18T15:02:38.874520
St Bernard,"9 Rue Buisson, 42000 St-Étienne, France",,,,45.441207,4.379816,<p>Sun 10:30am (High); Mon-Fri 6:30pm; Sat 11:00am; Holy Days 7:00pm (High)</p>,FSSP,FSSP,https://www.chapelle-St-bernard.com,,,<p>Sun 10:30am (High); Mon-Fri 6:30pm; Sat 11:00am; Holy Days 7:00pm (High)</p>,,https://www.latinmass.com/find-latin-mass,2026-05-18T15:02:38.874520
Chapel of the Immaculate Conception,"14 Rue des Moines, 78000 Versailles, France",,,,48.793126,2.15394,"<p>Sun 8:45am, 10:00am, 11:45am,&nbsp; 7:00pm; Mon-Fri 7:00pm; Tues-Sat 9:15am; Wed 7:15am; Sat 11:00am</p>",FSSP,FSSP,https://fsspversailles.org,,,"<p>Sun 8:45am, 10:00am, 11:45am,&nbsp; 7:00pm; Mon-Fri 7:00pm; Tues-Sat 9:15am; Wed 7:15am; Sat 11:00am</p>",,https://www.latinmass.com/find-latin-mass,2026-05-18T15:02:38.874520
Holy Trinity,"Hlavná 90/67, 040 01 Košice, Slovakia",,,,48.722489,21.2575,"<p>Sun 4:00pm</p><p><a href=""http://www.opatstvojasov.sk/?opatstvo/kosice/chram_najsvatejsej_trojice"" target=""_blank"" rel=""noopener noreferrer"">http://www.opatstvojasov.sk/?opatstvo/kosice/chram_najsvatejsej_trojice</a><br></p>",Diocesan Parish,Diocesan,,,,"<p>Sun 4:00pm</p><p><a href=""http://www.opatstvojasov.sk/?opatstvo/kosice/chram_najsvatejsej_trojice"" target=""_blank"" rel=""noopener noreferrer"">http://www.opatstvojasov.sk/?opatstvo/kosice/chram_najsvatejsej_trojice</a><br></p>",,https://www.latinmass.com/find-latin-mass,2026-05-18T15:02:38.874520
Chapel of Our Lady of Fatima,"Jána Hollého 384/10, 917 01 Trnava, Slovakia",,,,48.37893,17.58906,"<p>Sundays, Holy Days of Obligation, &amp; First Fridays 6:00pm</p>",Diocesan Parish,Diocesan,https://www.dokostola.sk/kostol/kaplnka-fatimskej-panny-marie-abu,,,"<p>Sundays, Holy Days of Obligation, &amp; First Fridays 6:00pm</p>",,https://www.latinmass.com/find-latin-mass,2026-05-18T15:02:38.874520
Cappella Santa Caterina da Siena,"Via Urbana, 85, 00184 Roma RM, Italy",,,,41.895343,12.493241,"<p>Sun 9:00am, 11:00am</p>",SSPX,SSPX,https://fsspx.it/it/roma,,,"<p>Sun 9:00am, 11:00am</p>",,https://www.latinmass.com/find-latin-mass,2026-05-18T15:02:38.874520
Kostel sv. Jakuba,"Plzeňská 227, 335 01 Nepomuk, Czechia",,,,49.483741,13.576689,<p>2nd &amp; 4th Sundays 4:00pm&nbsp;</p>,FSSP,FSSP,https://fssp.cz/nepomuk,,,<p>2nd &amp; 4th Sundays 4:00pm&nbsp;</p>,https://media.mapme.com/places/4a50d9cf-5505-4a34-bb27-103a4fdf53eb/gallery/1365cdd4-4680-4215-90b9-449d85abc30c.hd,https://www.latinmass.com/find-latin-mass,2026-05-18T15:02:38.874520
"Klášterní kostel Obětování Panny Marie na Piaristickém náměstí, České Budějovice","Piaristické nám., České Budějovice 1, 370 01 České Budějovice, Czechia",,,,48.975746,14.471801,<p>Sun 10:30am (High); Thurs 5:30pm</p>,FSSP,FSSP,https://fssp.cz/budejovice,,,<p>Sun 10:30am (High); Thurs 5:30pm</p>,https://media.mapme.com/places/1a576dd0-af7a-486c-aefd-a610e5f40365/gallery/e1dabca0-31ec-4963-9e95-10736a5f81b6.hd,https://www.latinmass.com/find-latin-mass,2026-05-18T15:02:38.874520
Kostel sv. Jakuba,"9, Velká Dominikánská 272, Město, 412 01 Litoměřice, Czechia",,,,50.534622,14.13385,<p>1st &amp; 3rd Sundays 4:00pm</p>,FSSP,FSSP,https://fssp.cz/litomerice,,,<p>1st &amp; 3rd Sundays 4:00pm</p>,https://media.mapme.com/places/fe86e4b6-c14c-4582-8842-9ab12fae6da1/gallery/581ee233-e264-4190-b552-1820281cda61.hd,https://www.latinmass.com/find-latin-mass,2026-05-18T15:02:38.874520
Kostel svatého Františka z Assisi (Studánka),"407 52 Varnsdorf, Czechia",,,,50.908604,14.566803,<p>3rd Sundays 10:30am</p>,FSSP,FSSP,https://fssp.cz/lusatia,,,<p>3rd Sundays 10:30am</p>,https://media.mapme.com/places/3e6d1fb5-5f84-4afd-b33b-9951beb616b0/gallery/e74bba94-6390-4d6c-8df6-9d2b39bd9696.hd,https://www.latinmass.com/find-latin-mass,2026-05-18T15:02:38.874520
Priorato Inmaculado Corazón de María,"Salta, Salta Province, Argentina",,,,-24.779265,-65.450465,"<p>Sun 9:00am, 10:30am; Mon-Fri 7:00pm; Sat 10:30am</p>",SSPX,SSPX,https://www.fsspx-sudamerica.org/es/priorato-inmaculado-coraz%C3%B3n-de-mar%C3%ADa,,,"<p>Sun 9:00am, 10:30am; Mon-Fri 7:00pm; Sat 10:30am</p>",https://media.mapme.com/places/8924904f-53e0-48fe-adb9-204f2072544e/gallery/d5c36ce5-87dc-43b1-af6c-03199897e304.hd,https://www.latinmass.com/find-latin-mass,2026-05-18T15:02:38.874520
Priorato Ntra. Sra. de Itatí,"Paraguay 1488, W3400CLS Corrientes, Argentina",,,,-27.475218,-58.827427,"<p>Sun 8:00am, 10:00am, 12:00pm; Mon-Sat 7:00pm</p>",SSPX,SSPX,https://www.fsspx-sudamerica.org/es/priorato-nuestra-se%C3%B1ora-de-itat%C3%AD,,,"<p>Sun 8:00am, 10:00am, 12:00pm; Mon-Sat 7:00pm</p>",https://media.mapme.com/places/eb3b3c2a-d772-4c1d-b856-be760863eff4/gallery/1da4f1ac-5334-444c-83fe-3fdbf6b6f0e0.hd,https://www.latinmass.com/find-latin-mass,2026-05-18T15:02:38.874520
Noviciado Santa Teresita - Hermanas de la Fraternidad San Pío X,"El Palenque 2060, La Lonja, Provincia de Buenos Aires, Argentina",,,,-34.458556,-58.851434,<p>Sun 10:00am; Mon-Sat 7:15am</p>,SSPX,SSPX,https://www.fsspx-sudamerica.org/es/capillas,,,<p>Sun 10:00am; Mon-Sat 7:15am</p>,https://media.mapme.com/places/79bfcabd-2330-42d0-9005-9b68b682ee87/gallery/d6f0450d-ad4c-4330-af19-2fb1e02da667.hd,https://www.latinmass.com/find-latin-mass,2026-05-18T15:02:38.874520
Our Lady Co-Redemptrix Seminary,"4000,B1745GQD, Antofagasta 3830, B1745 La Reja, Provincia de Buenos Aires, Argentina",,,,-34.661481,-58.849738,<p>Sun 9:00am</p>,SSPX,SSPX,https://lareja.fsspx.org/es,,,<p>Sun 9:00am</p>,https://media.mapme.com/places/79c16752-0e01-4843-9674-4c94e5e8089d/gallery/9e67e718-a521-45c4-bade-5667c6c102e3.hd,https://www.latinmass.com/find-latin-mass,2026-05-18T15:02:38.874520
St Rochus und Sebastian,"Landstraßer Hauptstraße 54, 1030 Wien, Austria",,,,48.202331,16.390382,"<p>Sun 12:00pm; Sat 10:00am<br></p><p><a href=""http://www.oratorium.at/"" target=""_blank"" rel=""noopener noreferrer"">http://www.oratorium.at/</a><br></p>",Diocesan Parish,Diocesan,,,,"<p>Sun 12:00pm; Sat 10:00am<br></p><p><a href=""http://www.oratorium.at/"" target=""_blank"" rel=""noopener noreferrer"">http://www.oratorium.at/</a><br></p>",,https://www.latinmass.com/find-latin-mass,2026-05-18T15:02:38.874520
Schutzengelkirche (Paulanerkirche),"Wiedner Hauptstraße 21, 1040 Wien, Austria",,,,48.195948,16.367309,"<p>Sun 8:00am, 5:00pm; Mon 8:00am, 6:00pm; Tues-Sat 8:00am; First Fridays 7:30pm</p><p><a href=""http://www.sankt-leopold.at/"" target=""_blank"" rel=""noopener noreferrer"">http://www.sankt-leopold.at/</a><br></p>",FSSP,FSSP,,,,"<p>Sun 8:00am, 5:00pm; Mon 8:00am, 6:00pm; Tues-Sat 8:00am; First Fridays 7:30pm</p><p><a href=""http://www.sankt-leopold.at/"" target=""_blank"" rel=""noopener noreferrer"">http://www.sankt-leopold.at/</a><br></p>",,https://www.latinmass.com/find-latin-mass,2026-05-18T15:02:38.874520
St Maria Loreto (Loreto-Kloster),"Paris-Lodron-Straße 6, 5020 Salzburg, Austria",,,,47.804683,13.045768,"<p>Daily 6:30am</p><p><a href=""http://www.sankt-sebastian.at/seiten/gottesdienstordnung.html"" target=""_blank"" rel=""noopener noreferrer"">http://www.sankt-sebastian.at/seiten/gottesdienstordnung.html</a><br></p>",FSSP,FSSP,,,,"<p>Daily 6:30am</p><p><a href=""http://www.sankt-sebastian.at/seiten/gottesdienstordnung.html"" target=""_blank"" rel=""noopener noreferrer"">http://www.sankt-sebastian.at/seiten/gottesdienstordnung.html</a><br></p>",,https://www.latinmass.com/find-latin-mass,2026-05-18T15:02:38.874520
St Sebastian,"Linzer G. 41, 5020 Salzburg, Austria",,,,47.804538,13.047194,"<p>Sun 8:00am, 9:30am; Mon-Fri 6:00pm; Sat 8:00am</p><p><a href=""http://www.sankt-sebastian.at/seiten/gottesdienstordnung.html"" target=""_blank"" rel=""noopener noreferrer"">http://www.sankt-sebastian.at/seiten/gottesdienstordnung.html</a><br></p>",FSSP,FSSP,,,,"<p>Sun 8:00am, 9:30am; Mon-Fri 6:00pm; Sat 8:00am</p><p><a href=""http://www.sankt-sebastian.at/seiten/gottesdienstordnung.html"" target=""_blank"" rel=""noopener noreferrer"">http://www.sankt-sebastian.at/seiten/gottesdienstordnung.html</a><br></p>",,https://www.latinmass.com/find-latin-mass,2026-05-18T15:02:38.874520
"Anbetungskirche, Kloster Der Ewigen Anbetung","Karl-Kapferer-Straße 7, 6020 Innsbruck, Austria",,,,47.273475,11.399318,"<p>Sun 10:30am</p><p><a href=""http://petrusbruderschaft.de/pages/wo-wir-sind/oesterreich.php"" target=""_blank"" rel=""noopener noreferrer"">http://petrusbruderschaft.de/pages/wo-wir-sind/oesterreich.php</a><br></p>",FSSP,FSSP,https://www.lateinische-messe.tirol/messeorte/innsbruck,,,"<p>Sun 10:30am</p><p><a href=""http://petrusbruderschaft.de/pages/wo-wir-sind/oesterreich.php"" target=""_blank"" rel=""noopener noreferrer"">http://petrusbruderschaft.de/pages/wo-wir-sind/oesterreich.php</a><br></p>",,https://www.latinmass.com/find-latin-mass,2026-05-18T15:02:38.874520
Minoritenkirche am Landhaus,"Klosterstraße 7, 4020 Linz, Austria",,,,48.304396,14.286067,"<p>Sun 8:30am, 10:30am; Mon-Sat 8:30am; Mon-Wed 6:00pm</p><p><a href=""http://petrusbruderschaft.de/pages/wo-wir-sind/oesterreich/linz/messzeiten-termine.php/gottesdienstordnung"" target=""_blank"" rel=""noopener noreferrer"">http://www.fssplinz.at/</a><br></p>",FSSP,FSSP,,,,"<p>Sun 8:30am, 10:30am; Mon-Sat 8:30am; Mon-Wed 6:00pm</p><p><a href=""http://petrusbruderschaft.de/pages/wo-wir-sind/oesterreich/linz/messzeiten-termine.php/gottesdienstordnung"" target=""_blank"" rel=""noopener noreferrer"">http://www.fssplinz.at/</a><br></p>",,https://www.latinmass.com/find-latin-mass,2026-05-18T15:02:38.874520
St Jakob / Marianische Herren- und Bürgersodalität Bamberg,"Jakobspl. 10, 96049 Bamberg, Germany",,,,49.890956,10.877178,<p>First &amp; Third Sundays 5:00pm</p>,Other,Other,https://marianische-sodalitaet-bamberg.de/gottesdienste/missa-tridentina-und-vespern,,,<p>First &amp; Third Sundays 5:00pm</p>,,https://www.latinmass.com/find-latin-mass,2026-05-18T15:02:38.874520
Holy Japanese Martyrs Chapel,"Azumacho, Koshigaya, Saitama 343-0826, Japan",,,,35.877826,139.835533,"<p>Sun 8:30am (Low Mass), 10:30am (Sung Mass) </p>",SSPX,SSPX,https://fsspx.asia/en/tokyo,,,"<p>Sun 8:30am (Low Mass), 10:30am (Sung Mass) </p>",,https://www.latinmass.com/find-latin-mass,2026-05-18T15:02:38.874520
Immaculate Heart of Mary Chapel,"Japan, 〒532-0002 Osaka, Yodogawa Ward, Higashimikuni, 4-chōme−10−２ E・G新御堂",,,,34.74064,135.495879,<p>Sun 10:30am OR 6:00pm (please check schedule)</p>,SSPX,SSPX,https://immaculata.jp,,,<p>Sun 10:30am OR 6:00pm (please check schedule)</p>,,https://www.latinmass.com/find-latin-mass,2026-05-18T15:02:38.874520
Pfarrkirche St Georg,"Bierweg 35, 90411 Nürnberg, Germany",,,,49.487376,11.111984,<p>2nd &amp; 4th Sundays 6:00pm</p>,FSSP,FSSP,https://lateinische-messe-nuernberg.de/termine,,,<p>2nd &amp; 4th Sundays 6:00pm</p>,,https://www.latinmass.com/find-latin-mass,2026-05-18T15:02:38.874520
St Mary Catholic,"Jefferson St, Fennimore, Wisconsin 53809, USA",,,,42.98304,-90.65481,<p>Sun 9:30am; Tues &amp; Thurs 5:30pm</p>,Diocesan Parish,Diocesan,https://www.queenofallsaints.net,,,<p>Sun 9:30am; Tues &amp; Thurs 5:30pm</p>,https://media.mapme.com/places/7468628c-d86f-4778-9d60-c9760456f270/gallery/33825a2c-71fe-40d5-9fba-52745a61e4a2.hd,https://www.latinmass.com/find-latin-mass,2026-05-18T15:02:38.874520
St Joseph Priory,"8000 Cabantian Road, Buhangin, Davao City, Davao del Sur, Philippines",,,,7.121856,125.626206,"<p>Sun 8:00am (High), 11:00am</p>",SSPX,SSPX,https://fsspx.asia/en/community/priories,,,"<p>Sun 8:00am (High), 11:00am</p>",https://media.mapme.com/places/6f07ecdb-57ee-4ff5-bed5-33f98928cb3a/gallery/3e2f84de-0ecf-415e-b7b7-6a1968432969.hd,https://www.latinmass.com/find-latin-mass,2026-05-18T15:02:38.874520
Holy Name of Jesus Cathedral,"715 Nazareth St, Raleigh, North Carolina 27606, USA",,,,35.777469,-78.670023,<p>1st Sundays 4:30pm</p>,Diocesan Parish,Diocesan,https://www.raleighcathedral.org/masstimeshnj,,,<p>1st Sundays 4:30pm</p>,,https://www.latinmass.com/find-latin-mass,2026-05-18T15:02:38.874520
Kościół pw. Najświętszej Maryi Panny Matki Kościoła i Świętej Barbary,"aleja Księdza Kardynała Stefana Wyszyńskiego 42, 97-400 Bełchatów, Poland",,,,51.358169,19.354562,<p>Sun 3:30pm</p>,Diocesan Parish,Diocesan,https://sercaniebelchatow.scj.pl,,,<p>Sun 3:30pm</p>,,https://www.latinmass.com/find-latin-mass,2026-05-18T15:02:38.874520
Chiesa Sacro Cuore,"Via Reggio Campi, 95, 89126 Reggio Calabria RC, Italy",,,,38.107971,15.649116,<p>Sun 18:00; 1st Fri 18:00</p>,Diocesan,Diocesan,https://orarimesseoggi.it/reggio-calabria/chiesa-sacro-cuore-89126,,,<p>Sun 18:00; 1st Fri 18:00</p>,,https://www.latinmass.com/find-latin-mass,2026-05-18T15:02:38.874520
Misión San Francisco,"San Francisco, 98646 El Porvenir, Zac., Mexico",,,,22.821437,-102.226904,<p>Sun 9:00am</p>,SSPX,SSPX,https://fsspx.mx/es/misi%C3%B3n-san-francisco-zacatecas,,,<p>Sun 9:00am</p>,,https://www.latinmass.com/find-latin-mass,2026-05-18T15:02:38.874520
Misión Sagrados Corazones de Jesús y María - Gómez Palacio,"Rueda de La Fortuna 125, La Feria, 35049 Gómez Palacio, Dgo., Mexico",,,,25.581031,-103.473322,"<p>Sun 8:00am, 10:00am</p>",SSPX,SSPX,https://fsspx.mx/es/misi%C3%B3n-sagrados-corazones-de-jes%C3%BAs-y-mar%C3%ADa-g%C3%B3mez-palacio,,,"<p>Sun 8:00am, 10:00am</p>",,https://www.latinmass.com/find-latin-mass,2026-05-18T15:02:38.874520
Misión Señor del Calvario,"C. Tercera 5 de Mayo 66, Centro, 91500 Coatepec, Ver., Mexico",,,,19.456928,-96.957385,<p>Sun 8:00am</p>,SSPX,SSPX,https://fsspx.mx/es/misi%C3%B3n-se%C3%B1or-del-calvario-dos-r%C3%ADos,,,<p>Sun 8:00am</p>,https://media.mapme.com/places/22e9a8f0-2754-4e1d-8aeb-b5a6cd97fdba/gallery/2b41b80e-866a-4eab-b307-50c8d25508dc.hd,https://www.latinmass.com/find-latin-mass,2026-05-18T15:02:38.874520
St Mary Catholic Parish,"39 View Vista Dr, Livingston, Montana 59047, USA",,,,45.659628,-110.549708,<p>Fri 5:30pm</p>,Diocesan Parish,Diocesan,https://www.stmaryscommunity.org/home,,,<p>Fri 5:30pm</p>,,https://www.latinmass.com/find-latin-mass,2026-05-18T15:02:38.874520
Our Lady of Lourdes,"Av. Santísima Trinidad 2864, Asunción, Paraguay",,,,-25.260128,-57.577923,<p>1st &amp; 3rd Sundays 10:00am; Fridays (before 1st &amp; 3rd Sundays) 7:00pm; Saturdays (before 1st &amp; 3rd Sundays) 12:00pm</p>,SSPX,SSPX,https://www.fsspx-sudamerica.org/es/capillas,,,<p>1st &amp; 3rd Sundays 10:00am; Fridays (before 1st &amp; 3rd Sundays) 7:00pm; Saturdays (before 1st &amp; 3rd Sundays) 12:00pm</p>,https://media.mapme.com/places/861d586b-fc12-4607-904b-a92d0c76ddbd/gallery/78663806-c421-43a6-895b-3a3d40e5d8cb.hd,https://www.latinmass.com/find-latin-mass,2026-05-18T15:02:38.874520
St Barbara,"Lieninhradskaja vulica 27, Viciebsk, Belarus",,,,55.201291,30.180611,<p>Sun 3:00pm</p>,Diocesan Parish,Diocesan,https://www.latinmassdir.org/venue/-of-st-barbara-vitebsk,,,<p>Sun 3:00pm</p>,,https://www.latinmass.com/find-latin-mass,2026-05-18T15:02:38.874520
St Henry Cathedral,"Pyhän Henrikin aukio 1 A, 00140 Helsinki, Finland",,,,60.159255,24.954492,<p>1st Sundays 1:00pm</p>,Unknown,Other,https://www.facebook.com/gregoriusyhdistys,,,<p>1st Sundays 1:00pm</p>,,https://www.latinmass.com/find-latin-mass,2026-05-18T15:02:38.874520
St Louis,"25 Rue St-Louis, 67000 Strasbourg, France",,,,48.577774,7.745434,"<p>Sun 9:00am, 10:30am, 7:00pm; Tues 6:30pm; Wed 9:45am, 6:30pm; Thurs 6:30pm; Fri 6:30pm; Sat 9:00am, 5:00pm</p>",Diocesan Parish,Diocesan,https://www.croix-glorieuse.org/horaires,,,"<p>Sun 9:00am, 10:30am, 7:00pm; Tues 6:30pm; Wed 9:45am, 6:30pm; Thurs 6:30pm; Fri 6:30pm; Sat 9:00am, 5:00pm</p>",,https://www.latinmass.com/find-latin-mass,2026-05-18T15:02:38.874520
St Joseph,"14 Pl. St-Joseph, 68000 Colmar, France",,,,48.08161,7.346247,"<p>Sun 10:30am; Thurs 6:30pm; Fri 7:00am; Sat 10:00am</p><p><a href=""http://www.croixglorieuse68.com/"" target=""_blank"" rel=""noopener noreferrer"">http://www.croixglorieuse68.com/</a><br></p>",Diocesan Parish,Diocesan,,,,"<p>Sun 10:30am; Thurs 6:30pm; Fri 7:00am; Sat 10:00am</p><p><a href=""http://www.croixglorieuse68.com/"" target=""_blank"" rel=""noopener noreferrer"">http://www.croixglorieuse68.com/</a><br></p>",,https://www.latinmass.com/find-latin-mass,2026-05-18T15:02:38.874520
St Antonius,"Kannenfeldstrasse 35, 4056 Basel, Switzerland",,,,47.563934,7.572947,<p>Sun 11:30am</p>,FSSP,FSSP,https://www.antoniuskirche.ch/home,,,<p>Sun 11:30am</p>,,https://www.latinmass.com/find-latin-mass,2026-05-18T15:02:38.874520
Kirche St Joseph,"Amerbachstrasse 1, 4057 Basel, Switzerland",,,,47.569716,7.590627,<p>Sun 5:00pm; First Fridays 5:00pm</p>,Institute of Christ the King,ICKSP,https://institut-christus-koenig.de/diozese-basel/apostolate/basel-stjoseph,,,<p>Sun 5:00pm; First Fridays 5:00pm</p>,https://media.mapme.com/places/6adeb082-842e-455f-a178-dd2f7a3e919f/gallery/5a4b97f9-eed2-4c77-827e-050f5617d8ad.hd,https://www.latinmass.com/find-latin-mass,2026-05-18T15:02:38.874520
Priorat St Michael,"Kronenstraße 2, 79365 Rheinhausen, Germany",,,,48.240823,7.712986,"<p>Sun 7:15am, 9:00am (High); Mon 7:15am; Tues 7:15am, 6:30pm, 7:00pm; Wed 8:00am, 6:30pm; Fri 7:15am, 7:00pm; Sat 6:30am, 8:00am</p>",SSPX,SSPX,https://fsspx.de/de/rheinhausen,,,"<p>Sun 7:15am, 9:00am (High); Mon 7:15am; Tues 7:15am, 6:30pm, 7:00pm; Wed 8:00am, 6:30pm; Fri 7:15am, 7:00pm; Sat 6:30am, 8:00am</p>",https://media.mapme.com/places/b2d95125-2163-4228-b510-de9396d8e4c8/gallery/79fc91e0-d216-400f-9892-2f0aaefc7b15.hd,https://www.latinmass.com/find-latin-mass,2026-05-18T15:02:38.874520
Corpus Christi Catholic,"2318 N Cascade Ave, Colorado Springs, Colorado 80907, USA",,,,38.866403,-104.824111,<p>Wed 7:45am; First Fridays 7:00pm</p>,Diocesan Parish,Diocesan,https://corpuschristicos.org/,,,<p>Wed 7:45am; First Fridays 7:00pm</p>,https://media.mapme.com/places/e48c3b2d-6b71-4474-9387-b7f14d8a854f/gallery/7f56bb34-a19b-4c58-8d2e-5f23b546bc6f.hd,https://www.latinmass.com/find-latin-mass,2026-05-18T15:02:38.874520
St Michael Priory,"FG5R+652, Port Harcourt - Enugu Expy, Independence Layout Phase II 400102, Enugu, Nigeria",,,,6.458013,7.540377,"<p>Sun 7:00am, 9:00am (High); Tues-Fri 7:15am, 6:00pm</p><p>Naira Triangle (opposite NNPC Mega Station), Abakaliki and Port Harcourt - Enugu Expressways Junction, 400102, Enugu, Nigeria<br></p>",SSPX,SSPX,https://africa.fsspx.org/en/St-michaels-priory-and-chapel,,,"<p>Sun 7:00am, 9:00am (High); Tues-Fri 7:15am, 6:00pm</p><p>Naira Triangle (opposite NNPC Mega Station), Abakaliki and Port Harcourt - Enugu Expressways Junction, 400102, Enugu, Nigeria<br></p>",https://media.mapme.com/places/06b8bc24-beb6-4786-bacf-120d655f231e/gallery/ec1094d3-0953-4def-ac7e-3bcc583ed1f5.hd,https://www.latinmass.com/find-latin-mass,2026-05-18T15:02:38.874520
Capilla San Felipe de Jesús,"Plutarco Elías Calles 283, Centro, 28974 Villa de Álvarez, Col., Mexico",,,,19.255102,-103.732967,<p>Sun 8:30am</p>,SSPX,SSPX,https://fsspx.mx/es/misi%C3%B3n-san-felipe-de-jes%C3%BAs-villa-de-%C3%A1lvarez,,,<p>Sun 8:30am</p>,https://media.mapme.com/places/1a2d6e60-c003-4525-8954-09670d61c983/gallery/83ba39a9-9ae3-4398-bf03-23bdc6989036.hd,https://www.latinmass.com/find-latin-mass,2026-05-18T15:02:38.874520
St Dominic Mission,"22400 Aquasco Rd, Aquasco, Maryland 20608, USA",,,,38.581857,-76.723799,<p>Sun 7:30am</p>,Diocesan Parish,Diocesan,https://stmichaelbaden.org/traditional-latin-mass,,,<p>Sun 7:30am</p>,https://media.mapme.com/places/5428fdf4-2d96-4fd9-add4-51319dd41bb1/gallery/6e63f782-2212-4ea2-84ed-424aea15d9b9.hd,https://www.latinmass.com/find-latin-mass,2026-05-18T15:02:38.874520
Parrocchia di Santa Chiara,"Corso della Giovecca, 179, 44121 Ferrara FE, Italy",,,,44.834303,11.628316,"<p>Sun 8:30am, 6:00pm (High); Mon-Fri 7:30am, 6:00pm; Sat 8:30am</p>",Diocesan Parish,Diocesan,https://www.santachiaraferrara.it,,,"<p>Sun 8:30am, 6:00pm (High); Mon-Fri 7:30am, 6:00pm; Sat 8:30am</p>",,https://www.latinmass.com/find-latin-mass,2026-05-18T15:02:38.874520
Our Lady of Seven Dolors,"Chapel Hill Rd, Triadelphia, West Virginia 26059, USA",,,,40.053963,-80.62791,<p>3rd Sundays 4:00pm (High)</p>,Diocesan Parish,Diocesan,https://www.wheelinglatinmass.com/,,,<p>3rd Sundays 4:00pm (High)</p>,,https://www.latinmass.com/find-latin-mass,2026-05-18T15:02:38.874520
Capela Nossa Senhora Aparecida,"R. Ismael Silva, 10 - Vila Margarida, Campo Grande - MS, 79023-090, Brazil",,,,-20.432869,-54.5841,<p>Sun 4:00pm (High); Tues &amp; Wed 11:00am; Fri 10:00am</p>,Diocesan Parish,Diocesan,https://instagram.com/paroquiasaosebastiaoms?igshid=YmMyMTA2M2Y=,,,<p>Sun 4:00pm (High); Tues &amp; Wed 11:00am; Fri 10:00am</p>,,https://www.latinmass.com/find-latin-mass,2026-05-18T15:02:38.874520
Seminary of St Vincent de Paul (I.B.P.),"20 Pl. Alexandre Rillié, 28290 Commune nouvelle d'Arrou, France",,,,48.079844,1.13485,"<p>Sun 7:20am, 10:30am (High); Holy Days of Obligation 6:30pm; First &amp; Second Class feast days 6:50am (High)</p>",Other Community,Other,https://www.seminaireStvincent.fr/horaires-des-messes,,,"<p>Sun 7:20am, 10:30am (High); Holy Days of Obligation 6:30pm; First &amp; Second Class feast days 6:50am (High)</p>",,https://www.latinmass.com/find-latin-mass,2026-05-18T15:02:38.874520
Our Lady of Mercy,"5 Rue Louis Philippe, 20220 L'Île-Rousse, France",,,,42.634346,8.935876,<p>Sun 2:30pm (High); Holy Days of Obligation 2:30pm (High)</p>,FSSP,FSSP,https://www.corse.catholique.fr/forme-extraordinaire-du-rite,,,<p>Sun 2:30pm (High); Holy Days of Obligation 2:30pm (High)</p>,,https://www.latinmass.com/find-latin-mass,2026-05-18T15:02:38.874520
St Christopher,"Eglise St-Christophe, 27 Pl. St-Christophe 14, 36000 Châteauroux, France",,,,46.817322,1.684183,"<p>1st, 3rd, &amp; 5th Sundays 10:30am</p>",FSSP,FSSP,,,,"<p>1st, 3rd, &amp; 5th Sundays 10:30am</p>",,https://www.latinmass.com/find-latin-mass,2026-05-18T15:02:38.874520
International Seminary of St Pius X,"Chem. du Séminaire 5, 1908 Riddes, Switzerland",,,,46.156158,7.207079,"<p>Sun 7:15am, 8:30am, 10:00am (High); Weekdays (during the school year) 6:00am, 7:15am, 5:30pm</p>",SSPX,SSPX,https://econe.fsspx.org/fr/renseignements-pratiques-0,,,"<p>Sun 7:15am, 8:30am, 10:00am (High); Weekdays (during the school year) 6:00am, 7:15am, 5:30pm</p>",,https://www.latinmass.com/find-latin-mass,2026-05-18T15:02:38.874520
St Anthony,"700 3rd Ave, Laurel, Montana 59044, USA",,,,45.675888,-108.774859,<p>Tues 5:30pm (Low); Wed-Sat 9am (Low)</p>,Diocesan Parish,Diocesan,https://saintanthonycatholicchurch.org/,,,<p>Tues 5:30pm (Low); Wed-Sat 9am (Low)</p>,https://media.mapme.com/places/d563a14e-d7d7-43ae-8156-aefc9b46f585/gallery/b2de622d-c1f3-48de-9b44-fa22a571de01.hd,https://www.latinmass.com/find-latin-mass,2026-05-18T15:02:38.874520
Chapel of Our Lady of Mercy,"Carrer del Vallespir, 118, 08014 Barcelona, Spain",,,,41.381272,2.136153,<p>Sun 11:00am; Fri &amp; Sat 7:00pm</p>,SSPX,SSPX,https://www.fsspx.es/es/capilla-de-nuestra-se%C3%B1ora-de-la-merced,,,<p>Sun 11:00am; Fri &amp; Sat 7:00pm</p>,https://media.mapme.com/places/d8f76e68-7f8d-40bc-a5cc-9ea8c77f511f/gallery/6e3c39cd-f9e7-49c5-bc62-348ed4544205.hd,https://www.latinmass.com/find-latin-mass,2026-05-18T15:02:38.874520
Chapel of St James Apostle,"C. de Catalina Suárez, 16, 28007 Madrid, Spain",,,,40.400951,-3.671871,"<p>Sun 10:00am, 12:00pm (High), 7:00pm; Mon-Sat 7:00pm; Holy Days 10:00am, 12:00pm (High), 7:00pm</p>",SSPX,SSPX,https://www.fsspx.es/es/misas-en-madrid,,,"<p>Sun 10:00am, 12:00pm (High), 7:00pm; Mon-Sat 7:00pm; Holy Days 10:00am, 12:00pm (High), 7:00pm</p>",,https://www.latinmass.com/find-latin-mass,2026-05-18T15:02:38.874520
St Pius X Mission,"C/ de la Barcelonina, 2, 46002 València, Valencia, Spain",,,,39.471261,-0.376263,<p>Sun 12:00pm</p>,SSPX,SSPX,https://www.fsspx.es/es/misas-en-valencia,,,<p>Sun 12:00pm</p>,,https://www.latinmass.com/find-latin-mass,2026-05-18T15:02:38.874520
Capilla María Reina,"Pcta. Gutierre de Cetina, 18007 Granada, Spain",,,,37.156625,-3.596812,<p>First Sundays 11:00am; First Saturdays 7:00pm</p>,SSPX,SSPX,https://www.fsspx.es/es/misas-en-granada,,,<p>First Sundays 11:00am; First Saturdays 7:00pm</p>,,https://www.latinmass.com/find-latin-mass,2026-05-18T15:02:38.874520
St Patrick,"Drumkeen, Co. Donegal, Ireland",,,,54.866913,-7.758441,<p>Sun 1:00pm</p>,Diocesan Parish,Diocesan,https://parishofraphoe.com/mass-times,,,<p>Sun 1:00pm</p>,,https://www.latinmass.com/find-latin-mass,2026-05-18T15:02:38.874520
St Mary,"Ballyhea, Charleville, Co. Cork, Ireland",,,,52.309269,-8.668421,"<p>Wed 12:00pm</p><p><a href=""http://ballyheaparish.com/"" target=""_blank"" rel=""noopener noreferrer"">http://ballyheaparish.com/</a><br></p>",Diocesan Parish,Diocesan,,,,"<p>Wed 12:00pm</p><p><a href=""http://ballyheaparish.com/"" target=""_blank"" rel=""noopener noreferrer"">http://ballyheaparish.com/</a><br></p>",,https://www.latinmass.com/find-latin-mass,2026-05-18T15:02:38.874520
Chapel of Our Lady of Mercy and St Peter Apostle,"Carrer de Laforja, 21, 08006 Barcelona, Spain",,,,41.398978,2.149693,<p>Sun 12:30pm; Wed 7:30pm</p>,Diocesan Parish,Diocesan,https://misatradicional.es/,,,<p>Sun 12:30pm; Wed 7:30pm</p>,,https://www.latinmass.com/find-latin-mass,2026-05-18T15:02:38.874520
Our Lady of Good Counsel,"8616 N Dixie Dr, Dayton, Ohio 45414, USA",,,,39.856359,-84.198602,<p>1st &amp; 3rd Sundays 3:00pm</p>,SSPX,SSPX,,,,<p>1st &amp; 3rd Sundays 3:00pm</p>,,https://www.latinmass.com/find-latin-mass,2026-05-18T15:02:38.874520
St Anne Traditional Catholic,"29 Abingdon Rd, Leicester LE2 1HA, UK",,,,52.625882,-1.114935,<p>Sun 11:00am + Holy Days of Obligation</p>,SSPX,SSPX,https://fsspx.uk/en/community/priories/leicester-10730,,,<p>Sun 11:00am + Holy Days of Obligation</p>,https://media.mapme.com/places/6b9f7ca1-d0be-4d11-b682-05542315ce63/gallery/1388b783-1d63-48d4-a3cd-3eab11182f69.hd,https://www.latinmass.com/find-latin-mass,2026-05-18T15:02:38.874520
Capilla Niño Jesús de Praga,"Av. Cayetano Heredia 1164, Jesús María 15072, Peru",,,,-12.081342,-77.046057,<p>Contact +51 (147) 17-233 for Mass Times</p>,SSPX,SSPX,https://www.fsspx-sudamerica.org/es/capillas,,,<p>Contact +51 (147) 17-233 for Mass Times</p>,,https://www.latinmass.com/find-latin-mass,2026-05-18T15:02:38.874520
"Capilla de la Santa Cruz, Argentina","Rodríguez Peña 569, Curuzú Cuatiá, Corrientes, Argentina",,,,-29.792251,-58.059453,"<p>1st, 2nd, &amp; 4th Sundays 10:00am; Saturday 7:00pm. For more information: 03794 446-3461</p>",SSPX,SSPX,https://www.fsspx-sudamerica.org/es/capillas,,,"<p>1st, 2nd, &amp; 4th Sundays 10:00am; Saturday 7:00pm. For more information: 03794 446-3461</p>",,https://www.latinmass.com/find-latin-mass,2026-05-18T15:02:38.874520
Capilla Inmaculado Corazón de María,"El Canito, Alta Gracia, Córdoba, Argentina",,,,-31.653533,-64.444667,"<p>Sun 9:00am, 11:00am (High); Tues-Fri 7:00pm; Sat 11:00am</p><p>For more information call: +54 9 (351) 4592836</p>",SSPX,SSPX,https://www.fsspx-sudamerica.org/es/capillas,,,"<p>Sun 9:00am, 11:00am (High); Tues-Fri 7:00pm; Sat 11:00am</p><p>For more information call: +54 9 (351) 4592836</p>",,https://www.latinmass.com/find-latin-mass,2026-05-18T15:02:38.874520
St Germain,"Rue Jean Louis Forain, 78150 Le Chesnay-Rocquencourt, France",,,,48.832447,2.121625,<p>Sun 10:00am</p>,Diocesan Parish,Diocesan,https://www.communauteStcharles.org,,,<p>Sun 10:00am</p>,,https://www.latinmass.com/find-latin-mass,2026-05-18T15:02:38.874520
of St Louis,"11 Rue St-Louis, 67000 Strasbourg, France",,,,48.578158,7.745075,"<p>Sun 9:00am, 10:30am (High), 7:00pm; Tues-Fri 6:30am; Sat 9:00am, 5:00pm</p>",Diocesan Parish,Diocesan,https://www.croix-glorieuse.org,,,"<p>Sun 9:00am, 10:30am (High), 7:00pm; Tues-Fri 6:30am; Sat 9:00am, 5:00pm</p>",,https://www.latinmass.com/find-latin-mass,2026-05-18T15:02:38.874520
of St Rita,"2 Pl. Garibaldi, 34500 Béziers, France",,,,43.340087,3.215347,"<p>Sundays &amp; Holy Days 10:30am; Fri 11:00am; Sat 6:30am</p><p><a href=""http://icrsp-beziers.blogspot.com/"" target=""_blank"" rel=""noopener noreferrer"">http://icrsp-beziers.blogspot.com/</a><br></p>",Institute of Christ the King,ICKSP,,,,"<p>Sundays &amp; Holy Days 10:30am; Fri 11:00am; Sat 6:30am</p><p><a href=""http://icrsp-beziers.blogspot.com/"" target=""_blank"" rel=""noopener noreferrer"">http://icrsp-beziers.blogspot.com/</a><br></p>",,https://www.latinmass.com/find-latin-mass,2026-05-18T15:02:38.874520
Schellenberg Convent,"Dorf 35, 9488 Schellenberg, Liechtenstein",,,,47.231393,9.545995,<p>Sun 8:15am; Mon-Sat 6:00am</p>,Other,Other,,,,<p>Sun 8:15am; Mon-Sat 6:00am</p>,,https://www.latinmass.com/find-latin-mass,2026-05-18T15:02:38.874520
Chapel of St Medero,"33193 Santo Medero, Asturias, Spain",,,,43.344944,-5.890497,<p>Sundays &amp; Holy Days 12:00pm</p>,Diocesan Parish,Diocesan,https://hocsigno.wordpress.com,,,<p>Sundays &amp; Holy Days 12:00pm</p>,,https://www.latinmass.com/find-latin-mass,2026-05-18T15:02:38.874520
Cathedral of Our Lady of the Assumption,"C. Dormitalería, 1, 31001 Pamplona, Navarra, Spain",,,,42.819558,-1.641525,<p>Sundays and Holy days of obligation 10:00am</p>,Diocesan Parish,Diocesan,https://www.catedraldepamplona.com/,,,<p>Sundays and Holy days of obligation 10:00am</p>,,https://www.latinmass.com/find-latin-mass,2026-05-18T15:02:38.874520
Parish of Eschen-Nendelin,"St. Luzi-Strasse 11, 9492 Eschen, Liechtenstein",,,,47.211599,9.523613,<p>Tues 7:00pm; Sat 9:15am</p>,Diocesan Parish,Diocesan,https://www.pfarrei-eschen-nendeln.li,,,<p>Tues 7:00pm; Sat 9:15am</p>,,https://www.latinmass.com/find-latin-mass,2026-05-18T15:02:38.874520
Empress St Cunigunde,"Pl. Ste-Cunégonde, 1367 Clausen Luxembourg",,,,49.614941,6.142948,<p>Sundays &amp; Holy Days of Obligation 11:30am</p>,Diocesan Parish,Diocesan,https://messe-latin-luxembourg.blogspot.com,,,<p>Sundays &amp; Holy Days of Obligation 11:30am</p>,,https://www.latinmass.com/find-latin-mass,2026-05-18T15:02:38.874520
St Patrick,"College Rd, Kilkenny, Ireland",,,,52.645665,-7.256284,<p>Sun 5:00pm</p>,Diocesan Parish,Diocesan,https://societyofstoliverplunkett.blogspot.com,,,<p>Sun 5:00pm</p>,,https://www.latinmass.com/find-latin-mass,2026-05-18T15:02:38.874520
St Bernardino of Siena,"Belvedere S. Francesco, 1, 38122 Trento TN, Italy",,,,46.065382,11.134656,"<p>Sun 8:30am, 10:00am (High); Holy Days of Obligation 10:00am</p>",Other,Other,https://www.lateinische-messe.tirol/it/misurazione-posizioni/trento,,,"<p>Sun 8:30am, 10:00am (High); Holy Days of Obligation 10:00am</p>",,https://www.latinmass.com/find-latin-mass,2026-05-18T15:02:38.874520
Sacred Heart,"Via Brennero, 37, 39042 Bressanone BZ, Italy",,,,46.724573,11.652872,<p>Sundays &amp; Holy Days of Obligation 9:00am; Thurs-Sat 6:00pm</p>,FSSP,FSSP,https://www.lateinische-messe.tirol,,,<p>Sundays &amp; Holy Days of Obligation 9:00am; Thurs-Sat 6:00pm</p>,,https://www.latinmass.com/find-latin-mass,2026-05-18T15:02:38.874520
Innsbruck Convent of Perpetual Adoration,"Karl-Kapferer-Straße 7, 6020 Innsbruck, Austria",,,,47.273475,11.399318,<p>Sundays &amp; Holy Days 10:30am (Solemn High)</p>,Other,Other,https://www.ewigeanbetung-ibk.at,,,<p>Sundays &amp; Holy Days 10:30am (Solemn High)</p>,,https://www.latinmass.com/find-latin-mass,2026-05-18T15:02:38.874520
Castello della Magione,"Località Castello Della Magione, 1, 53036 Poggibonsi SI, Italy",,,,43.457016,11.158587,<p>Sundays &amp; Holy Days of Obligation 9:30am</p>,Other,Other,https://www.ordo-militiae-templi.org,,,<p>Sundays &amp; Holy Days of Obligation 9:30am</p>,,https://www.latinmass.com/find-latin-mass,2026-05-18T15:02:38.874520
St Philip,"112 Capital Ave NE, Battle Creek, Michigan 49017, USA",,,,42.320951,-85.179412,"<p>Sunday 6pm; Wednesday, Friday 5pm; Monday, Tuesday, Thursday 6:30am</p>",Diocesan Parish,Diocesan,https://stphilipbc.org/,,,"<p>Sunday 6pm; Wednesday, Friday 5pm; Monday, Tuesday, Thursday 6:30am</p>",https://media.mapme.com/places/b151b977-3239-43fa-b9e0-9d4180e1178d/gallery/c773bf24-9e65-4e0a-a9eb-56a9aa95c61e.hd,https://www.latinmass.com/find-latin-mass,2026-05-18T15:02:38.874520
Annunciation - Our Lady of Fatima Parish,"470 Westchester Ave, Yonkers, New York 10707, USA",,,,40.970387,-73.820223,"<p>Sun 2pm (Lower )</p><p>Email&nbsp;AnnunciationTLM@gmail.com for Mass times for Holy Days &amp; Special feast days</p><p><a href=""http://annunciation-fatima.com/"" target=""_blank"" rel=""noopener noreferrer"">http://annunciation-fatima.com/</a><br></p>",Diocesan Parish,Diocesan,,,,"<p>Sun 2pm (Lower )</p><p>Email&nbsp;AnnunciationTLM@gmail.com for Mass times for Holy Days &amp; Special feast days</p><p><a href=""http://annunciation-fatima.com/"" target=""_blank"" rel=""noopener noreferrer"">http://annunciation-fatima.com/</a><br></p>",,https://www.latinmass.com/find-latin-mass,2026-05-18T15:02:38.874520
St Paul Catholic,"236 Hastings St, Parkhill, ON N0M 2K0, Canada",,,,43.163584,-81.681959,<p>Sun 9:00am; Holy Days of Obligation 9:00am; 1st Fridays 6:30pm; 1st Saturdays 8:00am</p>,SSPX,SSPX,https://olmca.sspx.ca/en,,,<p>Sun 9:00am; Holy Days of Obligation 9:00am; 1st Fridays 6:30pm; 1st Saturdays 8:00am</p>,,https://www.latinmass.com/find-latin-mass,2026-05-18T15:02:38.874520
Incarnation Catholic,"1515 Edgewater Dr, Orlando, Florida 32804, USA",,,,28.565545,-81.389043,<p>Contact the  office for ocassional times and dates<br></p>,Other,Other,https://www.incarnationcc.org,,,<p>Contact the  office for ocassional times and dates<br></p>,,https://www.latinmass.com/find-latin-mass,2026-05-18T15:02:38.874520
"Our Lady of Guadalupe, Sri Lanka","525 Chilaw - Colombo Main Rd, Negombo, Sri Lanka",,,,7.196289,79.855889,<p>Sun 9:00am; Weekdays 7:15am OR 5:00pm</p>,SSPX,SSPX,https://t.me/sspxsrilanka,,,<p>Sun 9:00am; Weekdays 7:15am OR 5:00pm</p>,https://media.mapme.com/places/f1449f61-fba6-44b3-a5e1-1d2970164ac8/gallery/5f378957-1a20-4dce-860d-86d95ecfccf1.hd,https://www.latinmass.com/find-latin-mass,2026-05-18T15:02:38.874520
Assumption of the Blessed Virgin Mary,"546 Berding St, Ferndale, California 95536, USA",,,,40.576617,-124.261411,<p>Sun 1:00pm (Missa Cantata)</p><p>Email&nbsp;tlmhumboldt1@gmail.com for additional mass times&nbsp;on feast days and Holy Days of Obligation. </p>,Diocesan Parish,Diocesan,https://tlmnorthcoast.com,,,<p>Sun 1:00pm (Missa Cantata)</p><p>Email&nbsp;tlmhumboldt1@gmail.com for additional mass times&nbsp;on feast days and Holy Days of Obligation. </p>,,https://www.latinmass.com/find-latin-mass,2026-05-18T15:02:38.874520
Our Lady of Fatima Chapel,"Main St, Welwyn, SK S0A 4L0, Canada",,,,50.323511,-101.517864,"<p>Sun 8:00am, 10:00am (High); First Fridays 6:00pm; First Saturdays 9:00am</p><p><a href=""http://www.sspx.ca/"" target=""_blank"" rel=""noopener noreferrer"">http://www.sspx.ca/</a><br></p>",SSPX,SSPX,,,,"<p>Sun 8:00am, 10:00am (High); First Fridays 6:00pm; First Saturdays 9:00am</p><p><a href=""http://www.sspx.ca/"" target=""_blank"" rel=""noopener noreferrer"">http://www.sspx.ca/</a><br></p>",,https://www.latinmass.com/find-latin-mass,2026-05-18T15:02:38.874520
St George in Slupsk,"plac bł. Bronisława Kostkowskiego, 76-200 Słupsk, Poland",,,,54.462998,17.033273,<p>2nd and 4th Sundays 1:00pm</p>,Diocesan Parish,Diocesan,https://jerzyslupsk.pl,,,<p>2nd and 4th Sundays 1:00pm</p>,,https://www.latinmass.com/find-latin-mass,2026-05-18T15:02:38.874520
St Clement Hofbauer,"Karolkowa 49, 01-203 Warszawa, Poland",,,,52.234245,20.976515,"<p>Sun 6:45am, 2:00pm (High). Additional Masses Mon-Sat please check website:&nbsp;<a href=""http://mszatrydencka.waw.pl/"" target=""_blank"" rel=""noopener noreferrer"">http://mszatrydencka.waw.pl/</a></p>",Diocesan Parish,Diocesan,,,,"<p>Sun 6:45am, 2:00pm (High). Additional Masses Mon-Sat please check website:&nbsp;<a href=""http://mszatrydencka.waw.pl/"" target=""_blank"" rel=""noopener noreferrer"">http://mszatrydencka.waw.pl/</a></p>",,https://www.latinmass.com/find-latin-mass,2026-05-18T15:02:38.874520
St Anne Chapel,"33013 Co Rd 358, Lawton, Michigan 49065, USA",,,,42.168774,-85.872671,"<p>1st Saturdays 6:00pm, May-October; St Anne’s Triduum 6:00pm July 24-26<br></p>",Other,Other,https://m.facebook.com/stanneschapel,,,"<p>1st Saturdays 6:00pm, May-October; St Anne’s Triduum 6:00pm July 24-26<br></p>",,https://www.latinmass.com/find-latin-mass,2026-05-18T15:02:38.874520
Iglesia Convental de Santa Ana,"C. Ángel de Saavedra, 7, 14003 Córdoba, Spain",,,,37.882108,-4.779434,"<p>Sun 12:30pm</p><p><a href=""http://unavocordoba.blogspot.com/"" target=""_blank"" rel=""noopener noreferrer"">http://unavocordoba.blogspot.com/</a><br></p>",Diocesan Parish,Diocesan,,,,"<p>Sun 12:30pm</p><p><a href=""http://unavocordoba.blogspot.com/"" target=""_blank"" rel=""noopener noreferrer"">http://unavocordoba.blogspot.com/</a><br></p>",,https://www.latinmass.com/find-latin-mass,2026-05-18T15:02:38.874520
St Matthew,"35 N Service Rd, Dix Hills, New York 11746, USA",,,,40.804135,-73.324909,<p>First &amp; Third Sundays 12:30pm (High)</p>,Diocesan Parish,Diocesan,https://smrcc.org,,,<p>First &amp; Third Sundays 12:30pm (High)</p>,,https://www.latinmass.com/find-latin-mass,2026-05-18T15:02:38.874520
St Joseph Chapel,"946 Sinag, Manila, Metro Manila, Philippines",,,,14.581574,121.046279,<p>Sun 3:00pm (High)</p>,Diocesan Parish,Diocesan,https://www.facebook.com/SEDSI.UVPH?mibextid=ZbWKwL,,,<p>Sun 3:00pm (High)</p>,,https://www.latinmass.com/find-latin-mass,2026-05-18T15:02:38.874520
Oratorio Stella Maris,"Panamá, Provincia de Panamá, Panama",,,,9.012031,-79.508492,"Misas de forma mensual comúnmente por 8 a 10 días. Usualmente en la primera semana de cada mes.&nbsp; Se cuenta con todos los Sacramentos como Confesión, Confirmación y Bautismo. Tenemos librería de libros tradicionales. Se cuenta con dirección espiritual por el sacerdote encargado.&nbsp;Más información de los horarios en @christusvincit.9802 o @fsspxpanama",SSPX,SSPX,https://www.instagram.com/christusvincit.9802/?hl=en,,,"Misas de forma mensual comúnmente por 8 a 10 días. Usualmente en la primera semana de cada mes.&nbsp; Se cuenta con todos los Sacramentos como Confesión, Confirmación y Bautismo. Tenemos librería de libros tradicionales. Se cuenta con dirección espiritual por el sacerdote encargado.&nbsp;Más información de los horarios en @christusvincit.9802 o @fsspxpanama",,https://www.latinmass.com/find-latin-mass,2026-05-18T15:02:38.874520
Priorij v.h. Allerheiligste Sacrament,"Hemelstraat 21, 2018 Antwerpen, Belgium",,,,51.209219,4.409607,"<p>Sundays &amp; Public Holidays 7:30am, 10:00am (High)</p>",SSPX,SSPX,https://fsspx.be/nl,,,"<p>Sundays &amp; Public Holidays 7:30am, 10:00am (High)</p>",,https://www.latinmass.com/find-latin-mass,2026-05-18T15:02:38.874520
Chiesa di S. Caterina,"Via Vocogno, 28852 Craveggia VB, Italy",,,,46.140632,8.483121,<p>Sundays &amp; feasts 10:30am (High); 5:00pm; Mon 7:00am; Tues 5:00pm; Wed 7:00am; Thurs 5:00pm; Fri 5:00pm; Sat 7:00am</p>,Diocesan Parish,Diocesan,https://www.radicatinellafede.com,,,<p>Sundays &amp; feasts 10:30am (High); 5:00pm; Mon 7:00am; Tues 5:00pm; Wed 7:00am; Thurs 5:00pm; Fri 5:00pm; Sat 7:00am</p>,,https://www.latinmass.com/find-latin-mass,2026-05-18T15:02:38.874520
Igreja de Nossa Senhora da Conceição Velha,"Rua da Alfândega 108, 1100-389 Lisboa, Portugal",,,,38.708805,-9.133985,"Sundays 10am, 6pm; Weekdays 7pm; Saturday 10:30am",Diocesan Parish,Diocesan,https://paroquiasaonicolau.pt,,,"Sundays 10am, 6pm; Weekdays 7pm; Saturday 10:30am",,https://www.latinmass.com/find-latin-mass,2026-05-18T15:02:38.874520
St Francis Hermitage Shrine of Divine Mercy,"14841 Turfan Rd, Gays Mills, Wisconsin 54631, USA",,,,43.352286,-90.820817,<p>Sun 11:30am</p>,Other,Other,https://www.stfrancishermitage.org/mass-schedule,,,<p>Sun 11:30am</p>,,https://www.latinmass.com/find-latin-mass,2026-05-18T15:02:38.874520
Collegiate of St-André,"9 Pl. St-André, 38000 Grenoble, France",,,,45.192782,5.728001,"<p>Sun 8:30am, 10:30am (High); Mon-Fri 6:30pm; Sat 9:30am</p>",Diocesan Parish,Diocesan,https://collegiale-St-andre.fr,,,"<p>Sun 8:30am, 10:30am (High); Mon-Fri 6:30pm; Sat 9:30am</p>",,https://www.latinmass.com/find-latin-mass,2026-05-18T15:02:38.874520
Priorat St Karl Borromäus,"Staatsstrasse 87, 9463 Oberriet, Switzerland",,,,47.31975,9.564178,"<p>Sun 7:30am, 9:40am (High); 7:15pm; Mon-Sat 7:00am (Fri 8:00am) + 6:00pm (Tues 7:00pm)</p>",SSPX,SSPX,https://fsspx.ch/de/priorat-st-karl-borrom%C3%A4us,,,"<p>Sun 7:30am, 9:40am (High); 7:15pm; Mon-Sat 7:00am (Fri 8:00am) + 6:00pm (Tues 7:00pm)</p>",,https://www.latinmass.com/find-latin-mass,2026-05-18T15:02:38.874520
Chapel of the Sacred Heart of Jesus,"Jalan PJU 5/3, Dataran Sunway, 47810 Petaling Jaya, Selangor, Malaysia",,,,3.152038,101.595595,<p>Sun 9:00am (High)</p><p>Check Facebook page for more info</p>,SSPX,SSPX,https://www.facebook.com/SSPXMY,,,<p>Sun 9:00am (High)</p><p>Check Facebook page for more info</p>,,https://www.latinmass.com/find-latin-mass,2026-05-18T15:02:38.874520
Parroquia Inmaculada Concepción de la Virgen María,"Flaubert 400, B1661DHG Bella Vista, Provincia de Buenos Aires, Argentina",,,,-34.571751,-58.708667,<p>Sun 10:00am</p>,Diocesan Parish,Diocesan,https://inmaculadabv.org.ar,,,<p>Sun 10:00am</p>,,https://www.latinmass.com/find-latin-mass,2026-05-18T15:02:38.874520
St James,"Glenmore National School, Robinstown, Glenmore, Co. Kilkenny, Ireland",,,,52.352324,-7.033786,<p>1st Saturdays 11:00am</p>,Diocesan Parish,Diocesan,https://www.glenmoreparish.ie,,,<p>1st Saturdays 11:00am</p>,,https://www.latinmass.com/find-latin-mass,2026-05-18T15:02:38.874520
St Martin,"Maarstraße 72, 54292 Trier, Germany",,,,49.763988,6.643861,<p>Sun 11:30am (High); Feast Days 6:30pm</p>,Institute of Christ the King,ICKSP,https://institut-christus-koenig.de/trier,,,<p>Sun 11:30am (High); Feast Days 6:30pm</p>,,https://www.latinmass.com/find-latin-mass,2026-05-18T15:02:38.874520
Kloster Bethlehem,"Hermannstraße 29, 56076 Koblenz, Germany",,,,50.343576,7.603825,<p>Sun 9:30am (High)</p>,Institute of Christ the King,ICKSP,https://institut-christus-koenig.de/koblenz,,,<p>Sun 9:30am (High)</p>,,https://www.latinmass.com/find-latin-mass,2026-05-18T15:02:38.874520
Cathedral of Our Lady of the Holy Rosary,"646 Richards St, Vancouver, BC V6B 3A3, Canada",,,,49.281912,-123.11452,<p>Sun 4:00pm (High); Fri 6:30pm</p>,Diocesan Parish,Diocesan,https://www.holyrosarycathedral.org,,,<p>Sun 4:00pm (High); Fri 6:30pm</p>,,https://www.latinmass.com/find-latin-mass,2026-05-18T15:02:38.874520
St Luke,"5055 Micco Rd, Barefoot Bay, Florida 32976, USA",,,,27.879854,-80.519702,<p>Sun 12:00pm; Weekday HolyDays 7:00pm</p>,Diocesan Parish,Diocesan,https://stlukebarefootbay.org,,,<p>Sun 12:00pm; Weekday HolyDays 7:00pm</p>,,https://www.latinmass.com/find-latin-mass,2026-05-18T15:02:38.874520
St Anthony Shrine,"33, Cathedral Rd, Chokkalingam Nagar, Gopalapuram, Chennai, Tamil Nadu 600086, India",,,,13.048286,80.253875,<p>Sun 5:00pm</p>,SSPX,SSPX,https://fsspx.asia/en,,,<p>Sun 5:00pm</p>,,https://www.latinmass.com/find-latin-mass,2026-05-18T15:02:38.874520
Christ the King,"Christurajapuram, Kirathoor, Ezhudesam, Tamil Nadu, India",,,,8.273675,77.137731,<p>Sun 11:30am</p>,SSPX,SSPX,https://fsspx.asia/en,,,<p>Sun 11:30am</p>,,https://www.latinmass.com/find-latin-mass,2026-05-18T15:02:38.874520
Kirchgemeinde Sancta Maria,"St. Gallerstrasse 65, 9500 Wil, Switzerland",,,,47.463794,9.063062,"<p>Sun 7:30am, 9:30am (High), 6:30pm; Thurs 6:30pm; Sat 7:15am; Other days 7:15am, 6:30pm</p>",SSPX,SSPX,https://fsspx.ch/de/kirchgemeinde-sancta-maria,,,"<p>Sun 7:30am, 9:30am (High), 6:30pm; Thurs 6:30pm; Sat 7:15am; Other days 7:15am, 6:30pm</p>",,https://www.latinmass.com/find-latin-mass,2026-05-18T15:02:38.874520
St Pius V Chapel,"8XM2+892, Mandaue City, Cebu, Philippines",,,,10.333263,123.950891,<p>Sun 9:30am; First Fridays &amp; First Saturdays 6:00pm</p>,SSPX,SSPX,https://m.facebook.com/profile.php/?id=100069551974945&name=xhp_nt__fb__action__open_user,,,<p>Sun 9:30am; First Fridays &amp; First Saturdays 6:00pm</p>,,https://www.latinmass.com/find-latin-mass,2026-05-18T15:02:38.874520
The National Shrine of Our Lady of Czestochowa,"654 Ferry Rd, Doylestown, Pennsylvania 18901, USA",,,,40.318964,-75.179362,"<p>Second Sundays 11:15am&nbsp;Our Lady’s Chapel or St Anne’s Chapel, normally Low Mass with hymns</p>",Other,Other,https://czestochowa.us/ministries/tlm,,,"<p>Second Sundays 11:15am&nbsp;Our Lady’s Chapel or St Anne’s Chapel, normally Low Mass with hymns</p>",,https://www.latinmass.com/find-latin-mass,2026-05-18T15:02:38.874520
Iglesia de San Ildefonso,"C. Rodríguez Marín, 2, 41003 Sevilla, Spain",,,,37.390529,-5.988514,<p>Sun 10:00am</p>,Diocesan Parish,Diocesan,https://www.facebook.com/misatradicionalsevilla,,,<p>Sun 10:00am</p>,,https://www.latinmass.com/find-latin-mass,2026-05-18T15:02:38.874520
Concatedral de Santa María,"Pl. Sta. María, 3, 10003 Cáceres, Spain",,,,39.474374,-6.370139,<p>Sun 11:00am</p>,Diocesan Parish,Diocesan,https://diocesiscoriacaceres.es/parroquia/concatedral-de-santa-maria,,,<p>Sun 11:00am</p>,,https://www.latinmass.com/find-latin-mass,2026-05-18T15:02:38.874520
Capilla Virgen del Carmen,"C. Obispo Don Manuel González García, 21810 Palos de la Frontera, Huelva, Spain",,,,37.225355,-6.899821,<p>Sun 10:00am</p><p>Times &amp; location may vary. Check website or social networks.</p>,Diocesan Parish,Diocesan,https://traditiohuelva.blogspot.com,,,<p>Sun 10:00am</p><p>Times &amp; location may vary. Check website or social networks.</p>,,https://www.latinmass.com/find-latin-mass,2026-05-18T15:02:38.874520
Iglesia de San Agustín,"C. San Agustín, 29015 Málaga, Spain",,,,36.721383,-4.418799,<p>Sun 10:00am</p>,Diocesan Parish,Diocesan,https://unavoce-malaga.blogspot.com,,,<p>Sun 10:00am</p>,,https://www.latinmass.com/find-latin-mass,2026-05-18T15:02:38.874520
Our Lady of Knock Eucharistic and Marian Shrine,"Drum, Knock, Co. Mayo, F12 Y226, Ireland",,,,53.792756,-8.918981,<p>Second Sundays 6:00pm in the Blessed Sacrament Chapel</p>,Diocesan Parish,Diocesan,https://www.knockshrine.ie/latin-mass,,,<p>Second Sundays 6:00pm in the Blessed Sacrament Chapel</p>,,https://www.latinmass.com/find-latin-mass,2026-05-18T15:02:38.874520
Our Lady of Perpetual Succour,"30 Amersham Rd, Chesham Bois, Amersham HP6 5PE, UK",,,,51.689977,-0.613599,<p>Sun 8:00am (Missa Cantata on 1st Sundays); Holy Days of Obligation 11:00am (Missa Cantata)</p>,FSSP,FSSP,https://fssp.org.co.uk/chesam,,,<p>Sun 8:00am (Missa Cantata on 1st Sundays); Holy Days of Obligation 11:00am (Missa Cantata)</p>,,https://www.latinmass.com/find-latin-mass,2026-05-18T15:02:38.874520
Shrine of St Elizabeth of Hungary,"9016 Buckeye Rd, Cleveland, Ohio 44104, USA",,,,41.4851,-81.623381,"<p>Sun 8:00am, 10:00am. See Bulletin for full details and daily Mass times&nbsp;</p>",Institute of Christ the King,ICKSP,https://institute-christ-king.org/cleveland-home,,,"<p>Sun 8:00am, 10:00am. See Bulletin for full details and daily Mass times&nbsp;</p>",,https://www.latinmass.com/find-latin-mass,2026-05-18T15:02:38.874520
St Joseph Chapel,"Tilvikų g. 12, 76203 Šiauliai, Lithuania",,,,55.936863,23.325484,<p>Sun 9:30am (High); Sat 6:00pm</p>,SSPX,SSPX,https://fsspx.lt/koplycios,,,<p>Sun 9:30am (High); Sat 6:00pm</p>,,https://www.latinmass.com/find-latin-mass,2026-05-18T15:02:38.874520
Holy Rosary of BVM Chapel,"M7VP+R9, Vilnius, Vilnius City Municipality, Lithuania",,,,54.694563,25.285937,<p>Sun 4:00pm (High)</p>,SSPX,SSPX,https://fsspx.lt/koplycios,,,<p>Sun 4:00pm (High)</p>,,https://www.latinmass.com/find-latin-mass,2026-05-18T15:02:38.874520
Mary Mother of Mercy Chapel and St Casmir Priory,"Birutės g. 1, 45320 Kaunas, Lithuania",,,,54.870948,23.976846,<p>Sun 10:00am (High); Mon-Fri 6:00pm&nbsp;</p>,SSPX,SSPX,https://fsspx.lt/koplycios,,,<p>Sun 10:00am (High); Mon-Fri 6:00pm&nbsp;</p>,,https://www.latinmass.com/find-latin-mass,2026-05-18T15:02:38.874520
Co-Cathedral of the Assumption of the Virgin and St Stanislaus,"vulica Kamsamoĺskaja 4, Mahilioŭ 212030, Belarus",,,,53.898472,30.334087,<p>2nd Sundays 2:00pm</p>,Diocesan Parish,Diocesan,https://www.facebook.com/formaextraordinariaBY,,,<p>2nd Sundays 2:00pm</p>,,https://www.latinmass.com/find-latin-mass,2026-05-18T15:02:38.874520
Priory of St St Pius X Immaculate Conception of the Blessed Virgin Mary,"Garncarska 32, 04-886 Warszawa, Poland",,,,52.17743,21.1931,"<p>Sun 7:00am, 8:30am, 10:00am, 12:30pm, 6:00pm; 1st Fridays 7:15am, 7:00pm; 1st Saturdays 7:15am, 7:00pm; Daily 5:40am, 7:15am, 11:45am, 6:00pm</p>",SSPX,SSPX,https://www.piusx.org.pl/kaplice/warszawa,,,"<p>Sun 7:00am, 8:30am, 10:00am, 12:30pm, 6:00pm; 1st Fridays 7:15am, 7:00pm; 1st Saturdays 7:15am, 7:00pm; Daily 5:40am, 7:15am, 11:45am, 6:00pm</p>",,https://www.latinmass.com/find-latin-mass,2026-05-18T15:02:38.874520
Sue Ryder house,"Michelská 1/7, 140 00 Praha 4-Michle, Czechia",,,,50.053757,14.453577,"<p>Sun 10:00am (High)</p><p><a href=""http://fsspx.cz/"" target=""_blank"" rel=""noopener noreferrer"">http://fsspx.cz/</a><br></p>",SSPX,SSPX,,,,"<p>Sun 10:00am (High)</p><p><a href=""http://fsspx.cz/"" target=""_blank"" rel=""noopener noreferrer"">http://fsspx.cz/</a><br></p>",,https://www.latinmass.com/find-latin-mass,2026-05-18T15:02:38.874520
Chapel of Our Lady Queen of Poland,"Korczaka 2a, 16-400 Suwałki, Poland",,,,54.104178,22.934157,"<p>Sun 9:30am, Sat 4:00pm</p><p><a href=""http://www.piusx.org.pl/kaplice/suwalki"" target=""_blank"" rel=""noopener noreferrer"">http://www.piusx.org.pl/kaplice/suwalki</a><br></p>",SSPX,SSPX,,,,"<p>Sun 9:30am, Sat 4:00pm</p><p><a href=""http://www.piusx.org.pl/kaplice/suwalki"" target=""_blank"" rel=""noopener noreferrer"">http://www.piusx.org.pl/kaplice/suwalki</a><br></p>",,https://www.latinmass.com/find-latin-mass,2026-05-18T15:02:38.874520
Chapel of Our Lady of Mount Carmel,"Adama Mickiewicza 95D, Białystok, Poland",,,,53.109236,23.18436,"<p>Sun 8:00am, 10:00am (High); Sat 4:00pm; First Fridays 4:00pm</p><p><a href=""http://www.piusx.org.pl/kaplice/bialystok"" target=""_blank"" rel=""noopener noreferrer"">http://www.piusx.org.pl/kaplice/bialystok</a><br></p>",SSPX,SSPX,,,,"<p>Sun 8:00am, 10:00am (High); Sat 4:00pm; First Fridays 4:00pm</p><p><a href=""http://www.piusx.org.pl/kaplice/bialystok"" target=""_blank"" rel=""noopener noreferrer"">http://www.piusx.org.pl/kaplice/bialystok</a><br></p>",,https://www.latinmass.com/find-latin-mass,2026-05-18T15:02:38.874520
Centre of St Louis Marie Grignion de Montfort,"Tomasza Wilsona 30, 42-202 Częstochowa, Poland",,,,50.815149,19.123621,<p>Sundays 12.30pm; First Saturdays of the month 6pm</p>,SSPX,SSPX,,,,<p>Sundays 12.30pm; First Saturdays of the month 6pm</p>,https://media.mapme.com/places/019eece2-dd2b-4130-a5b5-7e2ccb1db731/gallery/9597e13d-f07e-456e-a92a-e1740c3bf6f9.hd,https://www.latinmass.com/find-latin-mass,2026-05-18T15:02:38.874520
Priory of St Stanislaus the bishop Chapel of Our Lady Mediatrix of All Graces,"Zdunów 24, 30-001 Kraków, Poland",,,,50.020589,19.919051,"<p>Sun 8:00am, 10:00am (High), 4:00pm; Weekdays 7:15am; Sat 8:00am; First Fridays 4:00pm</p><p><a href=""http://www.piusx.org.pl/kaplice/krakow"" target=""_blank"" rel=""noopener noreferrer"">http://www.piusx.org.pl/kaplice/krakow</a><br></p>",SSPX,SSPX,,,,"<p>Sun 8:00am, 10:00am (High), 4:00pm; Weekdays 7:15am; Sat 8:00am; First Fridays 4:00pm</p><p><a href=""http://www.piusx.org.pl/kaplice/krakow"" target=""_blank"" rel=""noopener noreferrer"">http://www.piusx.org.pl/kaplice/krakow</a><br></p>",,https://www.latinmass.com/find-latin-mass,2026-05-18T15:02:38.874520
Chapel of Our Lady Help of Christians,"Lubelska 19, 37-500 Jarosław, Poland",,,,50.019748,22.679812,"<p>Sun 1:30pm</p><p><a href=""http://www.piusx.org.pl/kaplice/jaroslaw"" target=""_blank"" rel=""noopener noreferrer"">http://www.piusx.org.pl/kaplice/jaroslaw</a><br></p>",SSPX,SSPX,,,,"<p>Sun 1:30pm</p><p><a href=""http://www.piusx.org.pl/kaplice/jaroslaw"" target=""_blank"" rel=""noopener noreferrer"">http://www.piusx.org.pl/kaplice/jaroslaw</a><br></p>",,https://www.latinmass.com/find-latin-mass,2026-05-18T15:02:38.874520
Chapel of Jesus Christ the High and Eternal Priest,"Torowa 1, 33-100 Tarnów, Poland",,,,50.005883,20.996443,"<p>Sun 8:00am, 10:00am; Sat 4:00pm</p><p><a href=""http://www.piusx.org.pl/kaplice/tarnow"" target=""_blank"" rel=""noopener noreferrer"">http://www.piusx.org.pl/kaplice/tarnow</a><br></p>",SSPX,SSPX,,,,"<p>Sun 8:00am, 10:00am; Sat 4:00pm</p><p><a href=""http://www.piusx.org.pl/kaplice/tarnow"" target=""_blank"" rel=""noopener noreferrer"">http://www.piusx.org.pl/kaplice/tarnow</a><br></p>",,https://www.latinmass.com/find-latin-mass,2026-05-18T15:02:38.874520
Chapel of Our Lady of Ostra Brama,"Opolska 2, 11-041 Olsztyn, Poland",,,,53.761989,20.506723,"<p>Sun 10:00am; Sat 4:00pm</p><p><a href=""http://www.piusx.org.pl/kaplice/olsztyn"" target=""_blank"" rel=""noopener noreferrer"">http://www.piusx.org.pl/kaplice/olsztyn</a><br></p>",SSPX,SSPX,,,,"<p>Sun 10:00am; Sat 4:00pm</p><p><a href=""http://www.piusx.org.pl/kaplice/olsztyn"" target=""_blank"" rel=""noopener noreferrer"">http://www.piusx.org.pl/kaplice/olsztyn</a><br></p>",,https://www.latinmass.com/find-latin-mass,2026-05-18T15:02:38.874520
St Nicholas of Chardonnet,"23 Rue des Bernardins, 75005 Paris, France",,,,48.849332,2.350267,"<p>Sundays &amp; Feast Days 8:00am, 9:00am (High) 10:30am (Solemn), 12:15pm, 4:30pm; Weekdays 7:45am, 12:15pm, 6:30pm</p>",SSPX,SSPX,https://www.Stnicolasduchardonnet.org,,,"<p>Sundays &amp; Feast Days 8:00am, 9:00am (High) 10:30am (Solemn), 12:15pm, 4:30pm; Weekdays 7:45am, 12:15pm, 6:30pm</p>",,https://www.latinmass.com/find-latin-mass,2026-05-18T15:02:38.874520
Chapel St Wojciech,"Monte Cassino 30, 70-466 Szczecin, Poland",,,,53.436162,14.540617,"<p>Sundays &amp; Holy Days of Obligation 8:00am, 10:00am (High); Sat 6:00pm; First Fridays 6:00pm</p>",SSPX,SSPX,https://www.piusx.org.pl/kaplice/szczecin,,,"<p>Sundays &amp; Holy Days of Obligation 8:00am, 10:00am (High); Sat 6:00pm; First Fridays 6:00pm</p>",,https://www.latinmass.com/find-latin-mass,2026-05-18T15:02:38.874520
Priory of the Immaculate Heart of the Blessed Virgin Mary,"Wiczlińska 11, 81-578 Gdynia, Poland",,,,54.471884,18.477763,"<p>Sun 7:00am, 8:15am (High), 10:00am, 4:00pm; First Fridays 7:00pm (High); First Saturdays 7:00am (not every First Saturday), 10:30am (High)</p>",SSPX,SSPX,https://gdynia.fsspx.pl,,,"<p>Sun 7:00am, 8:15am (High), 10:00am, 4:00pm; First Fridays 7:00pm (High); First Saturdays 7:00am (not every First Saturday), 10:30am (High)</p>",,https://www.latinmass.com/find-latin-mass,2026-05-18T15:02:38.874520
St Colombe of Vià,"4 Av. Mal Leclerc, 66120 Font-Romeu-Odeillo-Via, France",,,,42.490568,2.038704,<p>Mass at 6:00 p.m. on certain Sundays and summer holidays</p>,SSPX,SSPX,https://laportelatine.org,,,<p>Mass at 6:00 p.m. on certain Sundays and summer holidays</p>,,https://www.latinmass.com/find-latin-mass,2026-05-18T15:02:38.874520
St Jadwiga of Silesia Chapel,"Kleczkowska 45, 50-227 Wrocław, Poland",,,,51.127306,17.02579,"<p>Sun 8:00am, 9:30am, 11:00am (High); Sat 6:00pm; First Fridays 6:00pm</p>",SSPX,SSPX,https://www.piusx.org.pl/kaplice/wroclaw,,,"<p>Sun 8:00am, 9:30am, 11:00am (High); Sat 6:00pm; First Fridays 6:00pm</p>",,https://www.latinmass.com/find-latin-mass,2026-05-18T15:02:38.874520
St Anthony of Padua chapel,"Gmina Zamość, 22-400 Zamość, Poland",,,,50.722023,23.25255,<p>Sun 5:00pm</p>,SSPX,SSPX,https://www.piusx.org.pl/kaplice/zamosc,,,<p>Sun 5:00pm</p>,,https://www.latinmass.com/find-latin-mass,2026-05-18T15:02:38.874520
St Pius V Chapel,"Łęczycka 67B, 95-100 Zgierz, Poland",,,,51.864619,19.399507,"<p>Sun 8:00am, 10:00am (High), 12:30pm; Sat 6:00pm; First Fridays 7:00pm</p>",SSPX,SSPX,https://www.piusx.org.pl/kaplice/lodz,,,"<p>Sun 8:00am, 10:00am (High), 12:30pm; Sat 6:00pm; First Fridays 7:00pm</p>",,https://www.latinmass.com/find-latin-mass,2026-05-18T15:02:38.874520
St Joseph Chapel,"Ptasia 14A, 60-319 Poznań, Poland",,,,52.400433,16.859675,"<p>Sun 8:00am, 10:00am (High), 6:00pm; Weekdays 7:15am, 6:00pm; First Fridays 6:00pm; First Saturdays 6:00pm</p>",SSPX,SSPX,https://www.piusx.org.pl/kaplice/poznan,,,"<p>Sun 8:00am, 10:00am (High), 6:00pm; Weekdays 7:15am, 6:00pm; First Fridays 6:00pm; First Saturdays 6:00pm</p>",,https://www.latinmass.com/find-latin-mass,2026-05-18T15:02:38.874520
St Teresa of the Child Jesus Chapel,"Fryderyka Chopina 35, 83-110 Tczew, Poland",,,,54.087037,18.801814,<p>Sun 1:00pm; First Thursdays 6:00pm</p>,SSPX,SSPX,https://www.piusx.org.pl/kaplice/tczew,,,<p>Sun 1:00pm; First Thursdays 6:00pm</p>,,https://www.latinmass.com/find-latin-mass,2026-05-18T15:02:38.874520
Chapel of Our Lady of Good Counsel,"Grzybowo 36, 62-200 Gniezno, Poland",,,,52.536581,17.598528,<p>Sun 5:00pm</p>,SSPX,SSPX,https://www.piusx.org.pl/kaplice/gniezno,,,<p>Sun 5:00pm</p>,,https://www.latinmass.com/find-latin-mass,2026-05-18T15:02:38.874520
Chapel of Our Lady of Sorrows,"Toruńska 155, 85-950 Bydgoszcz, Poland",,,,53.119278,18.087827,<p>Sun 9:00am; First Fridays 6:00pm; First Saturdays 9:00am</p>,SSPX,SSPX,https://www.piusx.org.pl/kaplice/bydgoszcz,,,<p>Sun 9:00am; First Fridays 6:00pm; First Saturdays 9:00am</p>,,https://www.latinmass.com/find-latin-mass,2026-05-18T15:02:38.874520
Chapel of St Jean Vianney,"Juliana Fałata 35, 87-100 Toruń, Poland",,,,53.014808,18.570174,<p>Sun 12:00pm</p>,SSPX,SSPX,https://www.piusx.org.pl/kaplice/torun,,,<p>Sun 12:00pm</p>,,https://www.latinmass.com/find-latin-mass,2026-05-18T15:02:38.874520
Chapel of Christ the King,"86-253 Bajerze, Poland",,,,53.249114,18.460087,"<p>Sun 7:00am, 9:00am; First Fridays 7:00pm; First Saturdays 9:00am; Weekdays 7:15am</p>",SSPX,SSPX,https://www.piusx.org.pl/kaplice/bajerze,,,"<p>Sun 7:00am, 9:00am; First Fridays 7:00pm; First Saturdays 9:00am; Weekdays 7:15am</p>",,https://www.latinmass.com/find-latin-mass,2026-05-18T15:02:38.874520
Chapel of St Andrew Bobola,"Zaczernie, Poland",,,,50.106715,22.000365,"<p>Sun 7:30am, 9:30am (High); Sat 6:00pm; First Fridays 6:00pm; First Saturdays 9:00am</p>",SSPX,SSPX,https://www.piusx.org.pl/kaplice/rzeszow,,,"<p>Sun 7:30am, 9:30am (High); Sat 6:00pm; First Fridays 6:00pm; First Saturdays 9:00am</p>",,https://www.latinmass.com/find-latin-mass,2026-05-18T15:02:38.874520
Chapel of Christ the King,"Lubatowa 291A, 38-441, Poland",,,,49.543613,21.759938,<p>Sun 1:30pm; First Fridays 6:00pm; First Saturdays 8:00am</p>,SSPX,SSPX,https://www.piusx.org.pl/kaplice/lubatowa,,,<p>Sun 1:30pm; First Fridays 6:00pm; First Saturdays 8:00am</p>,,https://www.latinmass.com/find-latin-mass,2026-05-18T15:02:38.874520
Chapel of Our Lady of the Rosary of Pompeii,"Książąt Opolskich 29, 46-020 Opole, Poland",,,,50.672954,17.918075,<p>Sun 1:00pm</p>,SSPX,SSPX,https://www.piusx.org.pl/kaplice/opole,,,<p>Sun 1:00pm</p>,,https://www.latinmass.com/find-latin-mass,2026-05-18T15:02:38.874520
Chapel of St Melchior Grodziecki,"Zapłocie Duże 130A, 43-382 Bielsko-Biała, Poland",,,,49.819828,18.995559,<p>Sun 11:30am; First Fridays 6:00pm; First Saturdays 9:00am</p>,SSPX,SSPX,https://www.piusx.org.pl/kaplice/bielsko-biala,,,<p>Sun 11:30am; First Fridays 6:00pm; First Saturdays 9:00am</p>,,https://www.latinmass.com/find-latin-mass,2026-05-18T15:02:38.874520
Our Lady of Good Counsel Chapel,"62 Rue de Lisleferme, 33000 Bordeaux, France",,,,44.855179,-0.591836,"<p>Sundays &amp; Feast Days 8:30am, 10:00am, 6:30pm; Weekdays 6:30pm</p>",SSPX,SSPX,https://laportelatine.org/lieux/bruges/bordeaux,,,"<p>Sundays &amp; Feast Days 8:30am, 10:00am, 6:30pm; Weekdays 6:30pm</p>",,https://www.latinmass.com/find-latin-mass,2026-05-18T15:02:38.874520
St Anne Chapel,"43 Rue Bruat, 29200 Brest, France",,,,48.398648,-4.479438,"<p>Sundays &amp; Holidays 8:30am, 10:30am; Tues &amp; Fri 6:30pm; Sat 11:15am</p>",SSPX,SSPX,https://laportelatine.org/lieux/guipavas/brest,,,"<p>Sundays &amp; Holidays 8:30am, 10:30am; Tues &amp; Fri 6:30pm; Sat 11:15am</p>",,https://www.latinmass.com/find-latin-mass,2026-05-18T15:02:38.874520
Chapel of St Paul of the Cross,"Ofiar Firleja 7, 26-617 Radom, Poland",,,,51.443961,21.147838,<p>Sun 10:00am; First Saturday 6:00pm</p>,SSPX,SSPX,https://www.piusx.org.pl/kaplice/radom,,,<p>Sun 10:00am; First Saturday 6:00pm</p>,,https://www.latinmass.com/find-latin-mass,2026-05-18T15:02:38.874520
St Louis Priory,"25 Rue François Bruneau, 44000 Nantes, France",,,,47.230116,-1.558514,"<p>Sundays &amp; Holidays 8:30am, 10:00am, 6:30pm</p>",SSPX,SSPX,https://www.fsspx44.com,,,"<p>Sundays &amp; Holidays 8:30am, 10:00am, 6:30pm</p>",,https://www.latinmass.com/find-latin-mass,2026-05-18T15:02:38.874520
Chapel of St Francis of Assisi,"14 Av. François Tuby, 06150 Cannes, France",,,,43.556017,6.973577,<p>Sundays &amp; Holidays 10:00am; Sat 6:00pm</p>,SSPX,SSPX,https://laportelatine.org/lieux/nice/cannes,,,<p>Sundays &amp; Holidays 10:00am; Sat 6:00pm</p>,,https://www.latinmass.com/find-latin-mass,2026-05-18T15:02:38.874520
Chapel of Our Lady of the Most Holy Rosary,"44 Rue Tapis Vert, 13001 Marseille, France",,,,43.298638,5.37935,"<p>Sundays &amp; Feast Days 10:30am, 7:00pm; Weekdays 6:30pm</p>",SSPX,SSPX,https://laportelatine.org/lieux/marseille/marseille-St-pie-x,,,"<p>Sundays &amp; Feast Days 10:30am, 7:00pm; Weekdays 6:30pm</p>",,https://www.latinmass.com/find-latin-mass,2026-05-18T15:02:38.874520
Chapel of Our Lady of Férétra,"Pl. St-Roch, 31400 Toulouse, France",,,,43.581688,1.444154,"<p>Sundays &amp; Holidays 8:00am, 9:00am, 10:30am; Weekdays 6:30pm</p>",SSPX,SSPX,https://laportelatine.org/lieux/gragnague/toulouse,,,"<p>Sundays &amp; Holidays 8:00am, 9:00am, 10:30am; Weekdays 6:30pm</p>",,https://www.latinmass.com/find-latin-mass,2026-05-18T15:02:38.874520
Chapel of the Immaculate Conception,"14 Rue de Lodi, 13006 Marseille, France",,,,43.291135,5.385298,<p>Sundays &amp; Holidays 8:30am; Mon-Sat 7:15am</p>,SSPX,SSPX,https://laportelatine.org/lieux/marseille/marseille-immaculee,,,<p>Sundays &amp; Holidays 8:30am; Mon-Sat 7:15am</p>,,https://www.latinmass.com/find-latin-mass,2026-05-18T15:02:38.874520
Priory of the Holy Cross,"50 Rue de la Gare, 59170 Croix, France",,,,50.67597,3.143661,<p>Sundays &amp; Holidays 8:30am</p>,SSPX,SSPX,https://laportelatine.org/lieux/croix,,,<p>Sundays &amp; Holidays 8:30am</p>,,https://www.latinmass.com/find-latin-mass,2026-05-18T15:02:38.874520
St Grégoire of Minimes,"3B Rue de la Préfecture, 37000 Tours, France",,,,47.39257,0.690061,"<p>Sundays &amp; Feasts 8:00am, 10:30am; Weekdays 6:00pm</p>",SSPX,SSPX,https://laportelatine.org/lieux/prieure-St-martin/St-gregoire-tours,,,"<p>Sundays &amp; Feasts 8:00am, 10:30am; Weekdays 6:00pm</p>",,https://www.latinmass.com/find-latin-mass,2026-05-18T15:02:38.874520
Ste Victoire Chapel,"Rue de Hames, 62340 Hames-Boucres, France",,,,50.897788,1.860135,"<p>Sundays &amp; Holidays 8:45am</p><p><a href=""http://www.Stlouisboulogne.com/"" target=""_blank"" rel=""noopener noreferrer"">http://www.Stlouisboulogne.com/</a><br></p>",SSPX,SSPX,,,,"<p>Sundays &amp; Holidays 8:45am</p><p><a href=""http://www.Stlouisboulogne.com/"" target=""_blank"" rel=""noopener noreferrer"">http://www.Stlouisboulogne.com/</a><br></p>",,https://www.latinmass.com/find-latin-mass,2026-05-18T15:02:38.874520
Priory of the Holy Family,"4 Rue Pierre Thévenot, 21000 Dijon, France",,,,47.309206,5.041663,<p>Sundays &amp; Holidays 10:00am; Weekdays 7:30am and/or 6:30pm except Thursday 11:30am</p>,SSPX,SSPX,https://laportelatine.org/lieux/dijon,,,<p>Sundays &amp; Holidays 10:00am; Weekdays 7:30am and/or 6:30pm except Thursday 11:30am</p>,,https://www.latinmass.com/find-latin-mass,2026-05-18T15:02:38.874520
of St-Martin-des-Gaules,"14 Rue Jules Ferry, 93160 Noisy-le-Grand, France",,,,48.84347,2.56945,<p>Sundays &amp; Holidays 10:00am; First Saturdays 6:30pm (except July-August)</p>,SSPX,SSPX,https://www.mjcf.com,,,<p>Sundays &amp; Holidays 10:00am; First Saturdays 6:30pm (except July-August)</p>,,https://www.latinmass.com/find-latin-mass,2026-05-18T15:02:38.874520
St-Eloi Chapel,"20 Rue de St-Eloi, 50760 Reville, France",,,,49.622153,-1.261921,<p>Sun 6:00pm</p>,SSPX,SSPX,https://laportelatine.org/lieux/gavrus/reville,,,<p>Sun 6:00pm</p>,,https://www.latinmass.com/find-latin-mass,2026-05-18T15:02:38.874520
Our Lady of Hope Chapel,"35 Rue du Maréchal Joffre, 78000 Versailles, France",,,,48.793978,2.120838,"<p>Sundays &amp; Holidays 8:00am, 9:00am, 10:15am, 12:00pm (except Pentecost), 6:30pm (except Christmas, Easter, Pentecost) from July 21-August 18, 2024 9:00am, 10:15am, 12:00pm, 6:00pm (except August 15); Weekdays 7:25am, 7:00pm</p>",SSPX,SSPX,https://laportelatine.org/lieux/villepreux/versailles,,,"<p>Sundays &amp; Holidays 8:00am, 9:00am, 10:15am, 12:00pm (except Pentecost), 6:30pm (except Christmas, Easter, Pentecost) from July 21-August 18, 2024 9:00am, 10:15am, 12:00pm, 6:00pm (except August 15); Weekdays 7:25am, 7:00pm</p>",,https://www.latinmass.com/find-latin-mass,2026-05-18T15:02:38.874520
St-Loup Chapel,"19700 St-Clément, France",,,,45.341551,1.68618,<p>Sundays &amp; Holidays 10:00am; Sat 6:00pm (except July &amp; August)</p>,SSPX,SSPX,https://laportelatine.org/lieux/bergerac/St-clement,,,<p>Sundays &amp; Holidays 10:00am; Sat 6:00pm (except July &amp; August)</p>,,https://www.latinmass.com/find-latin-mass,2026-05-18T15:02:38.874520
St Jean Marie Vianney Chapel,"30 Rue du Haut Samoreau, 77210 Samoreau, France",,,,48.42617,2.756179,<p>Sundays &amp; Holidays 9:15am</p>,SSPX,SSPX,https://laportelatine.org/lieux/suresnes/samoreau,,,<p>Sundays &amp; Holidays 9:15am</p>,,https://www.latinmass.com/find-latin-mass,2026-05-18T15:02:38.874520
St Anne,"200 Hamel Rd, Medina, Minnesota 55340, USA",,,,45.041491,-93.526739,<p>Tues 6:30pm</p>,Diocesan Parish,Diocesan,https://Stannehamel.org,,,<p>Tues 6:30pm</p>,,https://www.latinmass.com/find-latin-mass,2026-05-18T15:02:38.874520
Good Shepherd,"145 Jersey Ave S, Minneapolis, Minnesota 55426, USA",,,,44.977253,-93.366685,<p>First Saturdays 7:30am</p>,Diocesan Parish,Diocesan,https://www.goodshepherdgv.org,,,<p>First Saturdays 7:30am</p>,,https://www.latinmass.com/find-latin-mass,2026-05-18T15:02:38.874520
St Raphael,"7301 Bass Lake Rd, New Hope, Minnesota 55428, USA",,,,45.054685,-93.374065,<p>First Fridays 7:00pm</p>,Diocesan Parish,Diocesan,https://www.straphaelcrystal.org,,,<p>First Fridays 7:00pm</p>,,https://www.latinmass.com/find-latin-mass,2026-05-18T15:02:38.874520
Oratorio B. V. Maria di Lourdes - Priorato San Marco,"Via Giacomo Matteotti, 31057 Lanzago TV, Italy",,,,45.662934,12.288743,"<p>Sundays &amp; Holy Days 8:00am, 10:30am (High), 6:30pm; Weekdays 7:15am, 11:30am, 6:30pm&nbsp;</p>",SSPX,SSPX,https://fsspx.it/it/priorato-san-marco-silea,,,"<p>Sundays &amp; Holy Days 8:00am, 10:30am (High), 6:30pm; Weekdays 7:15am, 11:30am, 6:30pm&nbsp;</p>",,https://www.latinmass.com/find-latin-mass,2026-05-18T15:02:38.874520
Chiesa della Santissima Trinità,"Via S. Giuliano, 33170 Pordenone PN, Italy",,,,45.95211,12.667086,"<p>Sundays &amp; Holy Days of Obligation 6:00pm</p><p><a href=""http://www.unavoce-ve.it/pordenone.htm"" target=""_blank"" rel=""noopener noreferrer"">http://www.unavoce-ve.it/pordenone.htm</a><br></p>",Diocesan Parish,Diocesan,,,,"<p>Sundays &amp; Holy Days of Obligation 6:00pm</p><p><a href=""http://www.unavoce-ve.it/pordenone.htm"" target=""_blank"" rel=""noopener noreferrer"">http://www.unavoce-ve.it/pordenone.htm</a><br></p>",,https://www.latinmass.com/find-latin-mass,2026-05-18T15:02:38.874520
Rettoria di Santa Toscana,"Piazza XVI Ottobre, 27, 37129 Verona VR, Italy",,,,45.440171,11.013897,<p>Una Voce Verona. Sundays &amp; Holy Days of Obligation 11:00am (High); Second &amp; Fourth Sundays additional SSPX Mass 6:00pm</p>,Diocesan Parish,Diocesan,https://www.sanremigioverona.org,,,<p>Una Voce Verona. Sundays &amp; Holy Days of Obligation 11:00am (High); Second &amp; Fourth Sundays additional SSPX Mass 6:00pm</p>,https://media.mapme.com/places/cd1ccc38-8566-41a3-a881-fe41b7bf64ff/gallery/40c6c245-22b0-4c26-84ca-7f0a5795f71f.hd,https://www.latinmass.com/find-latin-mass,2026-05-18T15:02:38.874520
Capilla de Ntra. Sra. de los Remedios,"C. Remedios, 2, 11403 Jerez de la Frontera, Cádiz, Spain",,,,36.682268,-6.137601,<p>Sun 7:00pm; Mon-Fri 7:30pm; Sat 7:00pm; Holy Days 7:00pm</p>,FSSP,FSSP,https://www.facebook.com/misatradicionalenjerez,,,<p>Sun 7:00pm; Mon-Fri 7:30pm; Sat 7:00pm; Holy Days 7:00pm</p>,,https://www.latinmass.com/find-latin-mass,2026-05-18T15:02:38.874520
Oratorio San Felipe Neri,"C. San José, 36, 11003 Cádiz, Spain",,,,36.532902,-6.299752,<p>Sun 12:00pm</p>,Diocesan Parish,Diocesan,https://www.facebook.com/misatradicionalcadiz/?locale=es_ES,,,<p>Sun 12:00pm</p>,,https://www.latinmass.com/find-latin-mass,2026-05-18T15:02:38.874520
Capilla de los Sagrados Corazones,"Dantzari Plaza, 8, 01006 Gasteiz, Araba, Spain",,,,42.839781,-2.66472,<p>4th Sundays of the Month 12:00pm; previous Saturday 6:30pm</p>,SSPX,SSPX,https://www.fsspx.es/es/misas-en-vitoria,,,<p>4th Sundays of the Month 12:00pm; previous Saturday 6:30pm</p>,,https://www.latinmass.com/find-latin-mass,2026-05-18T15:02:38.874520
Capilla de San Roque,"Rúa de San Roque, 4, 15704 Santiago de Compostela, A Coruña, Spain",,,,42.88344,-8.541783,"<p>1st and 3rd Sunday 6:00pm<br><a href=""mailto:misatradicionalsanroque@gmail.com"">misatradicionalsanroque@gmail.com</a></p>",Diocesan Parish,Diocesan,https://misatradicionalsantiago.vercel.app/,,,"<p>1st and 3rd Sunday 6:00pm<br><a href=""mailto:misatradicionalsanroque@gmail.com"">misatradicionalsanroque@gmail.com</a></p>",,https://www.latinmass.com/find-latin-mass,2026-05-18T15:02:38.874520
Praza Pío XII,"Pr. Pío XII, 27001 Lugo, Spain",,,,43.009107,-7.559061,<p>2nd Sundays 6:00pm</p>,Diocesan Parish,Diocesan,https://unavocelacoruna.blogspot.com,,,<p>2nd Sundays 6:00pm</p>,,https://www.latinmass.com/find-latin-mass,2026-05-18T15:02:38.874520
Real Monasterio de la Encarnación (Las Claras),"C. Jovellanos, 04003 Almería, Spain",,,,36.840424,-2.466409,<p>Sun 10:30am</p>,Diocesan Parish,Diocesan,https://es-la.facebook.com/MisaGregorianaAlmeria,,,<p>Sun 10:30am</p>,,https://www.latinmass.com/find-latin-mass,2026-05-18T15:02:38.874520
Parroquia de San Bartolomé,"Pl. San Bartolomé, 30004 Murcia, Spain",,,,37.985272,-1.131038,<p>Sundays &amp; Holy Days 12:30pm</p>,Diocesan Parish,Diocesan,https://misatradicionalmurcia.com,,,<p>Sundays &amp; Holy Days 12:30pm</p>,https://media.mapme.com/places/510f71dc-3054-4869-940b-8eb7638bbdda/gallery/3b6e17e8-02db-4e34-b26f-6990d0998f60.hd,https://www.latinmass.com/find-latin-mass,2026-05-18T15:02:38.874520
Iglesia del Salvador,"Pl. el Salvador, S/N, 45002 Toledo, Spain",,,,39.856692,-4.026835,"<p>Sun 10:00am (High), 7:15pm; Mon-Sat 8:15am, 7:15pm</p>",Diocesan Parish,Diocesan,https://misagregorianatoledo.blogspot.com,,,"<p>Sun 10:00am (High), 7:15pm; Mon-Sat 8:15am, 7:15pm</p>",,https://www.latinmass.com/find-latin-mass,2026-05-18T15:02:38.874520
Ermita de la Virgen de Regla,"Av. Marítima, 38003 Santa Cruz de Tenerife, Spain",,,,28.457053,-16.261032,<p>Sun 12:30pm</p>,Diocesan Parish,Diocesan,https://accionliturgica.blogspot.com/2021/07/forma-extraordinaria-en-tenerife.html,,,<p>Sun 12:30pm</p>,,https://www.latinmass.com/find-latin-mass,2026-05-18T15:02:38.874520
Ermita de Ntra. Sra. de los Reyes,"C. Reyes Católicos, 66, 35001 Las Palmas de Gran Canaria, Las Palmas, Spain",,,,28.097499,-15.414565,<p>Sun 11:30am</p>,Diocesan Parish,Diocesan,https://misagregorianagrancanaria.wordpress.com,,,<p>Sun 11:30am</p>,,https://www.latinmass.com/find-latin-mass,2026-05-18T15:02:38.874520
"Abbey of Our Lady (Benedictines, Congregation of Solesmes)","L'Abbaye, 36220 Fontgombault, France",,,,46.676881,0.979455,"<p>Lauds: 6:00 - Prime: 8:15 - Terce: 10:00 - Sext: 12:50 - None: 2:35 - Vespers 6:00, 5:00 (Sundays) - Monday-Saturday: 6:35 (Low), 10:00 (High) - Sunday and certain feast days: 6:50 (Low), 10:00 (High) - See website for changes and feast days</p>",Other,Other,https://abbaye-fontgombault.fr/website/pages/EN/accueil.html,,,"<p>Lauds: 6:00 - Prime: 8:15 - Terce: 10:00 - Sext: 12:50 - None: 2:35 - Vespers 6:00, 5:00 (Sundays) - Monday-Saturday: 6:35 (Low), 10:00 (High) - Sunday and certain feast days: 6:50 (Low), 10:00 (High) - See website for changes and feast days</p>",,https://www.latinmass.com/find-latin-mass,2026-05-18T15:02:38.874520
Primatial Cathedral of St Mary of Toledo,"Calle Cardenal Cisneros, 1, 45002 Toledo, Spain",,,,39.8571,-4.023569,<p>Sun 9:45am (High - Mozarabic Rite); Mon-Sat 9:00am (High - Mozarabic Rite)</p>,Diocesan Parish,Diocesan,https://www.catedralprimada.es/en,,,<p>Sun 9:45am (High - Mozarabic Rite); Mon-Sat 9:00am (High - Mozarabic Rite)</p>,https://media.mapme.com/places/235f6394-80c1-4fe9-8823-a9c6635f7d2d/gallery/4d4ef47e-928f-4fcd-b5cb-71553f8ff18f.hd,https://www.latinmass.com/find-latin-mass,2026-05-18T15:02:38.874520
Nativity of Our Lady,"Johnstown, Co. Meath, Ireland",,,,53.637639,-6.654694,<p>Sun 1:00pm</p>,Diocesan Parish,Diocesan,https://jwparish.com,,,<p>Sun 1:00pm</p>,,https://www.latinmass.com/find-latin-mass,2026-05-18T15:02:38.874520
St Mary,"Chapel St, Newry BT34 2DN, UK",,,,54.166509,-6.33199,<p>Sun 9:00am</p>,Diocesan Parish,Diocesan,https://www.newrycathedralparish.org,,,<p>Sun 9:00am</p>,,https://www.latinmass.com/find-latin-mass,2026-05-18T15:02:38.874520
of Our Lady of Succour,"12 Rue Notre Dame de Recouvrance, 45000 Orléans, France",,,,47.898786,1.901089,<p>Sundays &amp; Holy Days 10:30 (Missa Cantata); Mon-Wed 9:00am; Thurs 7:00pm; Fri 7:00am; Sat 11:30am</p>,Institute of Christ the King,ICKSP,https://icrsp-orleans.fr,,,<p>Sundays &amp; Holy Days 10:30 (Missa Cantata); Mon-Wed 9:00am; Thurs 7:00pm; Fri 7:00am; Sat 11:30am</p>,,https://www.latinmass.com/find-latin-mass,2026-05-18T15:02:38.874520
Shrine of St Joseph of the Holy Savior,"St-Sauveur, 26600 Chantemerle-les-Blés, France",,,,45.115445,4.878871,"<p>Sunday Mass &amp; Feasts: 10:00am; Weekday Mass: 1st Saturday of the month 6:00pm, followed by the Salutation of the Blessed Sacrament except July and August<br></p>",SSPX,SSPX,https://StjosephduSt.wixsite.com/sauveur,,,"<p>Sunday Mass &amp; Feasts: 10:00am; Weekday Mass: 1st Saturday of the month 6:00pm, followed by the Salutation of the Blessed Sacrament except July and August<br></p>",https://media.mapme.com/places/f445a0b7-d0e8-4f03-b7b3-56e66b155fff/gallery/844f270f-2002-44e3-b5de-3ae7972caa15.hd,https://www.latinmass.com/find-latin-mass,2026-05-18T15:02:38.874520
Child Jesus and St Joseph,"280 W Botany St, Rockdale NSW 2216, Australia",,,,-33.950707,151.14899,"<p>Sun 8:00am (Low Mass), 10:30am (Sung Mass)</p><p>For this week Mass times, please click here to view Parish Bulletins&nbsp;<br><br></p>",SSPX,SSPX,https://sspx.com.au/en/parish-bulletins,,,"<p>Sun 8:00am (Low Mass), 10:30am (Sung Mass)</p><p>For this week Mass times, please click here to view Parish Bulletins&nbsp;<br><br></p>",https://media.mapme.com/places/5e2a6f4f-2ea7-42c0-b4f7-125d659a3926/gallery/2f959f91-5230-48b7-bcfa-7323d59ac141.hd,https://www.latinmass.com/find-latin-mass,2026-05-18T15:02:38.874520
St Paul Chapel,"Av. Martín Berho, San Miguel de Tucumán, Tucumán, Argentina",,,,-26.811177,-65.190856,"<p><span style=""color: inherit;"">Domingo: 10:00;&nbsp;</span><span style=""color: inherit;"">Sábado: 19:00</span></p>",SSPX,SSPX,https://www.fsspx-sudamerica.org/es/capillas,,,"<p><span style=""color: inherit;"">Domingo: 10:00;&nbsp;</span><span style=""color: inherit;"">Sábado: 19:00</span></p>",https://media.mapme.com/places/83e42881-b1fa-48b9-86c7-d8d7d4f0f0a0/gallery/a9f6b172-adb3-4523-a5cc-a9a4a02d891b.hd,https://www.latinmass.com/find-latin-mass,2026-05-18T15:02:38.874520
Capela de São Judas Tadeu,"Dona Justina Freire de Souza Street, 05, Vila Mocó, Petrolina, Pernambuco, 56306-415",,,,-9.385722,-40.505367,<p>Sun 4:00pm<br></p>,Diocesan,Diocesan,https://www.instagram.com/missatridentinapetrolina,,,<p>Sun 4:00pm<br></p>,https://media.mapme.com/places/1cb4f731-d364-45c8-a45b-a7c65c95814d/gallery/db5f4070-9921-4bbd-9cca-8d093894f8e3.hd,https://www.latinmass.com/find-latin-mass,2026-05-18T15:02:38.874520
St Michael Catholic,"48 William Ave, Coniston, ON P0M 1M0, Canada",,,,46.483033,-80.851444,<p>Sun 10:30am (Low Mass)&nbsp;</p>,Diocesan Parish,Diocesan,https://materdeiparish.ca,,,<p>Sun 10:30am (Low Mass)&nbsp;</p>,https://media.mapme.com/places/67f8aa76-20a0-4fa5-81e7-ba89a32215f3/gallery/b012d497-b8d0-4ebb-bb37-1d09d859db66.hd,https://www.latinmass.com/find-latin-mass,2026-05-18T15:02:38.874520
Materi Dei,"48 William Ave, Coniston, ON P0M 1M0, Canada",,,,46.483033,-80.851444,<p>Sun 10:30am (Low Mass)</p>,Diocesan,Diocesan,https://materdeiparish.ca,,,<p>Sun 10:30am (Low Mass)</p>,https://media.mapme.com/places/b2ff9b51-ea8c-4f41-93e6-a3a4a67ef863/gallery/c973b91f-df53-4a80-b677-b99b122af772.hd,https://www.latinmass.com/find-latin-mass,2026-05-18T15:02:38.874520
FSSP Portugal,"R. do Imaculado Coração de Maria 24, 2495-441 Fátima, Portugal",,,,39.634694,-8.675107,<p>Please get in touch. Mass times will vary</p>,FSSP,FSSP,https://www.fssp-portugal.com/,,,<p>Please get in touch. Mass times will vary</p>,https://media.mapme.com/places/a1fe6efa-44ac-4fd7-a53e-a9f7185d842f/gallery/a90c1bd1-243d-4f11-8d9b-e7b89483ee6c.hd,https://www.latinmass.com/find-latin-mass,2026-05-18T15:02:38.874520
Sts Dominic and Sixtus,"Largo Angelicum, 1, 00184 Roma RM, Italy",,,,41.895401,12.488311,<p>Wed 12:25 Low Mass in the Dominican Rite</p>,Other,Other,https://angelicum.it/student-chaplaincy,,,<p>Wed 12:25 Low Mass in the Dominican Rite</p>,,https://www.latinmass.com/find-latin-mass,2026-05-18T15:02:38.874520
Sct. Norberts Kirke,"Fjellegade 2, 7100 Vejle, Denmark",,,,55.707706,9.532067,"<p>Mon 6pm (Low Mass, may vary); Sun (High Mass, occassionally) Contact for further information</p>",Diocesan,Diocesan,https://sanktnorbertskirke.dk,,,"<p>Mon 6pm (Low Mass, may vary); Sun (High Mass, occassionally) Contact for further information</p>",,https://www.latinmass.com/find-latin-mass,2026-05-18T15:02:38.874520
St Joseph of Arimathea Chapel,"2746 California Ct, Lincoln, Nebraska 68510, USA",,,,40.805639,-96.68115,<p>Saturday and/or Sunday at alternating times. Live broadcast</p>,Other,Other,https://www.Stjosephchapel.us,,,<p>Saturday and/or Sunday at alternating times. Live broadcast</p>,,https://www.latinmass.com/find-latin-mass,2026-05-18T15:02:38.874520
Oratorio S. Antonio Abate,"Via delle Grotte, 6, 36023 Longare VI, Italy",,,,45.470431,11.601529,<p>1st and 4th Sun 11.00am (High Mass)</p>,SSPX,SSPX,https://fsspx.it/it/vicenza,,,<p>1st and 4th Sun 11.00am (High Mass)</p>,,https://www.latinmass.com/find-latin-mass,2026-05-18T15:02:38.874520
Casa San Clemente - Istituto del Buon Pastore,"Via delle Fornaci, 203, 00165 Roma RM, Italy",,,,41.895094,12.457437,Mon-Wed 12:00pm; Thu 6:30pm; Fri-Sat 12:00pm,Other,Other,https://roma.buon-pastore.it,,,Mon-Wed 12:00pm; Thu 6:30pm; Fri-Sat 12:00pm,,https://www.latinmass.com/find-latin-mass,2026-05-18T15:02:38.874520
Annunci - Sardegna Chapel,"Corso Umberto I, 148, 07026 Olbia SS, Italy",,,,40.924076,9.499232,<p>4th Sun 11.00am</p>,SSPX,SSPX,https://t.me/fsspx_sardegna,,,<p>4th Sun 11.00am</p>,,https://www.latinmass.com/find-latin-mass,2026-05-18T15:02:38.874520
Capela São Miguel,"R. Cosme Velho, 1204 - Cosme Velho, Rio de Janeiro - RJ, 22241-091, Brazil",,,,-22.939607,-43.204921,<p>Sun 6:00pm; Fri 6:30pm; Sat 7:30am</p>,SSPX,SSPX,https://www.fsspx.com.br/priorados-missoes-e-comunidades-amigas,,,<p>Sun 6:00pm; Fri 6:30pm; Sat 7:30am</p>,,https://www.latinmass.com/find-latin-mass,2026-05-18T15:02:38.874520
Our Lady of Sorrows Basilica,"Stična 17, 1295 Ivančna Gorica, Slovenia",,,,45.945721,14.802339,<p>Third Sundays 6:00pm (Sung)</p>,Diocesan Parish,Diocesan,https://www.sticna.eu/sveta-masa-po-misalu-sv-janeza-xxiii,,,<p>Third Sundays 6:00pm (Sung)</p>,https://media.mapme.com/places/f01321d2-f470-4e30-8944-0d03e6cda269/gallery/037823b5-b44a-4bde-aedf-c9aa6bde2266.hd,https://www.latinmass.com/find-latin-mass,2026-05-18T15:02:38.874520
"St Isaac Jogues Mission, Blackmer Funeral Home","305 N Mill St, Grangeville, Idaho 83530, USA",,,,45.926547,-116.115281,<p>1st Sun 4:00pm</p>,SSPX,SSPX,https://icc.id.sspx.org/en,,,<p>1st Sun 4:00pm</p>,,https://www.latinmass.com/find-latin-mass,2026-05-18T15:02:38.874520
Divine Redeemer,"438 West Ave, Mt Carmel, Pennsylvania 17851, USA",,,,40.797783,-76.420017,<p>Sundays 11:00am; Weekdays 7:00am<br>Per Fr. John Szada (tel:570-617-0420)&nbsp;</p>,Diocesan,Diocesan,https://www.hbgdiocese.org/vocations/priests/find-a-priest/#S-priests,,,<p>Sundays 11:00am; Weekdays 7:00am<br>Per Fr. John Szada (tel:570-617-0420)&nbsp;</p>,,https://www.latinmass.com/find-latin-mass,2026-05-18T15:02:38.874520
Immaculate Conception Chapel,"J Luna, Quezon City, Metro Manila, Philippines",,,,14.681208,121.086827,<p>Sun 3:00pm (Sung/Low Mass)</p>,Diocesan,Diocesan,https://www.facebook.com/novaefupdates,,,<p>Sun 3:00pm (Sung/Low Mass)</p>,,https://www.latinmass.com/find-latin-mass,2026-05-18T15:02:38.874520
Chapelle St-Jean-Baptiste,"7 Rue Antonin Mercié, 31000 Toulouse, France",,,,43.601524,1.445857,<p>Sun 10:00am</p>,Institute of Christ the King,ICKSP,https://www.icrsp-toulouse.fr,,,<p>Sun 10:00am</p>,,https://www.latinmass.com/find-latin-mass,2026-05-18T15:02:38.874520
St Agatha,"Portsmouth PO1 4RL, UK",,,,50.801603,-1.092219,<p>Check parish newsletters or websites</p>,Other,Other,https://sagathasbasilica.com,,,<p>Check parish newsletters or websites</p>,,https://www.latinmass.com/find-latin-mass,2026-05-18T15:02:38.874520
Our Lady of Lourdes,"6301 Woodbine Ave, Philadelphia, Pennsylvania 19151, USA",,,,39.985842,-75.248045,<p>Sun 9:30am (High Mass)</p>,Other,Other,https://www.ourladylourdes.org,,,<p>Sun 9:30am (High Mass)</p>,,https://www.latinmass.com/find-latin-mass,2026-05-18T15:02:38.874520
Our Lady of Refuge,"290 E 196th St, Bronx, New York 10458, USA",,,,40.866625,-73.890592,<p>Sun 1:00pm (Tridentine High Mass)</p>,Diocesan,Diocesan,https://ourladyofrefuge.com,,,<p>Sun 1:00pm (Tridentine High Mass)</p>,,https://www.latinmass.com/find-latin-mass,2026-05-18T15:02:38.874520
Het Oude Klooster Maleizen,"Terhulpensesteenweg 708, 3090 Overijse, Belgium",,,,50.737851,4.503093,<p>Sun 9:30am (Sung Mass)</p>,Other,Other,https://www.hetoudekloostermaleizen.be,,,<p>Sun 9:30am (Sung Mass)</p>,,https://www.latinmass.com/find-latin-mass,2026-05-18T15:02:38.874520
Sts. Margaret and Leonard's Church,"110 St. Leonard's St, Edinburgh EH8 9RD, UK",,,,55.940824,-3.176921,"<p>Sunday 9am Low Mass 11am Sung Mass, Saturday 11am Mass, other times as announced.<br>Click for More Info</p>",SSPX,SSPX,https://fsspx.uk/en/community/priories/edinburgh-10724,,,"<p>Sunday 9am Low Mass 11am Sung Mass, Saturday 11am Mass, other times as announced.<br>Click for More Info</p>",https://media.mapme.com/places/f9454bcc-aae2-447f-a6e7-d0eb786ac2d9/gallery/08fc8e34-fdd6-47e5-bcf8-8e25a634729f.hd,https://www.latinmass.com/find-latin-mass,2026-05-18T15:02:38.874520
St Andrew,"202 Renfrew St, Glasgow G3 6TX, UK",,,,55.866588,-4.265412,"<p>Sun 8:30am (Low Mass), 10am (Sung Mass); Sat 11:00am (Low Mass)</p>",SSPX,SSPX,https://fsspx.uk/en/community/priories/glasgow-10726,,,"<p>Sun 8:30am (Low Mass), 10am (Sung Mass); Sat 11:00am (Low Mass)</p>",,https://www.latinmass.com/find-latin-mass,2026-05-18T15:02:38.874520
Chiesa di S. Pietro,"Via S. Pietro, 32100 Belluno BL, Italy",,,,46.138501,12.219325,<p>Sun &amp; Holy Days 8.30am (Sung Mass)</p>,Diocesan,Diocesan,,,,<p>Sun &amp; Holy Days 8.30am (Sung Mass)</p>,,https://www.latinmass.com/find-latin-mass,2026-05-18T15:02:38.874520
Chiesa di S. Bernardino,"Via Pignolo, 57, 24121 Bergamo BG, Italy",,,,45.700312,9.674891,"<p>Sun &amp; Holy Days 9.00am, 10.30am; Fri 8.00pm</p>",Diocesan,Diocesan,https://www.facebook.com/summorumpontificumbergamo,,,"<p>Sun &amp; Holy Days 9.00am, 10.30am; Fri 8.00pm</p>",,https://www.latinmass.com/find-latin-mass,2026-05-18T15:02:38.874520
Priorato Madonna di Loreto,"Via Mavoncello, 25, 47923 Rimini RN, Italy",,,,44.051905,12.518029,"<p>Sun 8.00am (Low Mass), 10.30am (High Mass); Weekdays: 6.50am, 11.30am, 6.30pm (Low Mass)</p>",SSPX,SSPX,https://t.me/Priorato_Rimini,,,"<p>Sun 8.00am (Low Mass), 10.30am (High Mass); Weekdays: 6.50am, 11.30am, 6.30pm (Low Mass)</p>",,https://www.latinmass.com/find-latin-mass,2026-05-18T15:02:38.874520
Chiesetta di S. Antonio,"Str. Picolin, 22, 39030 Piccolino BZ, Italy",,,,46.689499,11.895126,<p>1st Wed 6.30pm (Low Mass)</p>,FSSP,FSSP,https://www.lateinische-messe.tirol/it/misurazione-posizioni/piccolino-san-martino-in-badia,,,<p>1st Wed 6.30pm (Low Mass)</p>,,https://www.latinmass.com/find-latin-mass,2026-05-18T15:02:38.874520
St Canziano,"Via S. Canziano, 11, 35122 Padova PD, Italy",,,,45.406532,11.876101,"<div>Sun &amp; Holy Days 11.00am (Sung Mass)<br></div><p><a href=""http://www.unavoceitalia.org/wordpress/messe/padova/"" target=""_blank"" rel=""noopener noreferrer"">http://www.unavoceitalia.org/wordpress/messe/padova/</a><br></p>",FSSP,FSSP,,,,"<div>Sun &amp; Holy Days 11.00am (Sung Mass)<br></div><p><a href=""http://www.unavoceitalia.org/wordpress/messe/padova/"" target=""_blank"" rel=""noopener noreferrer"">http://www.unavoceitalia.org/wordpress/messe/padova/</a><br></p>",https://media.mapme.com/places/3528fb03-5b5a-46d1-8047-2382b39735c0/gallery/4d92e165-0d1c-4def-8462-5273a0354b54.hd,https://www.latinmass.com/find-latin-mass,2026-05-18T15:02:38.874520
Oratorio S. Antonio Abate,"Via delle Grotte, 6, 36023 Longare VI, Italy",,,,45.470744,11.600635,<p>1st and 4th Sun 11:00am (Sung Mass) Phone: +39 0422 17 810 17</p>,SSPX,SSPX,https://fsspx.it/it/vicenza,,,<p>1st and 4th Sun 11:00am (Sung Mass) Phone: +39 0422 17 810 17</p>,,https://www.latinmass.com/find-latin-mass,2026-05-18T15:02:38.874520
St Michael Chapel,"40 Imp. Ampère, 85000 La Roche-sur-Yon, France",,,,46.661327,-1.43879,<p>Daily 10:00am (Sung)</p>,SSPX,SSPX,https://laportelatine.org/lieux/les-fournils/la-roche-sur-yon,,,<p>Daily 10:00am (Sung)</p>,,https://www.latinmass.com/find-latin-mass,2026-05-18T15:02:38.874520
Chapel of St Peter and St Louis of Gonzaga,"Canale, 20279 Ville-Di-Paraso, France",,,,42.564938,8.986022,<p>Sun &amp; Holy Days 5:00pm</p>,SSPX,SSPX,https://laportelatine.org/lieux/marseille/ville-di-paraso,,,<p>Sun &amp; Holy Days 5:00pm</p>,,https://www.latinmass.com/find-latin-mass,2026-05-18T15:02:38.874520
St Mary Parish,"750 S Main St, Akron, Ohio 44311, USA",,,,41.066773,-81.527328,<p>Sun 1:00pm (High Mass)</p>,Diocesan,Diocesan,https://www.stmaryakron.com,,,<p>Sun 1:00pm (High Mass)</p>,,https://www.latinmass.com/find-latin-mass,2026-05-18T15:02:38.874520
Chiesa di San Zeno al Foro,"P.za del Foro, 4, 25121 Brescia BS, Italy",,,,45.539327,10.225477,<p>Sat 6:00pm</p>,Diocesan,Diocesan,https://orarimesse.pmap.it/orariomesse/chiesa-di-san-zeno-al-foro/19757,,,<p>Sat 6:00pm</p>,,https://www.latinmass.com/find-latin-mass,2026-05-18T15:02:38.874520
"Parroquia San José, Villa Caparra","215 PR-2, Guaynabo, 00966, Puerto Rico",,,,18.404339,-66.112961,"<p>1st Sun 3:00pm; 2nd Sun 2:00pm</p><p>Contact Edgardo Cruz, President, Una Voce Puerto Rico at (787) 594-0071, <a href=""mailto:unavocepr@gmail.com"">unavocepr@gmail.com</a>, <a href=""unavocepr.blogspot.com"">unavocepr.blogspot.com</a><br></p>",Diocesan,Diocesan,https://parroquiasanjosepr.org/about-us,,,"<p>1st Sun 3:00pm; 2nd Sun 2:00pm</p><p>Contact Edgardo Cruz, President, Una Voce Puerto Rico at (787) 594-0071, <a href=""mailto:unavocepr@gmail.com"">unavocepr@gmail.com</a>, <a href=""unavocepr.blogspot.com"">unavocepr.blogspot.com</a><br></p>",,https://www.latinmass.com/find-latin-mass,2026-05-18T15:02:38.874520
Parroquia San Martín De Porres,"University Gardens, Arecibo, 00612, Puerto Rico",,,,18.46922,-66.744178,"<p>Sun 1:00pm (Alternates on a weekly basis between Low Mass and High Mass)<br><br></p><p>Contact Edgardo Cruz,&nbsp;<span style=""font-size: 1rem; color: rgba(var(--v-theme-on-surface),var(--v-high-emphasis-opacity));"">President,&nbsp;</span><span style=""font-size: 1rem; color: rgba(var(--v-theme-on-surface),var(--v-high-emphasis-opacity));"">Una Voce Puerto Rico at&nbsp;</span><span style=""font-size: 1rem; color: rgba(var(--v-theme-on-surface),var(--v-high-emphasis-opacity));"">(787) 594-0071, <a href=""mailto:unavocepr@gmail.com"">unavocepr@gmail.com</a>, <a href=""unavocepr.blogspot.com"">unavocepr.blogspot.com</a></span></p>",Diocesan,Diocesan,https://www.facebook.com/UnaVocePuertoRico,,,"<p>Sun 1:00pm (Alternates on a weekly basis between Low Mass and High Mass)<br><br></p><p>Contact Edgardo Cruz,&nbsp;<span style=""font-size: 1rem; color: rgba(var(--v-theme-on-surface),var(--v-high-emphasis-opacity));"">President,&nbsp;</span><span style=""font-size: 1rem; color: rgba(var(--v-theme-on-surface),var(--v-high-emphasis-opacity));"">Una Voce Puerto Rico at&nbsp;</span><span style=""font-size: 1rem; color: rgba(var(--v-theme-on-surface),var(--v-high-emphasis-opacity));"">(787) 594-0071, <a href=""mailto:unavocepr@gmail.com"">unavocepr@gmail.com</a>, <a href=""unavocepr.blogspot.com"">unavocepr.blogspot.com</a></span></p>",,https://www.latinmass.com/find-latin-mass,2026-05-18T15:02:38.874520
Casa Canônica,"Alameda Anésia Meira, 141 - São Brás, Belém - PA, 66063-020, Brazil",,,,-1.45285,-48.469961,<p>Sun 6:00pm; Mon-Fri 6:00pm</p>,Other,Other,https://pusillusgrex.org,,,<p>Sun 6:00pm; Mon-Fri 6:00pm</p>,,https://www.latinmass.com/find-latin-mass,2026-05-18T15:02:38.874520
Parroquia Santísimo Cristo,"C. Somorrostro, s/n, 39002 Santander, Cantabria, Spain",,,,43.46097,-3.807499,<p>1st Sun 7:00pm</p>,Other,Other,https://m.facebook.com/profile.php?id=691777210968098,,,<p>1st Sun 7:00pm</p>,,https://www.latinmass.com/find-latin-mass,2026-05-18T15:02:38.874520
Misión San Pío X,"José Aceves Pozos 51, San José, 47190 San Ignacio Cerro Gordo, Jal., Mexico",,,,20.746628,-102.531707,<p>Sun 1:00pm</p>,SSPX,SSPX,https://fsspx.mx/es/misi%C3%B3n-san-p%C3%ADo-x-san-ignacio-cerro-gordo,,,<p>Sun 1:00pm</p>,,https://www.latinmass.com/find-latin-mass,2026-05-18T15:02:38.874520
Misión de la Fraternidad San Pío X,"C. Arce 910, San Salvador, El Salvador",,,,13.699994,-89.199402,<p>Sun 11:00am</p>,SSPX,SSPX,https://fsspx.mx/es/misi%C3%B3n-de-la-fraternidad-san-p%C3%ADo-x-toluca,,,<p>Sun 11:00am</p>,,https://www.latinmass.com/find-latin-mass,2026-05-18T15:02:38.874520
Convento Madres Mínimas Franciscanas,"Xochiquetzal 249, Santa Isabel Tola, Gustavo A. Madero, 07010 Ciudad de México, CDMX, Mexico",,,,19.495947,-99.112744,<p>Sun 8:00am</p>,SSPX,SSPX,https://minimasfranciscanas.org/inicio.html,,,<p>Sun 8:00am</p>,,https://www.latinmass.com/find-latin-mass,2026-05-18T15:02:38.874520
Capilla San Rafael Arcángel,"Zapotiltic Centro, Zapotiltic, Jal., Mexico",,,,19.625759,-103.417946,<p>Sun 12:30pm</p>,SSPX,SSPX,https://fsspx.mx/es/capilla-san-rafael-arc%C3%A1ngel-zapotiltic,,,<p>Sun 12:30pm</p>,,https://www.latinmass.com/find-latin-mass,2026-05-18T15:02:38.874520
Misión de la Inmaculada Concepción,"Morelia Michoacán, La Mangana, Cdad. Hidalgo, Mich., Mexico",,,,19.696364,-100.560821,<p>Sun 10:00am</p>,SSPX,SSPX,https://fsspx.mx/es/misi%C3%B3n-de-la-inmaculada-concepci%C3%B3n-morelia,,,<p>Sun 10:00am</p>,,https://www.latinmass.com/find-latin-mass,2026-05-18T15:02:38.874520
Misión Sagrada Familia FSSPX Cuernavaca,"Gonzalo de Sandoval 42, Lomas de Cortes, 62240 Cuernavaca, Mor., Mexico",,,,18.956626,-99.220625,<p>Sun 10:00am</p>,SSPX,SSPX,https://fsspx.mx/es/misi%C3%B3n-sagrada-familia-cuernavaca,,,<p>Sun 10:00am</p>,,https://www.latinmass.com/find-latin-mass,2026-05-18T15:02:38.874520
St Ambrose Catholic,"2315 E Redondo Ave, Salt Lake City, Utah 84108, USA",,,,40.727517,-111.824533,<p>Wed 6:00pm</p>,Diocesan,Diocesan,https://www.stambrosecatholic.org,,,<p>Wed 6:00pm</p>,,https://www.latinmass.com/find-latin-mass,2026-05-18T15:02:38.874520
Our Lady of the Rosary Chapel,"28 Rue du Faubourg-de-Pierre, 67000 Strasbourg, France",,,,48.588481,7.745915,"<p>Sun &amp; feasts 10:15am; Mon, Wed, Fri  6:15pm; Tues, Thurs 7:15am; Sat 11:00am</p>",SSPX,SSPX,https://laportelatine.org/lieux/urmatt/strasbourg,,,"<p>Sun &amp; feasts 10:15am; Mon, Wed, Fri  6:15pm; Tues, Thurs 7:15am; Sat 11:00am</p>",https://media.mapme.com/places/937778fb-ff13-48c5-aac9-1982e45f7dc3/gallery/85b46d36-106a-4a2a-8fe3-293f35cbaea3.hd,https://www.latinmass.com/find-latin-mass,2026-05-18T15:02:38.874520
Institut Croix-des-Vents,"55 Rue d'Argentré, 61500 Sées, France",,,,48.606644,0.182062,"<p>Sun 9:00am (Low Mass), Sun 10:00am (Sung)</p>",FSSP,FSSP,https://www.croixdesvents.com,,,"<p>Sun 9:00am (Low Mass), Sun 10:00am (Sung)</p>",https://media.mapme.com/places/f6d7dfae-61f4-4444-81ba-fabc31eccbc5/gallery/e1e685a1-c002-408e-8f72-dd9580b7b8fd.hd,https://www.latinmass.com/find-latin-mass,2026-05-18T15:02:38.874520
Église St Langis,"de, 16 Rue du Bourg, 61400 St-Langis-lès-Mortagne, France",,,,48.512415,0.536842,<p>Sun 11:00am</p>,FSSP,FSSP,,,,<p>Sun 11:00am</p>,https://media.mapme.com/places/f80e7c77-1e2b-417e-90f1-b32e2fde7f97/gallery/6d3d84e7-5808-4fe6-a33c-c904c6a4e4fb.hd,https://www.latinmass.com/find-latin-mass,2026-05-18T15:02:38.874520
Cathedral of St Mary of the Assumption,"1111 Gough St, San Francisco, California 94109, USA",,,,37.784236,-122.425224,<p>First Wed at 3:00pm</p>,Diocesan,Diocesan,https://smcsf.org,,,<p>First Wed at 3:00pm</p>,https://media.mapme.com/places/02dc574a-6b59-423d-b36b-106a1b4b6b80/gallery/eea343e4-74f1-419e-af3a-2fa6751c75f2.hd,https://www.latinmass.com/find-latin-mass,2026-05-18T15:02:38.874520
Visitacion,"655 Sunnydale Ave, San Francisco, California 94134, USA",,,,37.709528,-122.408907,<p>1st Fridays 6:30pm</p>,Diocesan,Diocesan,https://visitacion.org,,,<p>1st Fridays 6:30pm</p>,https://media.mapme.com/places/2fe4069f-f84c-4392-a0d3-89f3850d7774/gallery/28219615-7af6-4892-8929-43790a8256e0.hd,https://www.latinmass.com/find-latin-mass,2026-05-18T15:02:38.874520
Oratorio Sant’Antonio Abate,"Vico Sotto le Murette, 16128 Genova GE, Italy",,,,44.403875,8.931447,<p>Sun 9:45am (High Mass); First Sat 9:00am</p>,Diocesan,Diocesan,,,,<p>Sun 9:45am (High Mass); First Sat 9:00am</p>,,https://www.latinmass.com/find-latin-mass,2026-05-18T15:02:38.874520
St Michael Priory and Chapel,"Naira Circle, junction of the Port Harcourt and Abakaliki Expressways, Enugu, Nigeria",,,,6.474953,7.586317,"<p>Contact&nbsp;<span style=""color: inherit;"">Tel. +234 9090000576</span></p><p><span style=""color: inherit;"">Sun 7:00am, 9:00am;&nbsp;</span><span style=""color: inherit;"">Mon-Fri 7:15am, 6:00pm;&nbsp;</span><span style=""color: inherit;"">Sat 7:15am</span></p>",SSPX,SSPX,https://africa.fsspx.org/en/St-michaels-priory-and-chapel,,,"<p>Contact&nbsp;<span style=""color: inherit;"">Tel. +234 9090000576</span></p><p><span style=""color: inherit;"">Sun 7:00am, 9:00am;&nbsp;</span><span style=""color: inherit;"">Mon-Fri 7:15am, 6:00pm;&nbsp;</span><span style=""color: inherit;"">Sat 7:15am</span></p>",https://media.mapme.com/places/aabbdc40-4786-4016-9642-d971e0b7bd98/gallery/fba4ffd1-fe1b-4606-9b9a-dec5ca81f94f.hd,https://www.latinmass.com/find-latin-mass,2026-05-18T15:02:38.874520
Immaculate Heart of Mary Chapel,Eliozu Airport Road Bypass / G U Ake Road Port-Harcourt,,,,4.892734,7.002293,<p>Inside Ministry of Agric Estate<br></p><p>2 Sundays per month: 8.00 am or 4.00 pm (please enquire before)</p><p><br></p>,SSPX,SSPX,"https://www.google.com/maps/place/Immaculate+Heart+Traditional+Latin+Mass+Chapel+SSPX/@4.8848109,7.0010973,418m/data=!3m1!1e3!4m6!3m5!1s0x1069d137981da3fb:0xd8eeda12f73c5fb9!8m2!3d4.8842085!4d7.0009223!16s%2Fg%2F11shc3k8jy?entry=ttu",,,<p>Inside Ministry of Agric Estate<br></p><p>2 Sundays per month: 8.00 am or 4.00 pm (please enquire before)</p><p><br></p>,https://media.mapme.com/places/d9668005-6817-4036-acbe-5464470c72f1/gallery/ae77788e-f5b0-4d63-ab81-9ddfc0ec0155.hd,https://www.latinmass.com/find-latin-mass,2026-05-18T15:02:38.874520
St Pius V Chapel,"Army Barracks, Onitsha, Anambra, Nigeria",,,,6.128108,6.805628,"<p>&nbsp;(beside Best Aluminum)&nbsp;<br><span style=""color: inherit;"">Tel.  +234 7030544862</span></p><p>Sun 9:00am; Sat 5:30pm<span style=""color: inherit;"">&nbsp;</span></p>",SSPX,SSPX,https://africa.fsspx.org/en/St-pius-v-chapel,,,"<p>&nbsp;(beside Best Aluminum)&nbsp;<br><span style=""color: inherit;"">Tel.  +234 7030544862</span></p><p>Sun 9:00am; Sat 5:30pm<span style=""color: inherit;"">&nbsp;</span></p>",https://media.mapme.com/places/06fb6a2f-9ce7-43f1-bd24-ff2f0e220304/gallery/1bb062a5-7f56-42c5-9bc5-4a1afb705588.hd,https://www.latinmass.com/find-latin-mass,2026-05-18T15:02:38.874520
St Pius X Chapel,"69 Queen St, Sabo yaba, Lagos 101245, Lagos, Nigeria",,,,6.502627,3.378457,"<p>Tel: +234 909 0000 576<br>Sun 7:00am, 9:00am;&nbsp;<span style=""color: inherit;"">Sat 6:00pm;&nbsp;</span><span style=""color: inherit;"">1st Fri 6:00pm;&nbsp;</span><span style=""color: inherit;"">1st Sat 9:00am</span></p>",SSPX,SSPX,https://africa.fsspx.org/en/St-pius-x-chapel,,,"<p>Tel: +234 909 0000 576<br>Sun 7:00am, 9:00am;&nbsp;<span style=""color: inherit;"">Sat 6:00pm;&nbsp;</span><span style=""color: inherit;"">1st Fri 6:00pm;&nbsp;</span><span style=""color: inherit;"">1st Sat 9:00am</span></p>",https://media.mapme.com/places/4da5a81c-c240-44bf-8e2b-416005099b16/gallery/1bf76f20-32b6-4307-9b25-b412eaa2a500.hd,https://www.latinmass.com/find-latin-mass,2026-05-18T15:02:38.874520
Sacred Heart Chapel,"zone 5, 44 Khartoum St, Wuse, Abuja 904101, Federal Capital Territory, Nigeria",,,,9.062829,7.462092,<p>Tel.  +234 9075252520<br>Sun 9:00am (High Mass); Sat 5:00pm</p>,SSPX,SSPX,https://africa.fsspx.org/en/sacred-heart-chapel,,,<p>Tel.  +234 9075252520<br>Sun 9:00am (High Mass); Sat 5:00pm</p>,https://media.mapme.com/places/562c068b-207b-483b-b0e5-5a345223a965/gallery/48d125bc-bc19-4bc4-83f6-7ad58fd04270.hd,https://www.latinmass.com/find-latin-mass,2026-05-18T15:02:38.874520
Holy Innocents,"3455 W Bangs Ave, Neptune City, New Jersey 07753, USA",,,,40.209823,-74.079855,<p>3rd Sun 3:00pm; 1st Sat 9:00am</p>,Diocesan,Diocesan,https://holyinnocents.net,,,<p>3rd Sun 3:00pm; 1st Sat 9:00am</p>,https://media.mapme.com/places/24129caf-04f9-4b59-86b3-029dfad0aa24/gallery/d7222d38-9b89-4551-94b4-2e822858d49c.hd,https://www.latinmass.com/find-latin-mass,2026-05-18T15:02:38.874520
Our Lady of Fatima Chapel and Rectory,"32 W Franklin Ave, Pequannock Township, New Jersey 07440, USA",,,,40.948307,-74.293048,"<p>Sun 11:00am (Sung Mass), 7:00am, 9:00am, 1:30pm 5:00pm (Low Mass); Mon-Sat 7:00am, 9:00am; Tues, Thurs 7:00pm; 1st Fri 7:00 pm; 1st Sat 9:00am</p>",FSSP,FSSP,https://www.olfchapel.org,,,"<p>Sun 11:00am (Sung Mass), 7:00am, 9:00am, 1:30pm 5:00pm (Low Mass); Mon-Sat 7:00am, 9:00am; Tues, Thurs 7:00pm; 1st Fri 7:00 pm; 1st Sat 9:00am</p>",https://media.mapme.com/places/77c8cd62-5ced-400c-8def-63f83eafa76d/gallery/a126861a-ce9d-4578-9666-d73d58bc9795.hd,https://www.latinmass.com/find-latin-mass,2026-05-18T15:02:38.874520
Herz Jesu,"Niels-Stensen-Weg 6, 21465 Reinbek, Germany",,,,53.511721,10.249047,<p>Sun 3:00pm</p>,Diocesan,Diocesan,https://www.alte-messe-im-norden.de,,,<p>Sun 3:00pm</p>,https://media.mapme.com/places/a3a4328e-73b8-42e9-9407-912c53e1579a/gallery/029b31a7-9a79-4a85-827e-df13e2c6e637.hd,https://www.latinmass.com/find-latin-mass,2026-05-18T15:02:38.874520
Sankt Anna,"Plöck 4, 69117 Heidelberg, Germany",,,,49.408773,8.695939,"<p>Sundays and Feast days 6:00pm<br><br>This Mass location is served by the Priestly Fraternity of St. Peter (FSSP) and belongs to the Apostolate in Oberflockenbach (Weinheim).Rev. Fr. Roland Weiß, FSSP<br><a href=""mailto:p.weiss@fssp.org"">p.weiss@fssp.org</a><br class=""Apple-interchange-newline""><br></p>",FSSP,FSSP,https://petrusbruderschaft.de/pages/wo-wir-sind/deutschland/niederlassungen/oberflockenbach/heidelberg.php,,,"<p>Sundays and Feast days 6:00pm<br><br>This Mass location is served by the Priestly Fraternity of St. Peter (FSSP) and belongs to the Apostolate in Oberflockenbach (Weinheim).Rev. Fr. Roland Weiß, FSSP<br><a href=""mailto:p.weiss@fssp.org"">p.weiss@fssp.org</a><br class=""Apple-interchange-newline""><br></p>",https://media.mapme.com/places/71fed572-3b67-41d9-a4be-e30e6f61e7cf/gallery/e74b7cf8-0390-441d-8a55-2ae0b972284f.hd,https://www.latinmass.com/find-latin-mass,2026-05-18T15:02:38.874520
St Mary's of Pine Grove,"1059 Co Rd 26, Ironton, OH 45638, USA",,,,38.611182,-82.682707,"Sunday 1:45pm Missa Cantata<br><br><a href=""http://irontoncatholicchurches.com/"">Click to visit site</a>",Diocesan,Diocesan,,,,"Sunday 1:45pm Missa Cantata<br><br><a href=""http://irontoncatholicchurches.com/"">Click to visit site</a>",https://media.mapme.com/places/d1a01054-f425-4da8-bfc6-f7e3fc49cc67/gallery/17b4712a-dd45-4607-a3f9-5dcbcf7f4ea2.hd,https://www.latinmass.com/find-latin-mass,2026-05-18T15:02:38.874520
Holy Trinity Catholic,"12625 Fitzwater Dr, Nokesville, Virginia 20181",,,,38.779587,-77.598789,"<p>Latin Mass no longer in the main  building, moved to Renaissance Montessori School in Nokesville, VA</p>",Diocesan,Diocesan,https://holytrinityparish.net,,,"<p>Latin Mass no longer in the main  building, moved to Renaissance Montessori School in Nokesville, VA</p>",,https://www.latinmass.com/find-latin-mass,2026-05-18T15:02:38.874520
Sts Peter and Paul,"1036 N Ravenna Ave, Wilmington, California 90744, USA",,,,33.783732,-118.268217,<p>Sat 6:00am; Daily 12:00pm</p>,Other,Other,https://www.wilmingtoncatholic.org,,,<p>Sat 6:00am; Daily 12:00pm</p>,https://media.mapme.com/places/6667705c-19fc-412b-b224-41676d082a4e/gallery/c4bfc64c-a2df-4f2f-af8a-fce633870b55.hd,https://www.latinmass.com/find-latin-mass,2026-05-18T15:02:38.874520
St Mary Cathedral,"St Mary Rd, Sydney NSW 2000, Australia",,,,-33.87108,151.214479,<p>Sun 12:15pm (Not listed on website)</p>,Diocesan,Diocesan,https://stmaryscathedral.org.au,,,<p>Sun 12:15pm (Not listed on website)</p>,https://media.mapme.com/places/cb23c168-17bf-4cac-abfd-bee45879ffa6/gallery/10fab78a-5228-479e-be76-6867c3f26060.hd,https://www.latinmass.com/find-latin-mass,2026-05-18T15:02:38.874520
St Mark’s Coptic Catholic,"533 Reservoir Rd, Prospect NSW 2148, Australia",,,,-33.809288,150.917417,<p>Sun 7.45am (Low Mass)</p>,FSSP,FSSP,https://fssp-parra.org,,,<p>Sun 7.45am (Low Mass)</p>,https://media.mapme.com/places/4ad54fc3-b2ba-4377-9733-d6b8d4a8a120/gallery/34c7ee3e-9bf6-4f8b-9dae-036326f00090.hd,https://www.latinmass.com/find-latin-mass,2026-05-18T15:02:38.874520
Croatian Catholic Centre,"70 Douglas Rd, Blacktown NSW 2148, Australia",,,,-33.782937,150.884368,<p>Sun 10:00am (Sung Mass)</p>,FSSP,FSSP,,,,<p>Sun 10:00am (Sung Mass)</p>,https://media.mapme.com/places/14713447-f7b9-4b9e-83cc-dc2a0be9cb5b/gallery/1dcd2658-5f01-4f35-b777-6b4b14ce6cb2.hd,https://www.latinmass.com/find-latin-mass,2026-05-18T15:02:38.874520
Our Lady of The Nativity Catholic,"254 Great Western Hwy, Warrimoo NSW 2774, Australia",,,,-33.725977,150.605003,<p>Sun 4:00pm (Low Mass)</p>,FSSP,FSSP,,,,<p>Sun 4:00pm (Low Mass)</p>,https://media.mapme.com/places/fe6f2cf9-8c8b-4f59-ac18-29f570f61491/gallery/0d9b94b8-19d0-430a-9358-df0d35dd0ea9.hd,https://www.latinmass.com/find-latin-mass,2026-05-18T15:02:38.874520
The Eucharistic Heart of Jesus Oratory,"159 Girraween Rd, Girraween NSW 2145, Australia",,,,-33.805994,150.943666,<p>Mon-Fri 7:00am (Low Mass); Wed 9:15am or 6:30pm; 1st Fri 6:30pm (Sung Mass)</p>,FSSP,FSSP,,,,<p>Mon-Fri 7:00am (Low Mass); Wed 9:15am or 6:30pm; 1st Fri 6:30pm (Sung Mass)</p>,https://media.mapme.com/places/bc3edaef-a011-4862-b213-bbf73c9de161/gallery/ae235766-323d-4fed-a7b9-fbc275abb64a.hd,https://www.latinmass.com/find-latin-mass,2026-05-18T15:02:38.874520
Campion College Chapel,"8-14 Austin Woodbury Pl, Toongabbie NSW 2146, Australia",,,,-33.784646,150.964231,<p>Thurs 12:00pm (Low Mass)</p>,FSSP,FSSP,,,,<p>Thurs 12:00pm (Low Mass)</p>,https://media.mapme.com/places/e22ed5c8-5563-4722-9850-602be6d91ffc/gallery/a174ef37-7865-4415-badb-b337e0b711c9.hd,https://www.latinmass.com/find-latin-mass,2026-05-18T15:02:38.874520
St Patrick’s Cathedral,"Presbytery, 1 Marist Pl, Parramatta NSW 2150, Australia",,,,-33.808914,151.003122,<p>Sat 9:30am (Low Mass)</p>,FSSP,FSSP,,,,<p>Sat 9:30am (Low Mass)</p>,https://media.mapme.com/places/30f8cbbd-248c-4e2c-9b32-de96c961fe5a/gallery/1748b208-f99d-4f56-9569-1863768d4d6e.hd,https://www.latinmass.com/find-latin-mass,2026-05-18T15:02:38.874520
University of Sydney Catholic Chaplaincy,"150 City Rd, Darlington NSW 2008, Australia",,,,-33.888971,151.191713,<p>St John Paul II Catholic Student Centre<br>Fri 12:10 (Low Dominican Rite Mass)<br></p>,College,College,https://sydneyunicatholics.org.au,,,<p>St John Paul II Catholic Student Centre<br>Fri 12:10 (Low Dominican Rite Mass)<br></p>,https://media.mapme.com/places/3503e527-808f-4c7d-b5ec-7e014a3113e6/gallery/b7bd7d8d-8234-424a-b72d-8fc1e2c90781.hd,https://www.latinmass.com/find-latin-mass,2026-05-18T15:02:38.874520
St Dionysius,"Kirchberg 4, 86681 Fünfstetten, Germany",,,,48.83314,10.763901,<p>2nd &amp; 4th Mon 6:30 pm</p>,Diocesan,Diocesan,https://pfarrverband-jura-nordschwaben.bistum-eichstaett.de/pfarreien/pfarrei-fuenfstetten,,,<p>2nd &amp; 4th Mon 6:30 pm</p>,https://media.mapme.com/places/9ae5964d-5598-4bae-99e9-766b54afa661/gallery/2abb8dc6-3a60-4b98-9a8a-4cbf2d2bd941.hd,https://www.latinmass.com/find-latin-mass,2026-05-18T15:02:38.874520
St Nikolaus,"Rathausstraße 1, 24103 Kiel, Germany",,,,54.322482,10.130984,<p>1st Sun 4:00pm</p>,Diocesan,Diocesan,https://www.alte-messe-im-norden.de,,,<p>1st Sun 4:00pm</p>,https://media.mapme.com/places/cb5e63cf-cb50-430b-a603-a0088ffc5dad/gallery/77e5184c-e9a4-47b3-93a4-f2293e759fd0.hd,https://www.latinmass.com/find-latin-mass,2026-05-18T15:02:38.874520
Maria Königin,"Geibelstraße 20, 23611 Bad Schwartau, Germany",,,,53.919477,10.704726,<p>2nd &amp; 4th Sun 11:15am</p>,Diocesan,Diocesan,,,,<p>2nd &amp; 4th Sun 11:15am</p>,https://media.mapme.com/places/2e3f9870-dfde-4a85-a548-de2091c2b5d8/gallery/5d5c1047-ba9d-4929-b0b6-aa380fd25c73.hd,https://www.latinmass.com/find-latin-mass,2026-05-18T15:02:38.874520
"St Benedict Monastery, Arcadia","8 Fagans Rd, Arcadia NSW 2159, Australia",,,,-33.619731,151.044167,<p>Sun 4:30pm (Sung Mass)</p>,FSSP,FSSP,,,,<p>Sun 4:30pm (Sung Mass)</p>,https://media.mapme.com/places/93fdd9c7-e5d3-4cc4-b9a3-43e48d54c3b5/gallery/2d3a534f-ab2e-4dd7-8b31-59a51f1dc47a.hd,https://www.latinmass.com/find-latin-mass,2026-05-18T15:02:38.874520
Basilique Notre-Dame de Fribourg,"Pl. de Notre Dame 1, 1700 Fribourg, Switzerland",,,,46.806943,7.161713,<p>Dimanche 8h00 (messe basse) et 10h00 (messe chantée)</p>,FSSP,FSSP,https://basilique-fribourg.ch/index.php,,,<p>Dimanche 8h00 (messe basse) et 10h00 (messe chantée)</p>,https://media.mapme.com/places/d0a75efc-45d2-42aa-86cb-e9b29c4d9266/gallery/daa16add-2284-4931-aa22-32e77c333c1d.hd,https://www.latinmass.com/find-latin-mass,2026-05-18T15:02:38.874520
Kirche St. Pelagiberg,"St. Pelagibergstrasse 15, 9225 Hauptwil-Gottshaus, Switzerland",,,,47.487992,9.298799,"<p>Sonntags 07.00, 09.30 und 19.00 Uhr</p>",FSSP,FSSP,https://www.stpelagiberg.ch,,,"<p>Sonntags 07.00, 09.30 und 19.00 Uhr</p>",https://media.mapme.com/places/1e6708f8-08b4-4868-ba0b-00d367eb3486/gallery/dd333863-81b0-4040-8024-f441d281576d.hd,https://www.latinmass.com/find-latin-mass,2026-05-18T15:02:38.874520
Capilla Nuestra Señora del Santísimo Rosario,"ABA, Pje. Independencia 3277, S2003ABA Rosario, Santa Fe, Argentina",,,,-32.963062,-60.673402,<p>3rd Sunday 10:00am (Sung Mass); 3rd Sat 11:00am; 3rd Friday 7:00pm</p>,SSPX,SSPX,https://www.fsspx-sudamerica.org/es/capillas,,,<p>3rd Sunday 10:00am (Sung Mass); 3rd Sat 11:00am; 3rd Friday 7:00pm</p>,https://media.mapme.com/places/71ef86e4-8b6e-4522-98a6-920f47d05d46/gallery/b83723f3-4fbe-4f24-a6e0-f1da553c443b.hd,https://www.latinmass.com/find-latin-mass,2026-05-18T15:02:38.874520
Santiago Chapel,"Pueyrredón 167, G4302 La Banda, Santiago del Estero, Argentina",,,,-27.736627,-64.241614,,SSPX,SSPX,https://www.fsspx-sudamerica.org/es/capillas,,,,https://media.mapme.com/places/125e660c-8cdf-4f32-8855-a0f3a72712ff/gallery/0f85d96b-a598-4b2f-ac4a-07649e39d06e.hd,https://www.latinmass.com/find-latin-mass,2026-05-18T15:02:38.874520
Capilla San José,"Falucho 1468, San Luis, Argentina",,,,-33.292764,-66.347267,"<p>Sun 08:00am, 10:30am; Sat 7:00pm; 1st Fri 7:00pm</p>",SSPX,SSPX,https://www.fsspx-sudamerica.org/es/capillas,,,"<p>Sun 08:00am, 10:30am; Sat 7:00pm; 1st Fri 7:00pm</p>",,https://www.latinmass.com/find-latin-mass,2026-05-18T15:02:38.874520
Centro de Misa de Gral. Alvear,"Avenida Libertador Sur, M5620 Gral. Alvear, Mendoza",,,,-34.973363,-67.689481,<p>Sun 10:00am or 7:30pm</p>,SSPX,SSPX,https://www.fsspx-sudamerica.org/es/capillas,,,<p>Sun 10:00am or 7:30pm</p>,,https://www.latinmass.com/find-latin-mass,2026-05-18T15:02:38.874520
Bishop Ryan Chapel,"316 11th Ave NW, Minot, North Dakota 58703, USA",,,,48.248022,-101.298075,"<p>Once a month, check the website for more information</p>",Other,Other,https://www.facebook.com/MinotTLM,,,"<p>Once a month, check the website for more information</p>",https://media.mapme.com/places/6b182cad-4add-4a07-8cfd-d0a133f38987/gallery/dab4704a-3d30-4e38-b397-70bf062dbe89.hd,https://www.latinmass.com/find-latin-mass,2026-05-18T15:02:38.874520
Aberdeen Mass Centre,"10-14 Union Terrace, Aberdeen AB10 1NJ, UK",,,,57.146242,-2.103589,<p>Mercure Aberdeen Caledonian Hotel (formerly Caledonian Thistle)</p><p>Visit the website to check Mass times</p>,SSPX,SSPX,https://fsspx.uk/en/mass-times-calendars-32157,,,<p>Mercure Aberdeen Caledonian Hotel (formerly Caledonian Thistle)</p><p>Visit the website to check Mass times</p>,https://media.mapme.com/places/769bc87b-61b9-4159-91cb-ea28b6dc9bf9/gallery/79761b35-6c20-47a4-a635-61b07a3253fd.hd,https://www.latinmass.com/find-latin-mass,2026-05-18T15:02:38.874520
Bingley - The Little House,"Market St, Bingley BD16 2HP, UK",,,,53.848858,-1.839389,<p>Phone: +44 12 74 78 12 22</p><p>E-mail stmarys@fsspx.uk</p>,SSPX,SSPX,,,,<p>Phone: +44 12 74 78 12 22</p><p>E-mail stmarys@fsspx.uk</p>,https://media.mapme.com/places/c6ac556d-c0a5-4b9c-bee4-73bd17dd235c/gallery/8a3c045a-fc78-41af-89bd-ac12f3da5177.hd,https://www.latinmass.com/find-latin-mass,2026-05-18T15:02:38.874520
Bristol - St Saviour Chapel & Retreat House,"St Agnes Walk, St Agnes Ave, Bristol BS4 2DU, UK",,,,51.435261,-2.579023,<p>Check the website for Mass times</p>,SSPX,SSPX,https://fsspx.uk/en/mass-times-calendars-32157,,,<p>Check the website for Mass times</p>,https://media.mapme.com/places/ccffc6d0-1710-4868-90a5-026d242adb5f/gallery/93db56d2-67bc-481a-92b4-62bccb739edc.hd,https://www.latinmass.com/find-latin-mass,2026-05-18T15:02:38.874520
St Michael Archangel,"Harts Ln, Burghclere, Newbury RG20 9JW, UK",,,,51.345627,-1.331015,<p>Check website for Mass times</p>,SSPX,SSPX,,,,<p>Check website for Mass times</p>,https://media.mapme.com/places/91c4222f-5cdf-4d1b-b3fc-d13029a6cecb/gallery/faade3ba-b12e-48b2-9e06-9fa80ff37bcb.hd,https://www.latinmass.com/find-latin-mass,2026-05-18T15:02:38.874520
St Andrew House,"31 Lanark Rd, Carluke ML8 4HE, UK",,,,55.729168,-3.835251,<p>Check website for Mass times</p>,SSPX,SSPX,https://fsspx.uk/en/mass-times-calendars-32157,,,<p>Check website for Mass times</p>,https://media.mapme.com/places/071b6bd0-eec6-4b90-a588-86d6d1b42590/gallery/17668184-58ab-4298-8857-642d7c9549c0.hd,https://www.latinmass.com/find-latin-mass,2026-05-18T15:02:38.874520
Colleton Manor Chapel,"Colleton, Chulmleigh EX18 7JS, UK",,,,50.91902,-3.897716,<p>Check website for Mass times</p>,SSPX,SSPX,https://fsspx.uk/en/mass-times-calendars-32157,,,<p>Check website for Mass times</p>,https://media.mapme.com/places/56c9bc54-25a7-4edb-9346-d6214d2fc1ff/gallery/2d7b5329-4d0e-49cc-81ee-c86cee105a51.hd,https://www.latinmass.com/find-latin-mass,2026-05-18T15:02:38.874520
St Pius V,"Groombridge, Tunbridge Wells TN3 9QX, UK",,,,51.116009,0.185398,<p>Check website for Mass times</p>,SSPX,SSPX,,,,<p>Check website for Mass times</p>,https://media.mapme.com/places/ce98d750-ef1a-4738-a7db-0f1d7e2a27ca/gallery/de255099-2af9-4bca-beca-900a9d32d796.hd,https://www.latinmass.com/find-latin-mass,2026-05-18T15:02:38.874520
Sts John Fisher and Thomas More,"Herne St, Herne Bay CT6 7HR, UK",,,,51.349023,1.132842,<p>Check website for Mass times</p>,SSPX,SSPX,https://fsspx.uk/en/mass-times-calendars-32157,,,<p>Check website for Mass times</p>,https://media.mapme.com/places/88cb4d16-f9c7-405d-afab-0eb45959630a/gallery/26476b89-81cd-408a-9c72-912b19863ac3.hd,https://www.latinmass.com/find-latin-mass,2026-05-18T15:02:38.874520
Inverness Mass Centre,"Ness Walk, Inverness, UK",,,,57.472521,-4.22945,<p>Check the website for Mass Times</p>,SSPX,SSPX,,,,<p>Check the website for Mass Times</p>,https://media.mapme.com/places/f09a0abe-5d99-4005-89d4-5c2e4c299956/gallery/1ab88850-2bde-4a47-9ae5-3d822e5245a2.hd,https://www.latinmass.com/find-latin-mass,2026-05-18T15:02:38.874520
Sts Peter and Paul,"35 Upper Parliament St, Liverpool L8 7LA, UK",,,,53.395705,-2.970722,<p>Check website for Mass times</p>,SSPX,SSPX,,,,<p>Check website for Mass times</p>,https://media.mapme.com/places/efd92752-cb55-4b72-aa8f-42a820902287/gallery/0edb52cd-7062-4571-a428-10a71e17f72f.hd,https://www.latinmass.com/find-latin-mass,2026-05-18T15:02:38.874520
St George House,"125 Arthur Rd, London SW19 7DR, UK",,,,51.434423,-0.201912,<p>Check website for Mass times</p>,SSPX,SSPX,,,,<p>Check website for Mass times</p>,https://media.mapme.com/places/03dbcf99-7b8b-4418-9352-116e3827640b/gallery/6aa5794d-f61a-4649-9473-005844edf502.hd,https://www.latinmass.com/find-latin-mass,2026-05-18T15:02:38.874520
Sts Joseph and Padarn,"Salterton Rd, London N7 6BB, UK",,,,51.559742,-0.118152,<p>Check website for Mass times</p>,SSPX,SSPX,,,,<p>Check website for Mass times</p>,https://media.mapme.com/places/6f5745a4-e40b-4b27-ac44-563adf4b3980/gallery/77c61cf4-b515-4edb-9dbe-6afb6f20c080.hd,https://www.latinmass.com/find-latin-mass,2026-05-18T15:02:38.874520
of St Pius X,"16 Deerpark Rd, Manchester M16 8FR, UK",,,,53.453561,-2.254468,<p>Check website for Mass times</p>,SSPX,SSPX,,,,<p>Check website for Mass times</p>,https://media.mapme.com/places/40a263ec-b369-49db-9579-17b773e2c24b/gallery/1d5ff894-6fcd-4504-b55e-b4cf7e07c700.hd,https://www.latinmass.com/find-latin-mass,2026-05-18T15:02:38.874520
Monaghan Mass Centre,"Main St, Lisdarragh, Co. Monaghan, Ireland",,,,54.157158,-7.137957,<p>Check the website for Mass times</p>,SSPX,SSPX,https://fsspx.ie/en,,,<p>Check the website for Mass times</p>,,https://www.latinmass.com/find-latin-mass,2026-05-18T15:02:38.874520
of Our Lady of Victories,"18 Ribblesdale Pl, Preston PR1 3NA, UK",,,,53.755206,-2.701952,<p>Check website for Mass times</p>,SSPX,SSPX,https://fsspx.uk/en/mass-times-calendars-32157,,,<p>Check website for Mass times</p>,https://media.mapme.com/places/5d4aa2e0-1fb4-4d51-bf67-1574537b38d6/gallery/393af6d9-1991-486a-b1b8-de316a910c1e.hd,https://www.latinmass.com/find-latin-mass,2026-05-18T15:02:38.874520
St David Chapel,"a547, 259 Conway Rd, Rhos on Sea, Colwyn Bay LL28 5AA, UK",,,,53.297549,-3.756159,<p>Check website for Mass times</p>,SSPX,SSPX,,,,<p>Check website for Mass times</p>,https://media.mapme.com/places/6afd4f1a-8b55-4478-b473-c0c03513127c/gallery/8f86079b-21e6-484b-9ad3-2062d5fadaf2.hd,https://www.latinmass.com/find-latin-mass,2026-05-18T15:02:38.874520
Shetland Mass Centre,"King Harald St, Lerwick, Shetland ZE1, UK",,,,60.156332,-1.150651,<p>Visit the website for Mass times</p>,SSPX,SSPX,https://fsspx.uk/en/mass-times-calendars-32157,,,<p>Visit the website for Mass times</p>,https://media.mapme.com/places/877e98bf-0330-4fc6-a284-6f7b54e4bc4d/gallery/b7787c82-c9db-4514-870c-8cd134d561b7.hd,https://www.latinmass.com/find-latin-mass,2026-05-18T15:02:38.874520
St Columba House,"Stronsay, Orkney KW17, UK",,,,59.106884,-2.600064,,SSPX,SSPX,,,,,https://media.mapme.com/places/cdbc13cb-b0c9-4871-a813-1f7e1cb3000c/gallery/20aeb592-8b04-485c-8e58-1ef009e1862b.hd,https://www.latinmass.com/find-latin-mass,2026-05-18T15:02:38.874520
of Our Lady of Glastonbury,"17 South St, Taunton TA1 3AA, UK",,,,51.014667,-3.094351,<p>Check website for Mass times</p>,SSPX,SSPX,https://fsspx.uk/en/mass-times-calendars-32157,,,<p>Check website for Mass times</p>,https://media.mapme.com/places/3fc29b97-577e-41df-9e71-d3aedaa4abb3/gallery/afc9d4f6-d267-4f22-af56-4e71fc48f96f.hd,https://www.latinmass.com/find-latin-mass,2026-05-18T15:02:38.874520
Holy Cross,"7 Sandy Ln, Woking GU22 8BA, UK",,,,51.321189,-0.537186,<p>Check website for Mass times</p>,SSPX,SSPX,https://fsspx.uk/en/mass-times-calendars-32157,,,<p>Check website for Mass times</p>,https://media.mapme.com/places/7460ceb6-5fd3-4173-a705-3529391c05c9/gallery/d9fd862b-9f86-472a-a004-789c0f8a0251.hd,https://www.latinmass.com/find-latin-mass,2026-05-18T15:02:38.874520
Corpus Christi Chapel,"5975 Golden Gate Pkwy, Naples, Florida 34116, USA",,,,26.174857,-81.72685,"<p>Sun 7:30am, 9:30am; Mon-Sat 7:00am; Wed-Fri 5:30pm (Sept. - May)</p>",FSSP,FSSP,,,,"<p>Sun 7:30am, 9:30am; Mon-Sat 7:00am; Wed-Fri 5:30pm (Sept. - May)</p>",https://media.mapme.com/places/767bb1b2-2709-4e9c-8b08-f0eca405098e/gallery/46e6905d-605e-43e2-b86f-60346d07cf1e.hd,https://www.latinmass.com/find-latin-mass,2026-05-18T15:02:38.874520
Kapelle St. Pius X,"Zürcherstrasse 68A, 9000 St. Gallen, Switzerland",,,,47.417823,9.350214,<p>Sonntags um 09.15 Uhr (gesungenes Amt)</p>,SSPX,SSPX,https://fsspx.ch/de/st-gallen-kapelle-st-pius-x-32000,,,<p>Sonntags um 09.15 Uhr (gesungenes Amt)</p>,https://media.mapme.com/places/3b0ed1d3-50c9-4b8b-9326-81a255b6219f/gallery/7ff2f5a4-f468-4cf3-a046-5ee2d44a71e8.hd,https://www.latinmass.com/find-latin-mass,2026-05-18T15:02:38.874520
Dreifaltigkeits-Basilica,"Taubenstrasse 4, 3011 Bern, Switzerland",,,,46.945404,7.439279,<p>Sonntags um 08.15 Uhr in der Kirchenkrypta</p>,Other,Other,https://www.kathbern.ch/dreifaltigkeit,,,<p>Sonntags um 08.15 Uhr in der Kirchenkrypta</p>,https://media.mapme.com/places/28e2e9c2-c126-4324-8f68-a606ab7b3aab/gallery/1e1b7547-5f13-47b2-a016-9101a8a2023a.hd,https://www.latinmass.com/find-latin-mass,2026-05-18T15:02:38.874520
Capilla San José,"Av. Matas Verdes, 2, 29688 Atalaya Isdabe, Málaga, Spain",,,,36.467775,-5.01625,<p>Friday before the 1st Sunday of the month 7:00pm; Saturday 11:00am</p>,SSPX,SSPX,https://laportelatine.org/carte,,,<p>Friday before the 1st Sunday of the month 7:00pm; Saturday 11:00am</p>,,https://www.latinmass.com/find-latin-mass,2026-05-18T15:02:38.874520
Centro de Misa de Córdoba,"C. Ángel de Saavedra, 2, Centro, 14003 Córdoba, Spain",,,,37.8827,-4.780122,<p>Monday after the 1st Sunday of the month: 7:00am</p>,SSPX,SSPX,https://laportelatine.org/carte,,,<p>Monday after the 1st Sunday of the month: 7:00am</p>,,https://www.latinmass.com/find-latin-mass,2026-05-18T15:02:38.874520
St Gilles Chapel,"1353 Anc. Chem. de Mons, 30100 Alès, France",,,,44.125291,4.109734,<p>6pm Sunday high mass 3 Mondays per month: 8:30 a.m.</p>,SSPX,SSPX,https://laportelatine.org/lieux/sorgues/ales,,,<p>6pm Sunday high mass 3 Mondays per month: 8:30 a.m.</p>,https://media.mapme.com/places/251e2ff2-9ec2-46e4-9689-edaafd838696/gallery/ef5644c4-7349-413e-9f38-e42a12fd7819.hd,https://www.latinmass.com/find-latin-mass,2026-05-18T15:02:38.874520
Maria Rosenkranzkönigin,"Kesselsdorfer Str. 90A, 01159 Dresden, Germany",,,,51.042899,13.686798,<p>2 Sundays per month at 10am or 4:30pm</p>,SSPX,SSPX,https://fsspx.today/chapel/dresden/informationen,,,<p>2 Sundays per month at 10am or 4:30pm</p>,https://media.mapme.com/places/a8e30f0a-d40b-45e9-b432-441a49da327f/gallery/c134ad13-f7ef-486a-997b-b7c69a0791f5.hd,https://www.latinmass.com/find-latin-mass,2026-05-18T15:02:38.874520
Kostel sv. Michaela,"Dlouhá 31, 431 86 Kovářská, Czechia",,,,50.440022,13.054744,<p>Sun 11 am; Thu 5 pm</p>,Diocesan,Diocesan,https://farnostvejprty.webnode.cz,,,<p>Sun 11 am; Thu 5 pm</p>,https://media.mapme.com/places/7ee3fcb8-3de7-452c-9425-e826c02cfb03/gallery/9fe2c21b-9303-45fe-806f-5b73b18e3504.hd,https://www.latinmass.com/find-latin-mass,2026-05-18T15:02:38.874520
Kostel Všech Svatých,"Kostelní nám. 1169/1, 431 91 Vejprty, Czechia",,,,50.494988,13.030294,<p>Sun + Mon 9 am; Wed + Fri 5 pm; 1st Sat 9:30 am</p>,Diocesan,Diocesan,https://farnostvejprty.webnode.cz,,,<p>Sun + Mon 9 am; Wed + Fri 5 pm; 1st Sat 9:30 am</p>,https://media.mapme.com/places/95cfa6f4-37b2-4720-80ff-5cb0939b6aef/gallery/6c77e2ec-31a5-4bac-99b4-499a4697d870.hd,https://www.latinmass.com/find-latin-mass,2026-05-18T15:02:38.874520
Springfield Missouri Traditional Latin Mass,"847 S Holland Ave, Springfield, Missouri 65806, USA",,,,37.198379,-93.285794,<p>Sun 8:00am</p>,Other,Other,https://www.facebook.com/TLMSGFMO?mibextid=ZbWKwL,,,<p>Sun 8:00am</p>,https://media.mapme.com/places/274d1e64-75c0-4c2c-9375-46ab85fbfd02/gallery/717a889d-5fb1-46f2-b88b-eb8817e8af55.hd,https://www.latinmass.com/find-latin-mass,2026-05-18T15:02:38.874520
St Leonhard,"Aalener Str. 2, 73525 Schwäbisch Gmünd, Germany",,,,48.803559,9.808468,"<p>Sun 8am, 9:30am (High)</p>",FSSP,FSSP,https://petrusbruderschaft.de/pages/wo-wir-sind/deutschland/niederlassungen/stuttgart/home.php,,,"<p>Sun 8am, 9:30am (High)</p>",,https://www.latinmass.com/find-latin-mass,2026-05-18T15:02:38.874520
Mutter vom Guten Rat,"Fischergasse 12, 73525 Schwäbisch Gmünd, Germany",,,,48.80202,9.795335,<p>Sun 5pm</p>,SSPX,SSPX,https://fsspx.today/chapel/gmuend/informationen,,,<p>Sun 5pm</p>,https://media.mapme.com/places/00d845bf-0bf7-4b07-9368-45b9127b45a6/gallery/abd02ea8-9602-41f9-96d8-073033e13cce.hd,https://www.latinmass.com/find-latin-mass,2026-05-18T15:02:38.874520
Hl. Kreuz,"Im Staudfuß 9, 72770 Reutlingen, Germany",,,,48.494741,9.171084,<p>Sun 9am; Fri 6:45pm; Sat 7:30am</p>,SSPX,SSPX,https://fsspx.today/chapel/reutlingen/informationen,,,<p>Sun 9am; Fri 6:45pm; Sat 7:30am</p>,https://media.mapme.com/places/7330edba-058c-4e0d-b1a1-05286512fa35/gallery/bf6e00fb-78e7-4228-90d8-ab92176c9f5f.hd,https://www.latinmass.com/find-latin-mass,2026-05-18T15:02:38.874520
Mariä Himmelfahrt,"Dornbirner Str. 3, 70469 Stuttgart, Germany",,,,48.811881,9.16712,"<p>Sun 7:30am, 9:30am (High), 5:30pm; Mon - Sat 7:15am; Mon, Thu + Fri 6pm</p>",SSPX,SSPX,https://fsspx.today/chapel/stuttgart/informationen,,,"<p>Sun 7:30am, 9:30am (High), 5:30pm; Mon - Sat 7:15am; Mon, Thu + Fri 6pm</p>",https://media.mapme.com/places/4c456ed0-7695-4389-b3a4-7dac7ea60bd4/gallery/21c0a77b-6603-44fd-82c0-2113de17b62f.hd,https://www.latinmass.com/find-latin-mass,2026-05-18T15:02:38.874520
St Elisabeth,"Friedegasse 9, 99428 Hopfgarten, Germany",,,,50.98697,11.22145,<p>Sun 11am or 5pm (see website)</p>,SSPX,SSPX,https://fsspx.today/chapel/weimar/informationen,,,<p>Sun 11am or 5pm (see website)</p>,https://media.mapme.com/places/3b0cb014-eeb3-4807-af1d-cf971d69d107/gallery/48b7e170-d3c3-4e3a-81da-5e5aa04d83a9.hd,https://www.latinmass.com/find-latin-mass,2026-05-18T15:02:38.874520
St Josef,"Bürgermeister-Neff-Straße 15, 68519 Viernheim, Germany",,,,49.52814,8.569734,<p>Sun 6pm</p>,SSPX,SSPX,https://fsspx.de/de/viernheim-%E2%80%93-kapelle-sankt-josef,,,<p>Sun 6pm</p>,,https://www.latinmass.com/find-latin-mass,2026-05-18T15:02:38.874520
St Athanasius,"Schulstraße 7, 65795 Hattersheim am Main, Germany",,,,50.068349,8.488104,"<p>Sun 8am, 10am (High); Thu + Fri 6pm; Sat 8am</p>",SSPX,SSPX,https://fsspx.de/de/hattersheim-st-athanasius,,,"<p>Sun 8am, 10am (High); Thu + Fri 6pm; Sat 8am</p>",,https://www.latinmass.com/find-latin-mass,2026-05-18T15:02:38.874520
St Christophorus,"Brunnenstraße 16, 65618 Selters (Taunus), Germany",,,,50.335055,8.224126,<p>1st Sun 11am</p>,Diocesan,Diocesan,,,,<p>1st Sun 11am</p>,https://media.mapme.com/places/5a31296c-501d-4b6d-a638-f0550446e28a/gallery/8086f84c-f2f1-4059-a1ea-0c0816c17066.hd,https://www.latinmass.com/find-latin-mass,2026-05-18T15:02:38.874520
St Anna,"Diezer Str. 5, 65556 Limburg an der Lahn, Germany",,,,50.394593,8.038529,<p>1st + 3rd Fri 7pm</p>,Diocesan,Diocesan,,,,<p>1st + 3rd Fri 7pm</p>,https://media.mapme.com/places/8bffb86b-e0d9-452d-8cf0-3d5b471ebaf5/gallery/a62f5c05-6e96-4fdf-a433-9b3886b507dd.hd,https://www.latinmass.com/find-latin-mass,2026-05-18T15:02:38.874520
Maria von der Immerwährenden Hilfe,"Horaser Weg 99, 36039 Fulda, Germany",,,,50.56157,9.66317,"<p>1st, 2nd, 4th + 5th Sun 9:30am; 3rd Sun 5pm; 1st Fri 6pm; 1st Sat 9am; 2nd-5th Sat 8am</p>",SSPX,SSPX,https://fsspx.de/de/fulda-%E2%80%93-%E2%80%9Emutter-von-der-immerwahrenden-hilfe,,,"<p>1st, 2nd, 4th + 5th Sun 9:30am; 3rd Sun 5pm; 1st Fri 6pm; 1st Sat 9am; 2nd-5th Sat 8am</p>",https://media.mapme.com/places/2760a9b0-4153-4d98-b315-a2297cb05121/gallery/a5595b9a-6032-469e-816b-baca1df1392b.hd,https://www.latinmass.com/find-latin-mass,2026-05-18T15:02:38.874520
Maria Rosenberg,"Rosenbergstraße 20, 67714 Waldfischbach-Burgalben, Germany",,,,49.274442,7.644548,<p>1st Sun 6:30pm</p>,Diocesan,Diocesan,https://maria-rosenberg.de,,,<p>1st Sun 6:30pm</p>,https://media.mapme.com/places/63cfc350-6455-4be0-9ba1-c077b797ffb7/gallery/2d2e1d83-52fd-484f-83d0-d33557c387c5.hd,https://www.latinmass.com/find-latin-mass,2026-05-18T15:02:38.874520
St Laurentius,"Jägerstraße 16, 67105 Schifferstadt, Germany",,,,49.377325,8.377384,<p>Sat 9am</p>,Diocesan,Diocesan,https://www.pfarrei-schifferstadt.de,,,<p>Sat 9am</p>,https://media.mapme.com/places/917fdb7c-b8c1-45db-a1f6-f70d63092363/gallery/7a917772-5077-45a9-a090-292b445a77b2.hd,https://www.latinmass.com/find-latin-mass,2026-05-18T15:02:38.874520
Hl. Familie,"Mandelring 36, 67433 Neustadt an der Weinstraße, Germany",,,,49.361616,8.137925,<p>Sun 8:30am; 10am (High); Fri 6pm; Sat 8am</p>,SSPX,SSPX,https://fsspx.de/de/neustadt-%E2%80%93-kapelle-heilige-familie,,,<p>Sun 8:30am; 10am (High); Fri 6pm; Sat 8am</p>,https://media.mapme.com/places/3f1e640b-1a93-4706-81a4-9c8ef48c5db0/gallery/a1bde462-a622-4067-8ba5-8b66ed3c8dc5.hd,https://www.latinmass.com/find-latin-mass,2026-05-18T15:02:38.874520
St. Josef,"Kaiserstraße 126, 66386 St. Ingbert, Germany",,,,49.280759,7.118148,<p>Sat 9am</p>,FSSP,FSSP,,,,<p>Sat 9am</p>,,https://www.latinmass.com/find-latin-mass,2026-05-18T15:02:38.874520
St Antoniushaus,"Neunkircher Str. 71, 66780 Rehlingen-Siersburg, Germany",,,,49.341728,6.589188,<p>Sun 9am; Mon-Sat 6:45am</p>,SSPX,SSPX,https://www.antoniushaus-niedaltdorf.de,,,<p>Sun 9am; Mon-Sat 6:45am</p>,https://media.mapme.com/places/679eb55d-0de2-482f-b7c7-cdfabfa534dc/gallery/a2ac3dc0-3f14-4fb8-b15a-9d35a1e3eb4f.hd,https://www.latinmass.com/find-latin-mass,2026-05-18T15:02:38.874520
Mariä Heimsuchung,"Bahnhofsweg 6, 56073 Koblenz, Germany",,,,50.35027,7.55852,<p>Sun 9:30am; Fri 6pm; Sat 8am</p>,SSPX,SSPX,https://fsspx.de/de/koblenz-%E2%80%93-kapelle-mariae-heimsuchung,,,<p>Sun 9:30am; Fri 6pm; Sat 8am</p>,https://media.mapme.com/places/3eaa9209-f48c-4f9d-825f-649f8769895b/gallery/06dad041-c8c5-477e-bdb1-16e8a06c08d9.hd,https://www.latinmass.com/find-latin-mass,2026-05-18T15:02:38.874520
St Matthias,"Ruwerer Str. 25A, 54292 Trier, Germany",,,,49.776626,6.692768,<p>Sun 9:30am; 1st Sat 6pm</p>,SSPX,SSPX,https://fsspx.de/de/trier-%E2%80%93-kapelle-hl-matthias,,,<p>Sun 9:30am; 1st Sat 6pm</p>,https://media.mapme.com/places/6be3e752-005f-4e51-aa6f-4ff7a8f19149/gallery/e28993eb-d703-4e7e-a3af-bd1cb7207d4e.hd,https://www.latinmass.com/find-latin-mass,2026-05-18T15:02:38.874520
St Maria zu den Engeln,"Julius-Kiefer-Straße 11, 66119 Saarbrücken, Germany",,,,49.219051,7.01338,"<p>Sun 7:45am, 9:30am (High), 6pm; Mon-Sat 7am; Tue, Thu + Fri 6pm; Wed 11am</p>",SSPX,SSPX,https://fsspx.de/de/saarbrucken-%E2%80%93-priorat-st-maria-zu-den-engeln,,,"<p>Sun 7:45am, 9:30am (High), 6pm; Mon-Sat 7am; Tue, Thu + Fri 6pm; Wed 11am</p>",https://media.mapme.com/places/b984d49b-58fa-430e-b09a-fd13d0713c73/gallery/5c3799d0-26f8-4da3-aef5-a71f6d3b41d4.hd,https://www.latinmass.com/find-latin-mass,2026-05-18T15:02:38.874520
Maria vom Rosenkranz,"Kapuzinerstraße 75, 94032 Passau, Germany",,,,48.571153,13.481322,<p>Sun 9:15am</p>,SSPX,SSPX,https://fsspx.de/de/passau-%E2%80%93-rosenkranzkapelle,,,<p>Sun 9:15am</p>,,https://www.latinmass.com/find-latin-mass,2026-05-18T15:02:38.874520
Maria Immaculata,"Zaitzkofen 15, 84069 Schierling, Germany",,,,48.83726,12.21109,"<p>Sun 8am, 10am (Solemn); Mon-Sat 7:15am, 5:15 am</p>",SSPX,SSPX,https://fsspx.de/de/zaitzkofen-priorat-und-priesterseminar-herz-jesu,,,"<p>Sun 8am, 10am (Solemn); Mon-Sat 7:15am, 5:15 am</p>",https://media.mapme.com/places/4315cd45-5c95-44f3-bd17-dc766a105f7c/gallery/ed385e01-38ad-460f-a3f5-2069cc79613e.hd,https://www.latinmass.com/find-latin-mass,2026-05-18T15:02:38.874520
Maria Hilfe der Christen,"Sankt-Vinzenz-Straße 2, 53809 Ruppichteroth, Germany",,,,50.841267,7.43618,"<p>Sun 8am, 10am (High); Mon-Sat 6:35 am; Wed 5:50pm</p>",SSPX,SSPX,https://fsspx.de/de/schonenberg-st-theresien-gymnasium,,,"<p>Sun 8am, 10am (High); Mon-Sat 6:35 am; Wed 5:50pm</p>",https://media.mapme.com/places/699b73af-fdda-47d1-a7ec-f78e2779e656/gallery/79cc19d3-e3b3-4af6-813f-13de3fb28366.hd,https://www.latinmass.com/find-latin-mass,2026-05-18T15:02:38.874520
Hll. Drei Könige,"Steinmetzstraße 34, 51103 Köln, Germany",,,,50.942604,7.008989,<p>Sun 10:30am (High); Wed 6:30pm</p>,SSPX,SSPX,https://fsspx.de/de/koln-%E2%80%93-kapelle-heilige-drei-konige,,,<p>Sun 10:30am (High); Wed 6:30pm</p>,https://media.mapme.com/places/ee7a17fe-d1ba-4627-afd1-6c447efc5103/gallery/1db0816d-7577-4f4f-9fc3-d6f7c3237363.hd,https://www.latinmass.com/find-latin-mass,2026-05-18T15:02:38.874520
Christkönig,"Kaiser-Karl-Ring 36, 53111 Bonn, Germany",,,,50.746033,7.091462,"<p>Sun 8am, 10am (High); Mon-Fri 7:15 am; Tue, Thu+Fri 6pm; Sat 8am</p>",SSPX,SSPX,https://fsspx.de/de/bonn-das-priorat-christkonig,,,"<p>Sun 8am, 10am (High); Mon-Fri 7:15 am; Tue, Thu+Fri 6pm; Sat 8am</p>",https://media.mapme.com/places/ab7f5aab-28c7-4895-8fd8-65f6095e779a/gallery/4560cbae-dd10-4cd6-baf4-73743561e9e4.hd,https://www.latinmass.com/find-latin-mass,2026-05-18T15:02:38.874520
Guter Hirte,"Am Nordbahnhof 20, 59555 Lippstadt, Germany",,,,51.679691,8.340544,<p>Sun 9:30am or 5:30pm</p>,SSPX,SSPX,https://fsspx.de/de/lippstadt-kapelle-vom-guten-hirten,,,<p>Sun 9:30am or 5:30pm</p>,https://media.mapme.com/places/d7a4a4c6-1183-4f5e-9262-32e4ce7a78f7/gallery/e927da4f-457d-4a24-b20f-1ba6ab212c3b.hd,https://www.latinmass.com/find-latin-mass,2026-05-18T15:02:38.874520
Parroquia San Juan Bautista de la Merced,"Caseros 857, A4400 Salta, Argentina",,,,-24.789846,-65.414498,<p>Sun 9:00am&nbsp;</p>,Diocesan,Diocesan,https://www.facebook.com/pquia.lamercedsalta/,,,<p>Sun 9:00am&nbsp;</p>,,https://www.latinmass.com/find-latin-mass,2026-05-18T15:02:38.874520
Escuela Inmaculado Corazón de María,"Bosque Alegre, Anisacate, Córdoba, Argentina",,,,-31.699273,-64.400668,<p>Sun 8:00am (Sung Mass)</p>,SSPX,SSPX,https://www.fsspx-sudamerica.org/es/capillas,,,<p>Sun 8:00am (Sung Mass)</p>,https://media.mapme.com/places/7e0a456a-f4e6-4000-839f-221a8c2af6e2/gallery/2b62bf51-7384-4fd0-b2c5-49084c99b658.hd,https://www.latinmass.com/find-latin-mass,2026-05-18T15:02:38.874520
Centro de Misa de Achiras,"Vieja Ruta Provincial E86, Córdoba, Argentina",,,,-33.203691,-64.999495,<p>Third Sunday: 1:00pm</p>,SSPX,SSPX,https://www.fsspx-sudamerica.org/es/capillas,,,<p>Third Sunday: 1:00pm</p>,https://media.mapme.com/places/bab5b4db-66c5-4ede-8f9c-b3e16cf78a45/gallery/7d324149-8a0a-4536-bf2e-791aa82947ae.hd,https://www.latinmass.com/find-latin-mass,2026-05-18T15:02:38.874520
Priorato de los Sagrados Corazones,"Sucre & El Maestro, La Reja, Provincia de Buenos Aires, Argentina",,,,-34.660486,-58.855708,"<p>Sunday (at spiritual retreat house) 11:00am (Low or Sung Mass); 7:00pm (Low Mass), Monday-Tuesday-Thursday 8:30am and 7:00pm. Monday to Friday (ay school´s oratory) 7:00am</p>",SSPX,SSPX,,,,"<p>Sunday (at spiritual retreat house) 11:00am (Low or Sung Mass); 7:00pm (Low Mass), Monday-Tuesday-Thursday 8:30am and 7:00pm. Monday to Friday (ay school´s oratory) 7:00am</p>",,https://www.latinmass.com/find-latin-mass,2026-05-18T15:02:38.874520
Centro de Misa de Gonnet,"Cam. Parque Centenario 2922, B1897EXL Gonnet, Provincia de Buenos Aires, Argentina",,,,-34.881639,-58.008431,<p>First and Third Sunday: 10:30 am</p>,SSPX,SSPX,https://www.fsspx-sudamerica.org/es/capillas,,,<p>First and Third Sunday: 10:30 am</p>,,https://www.latinmass.com/find-latin-mass,2026-05-18T15:02:38.874520
Capilla San Benito,"Francia, Provincia de Buenos Aires, Argentina",,,,-37.365449,-59.129434,<p>First Friday: 6:30pm First Saturday: 6:30pm First Sunday: 10:00am Third Sunday: 7:00pm</p>,SSPX,SSPX,https://www.fsspx-sudamerica.org/es/capillas,,,<p>First Friday: 6:30pm First Saturday: 6:30pm First Sunday: 10:00am Third Sunday: 7:00pm</p>,https://media.mapme.com/places/67c5f1cb-a6f6-4392-8c0f-b899222ed18b/gallery/e83fa7ae-9b6a-458b-a6d7-ec28684658a0.hd,https://www.latinmass.com/find-latin-mass,2026-05-18T15:02:38.874520
Kirche Sankt Leonhard,"Leonhardiweg, 83131 Nußdorf am Inn, Germany",,,,47.740729,12.153306,"<p>Monday 7:00pm</p><p>For more info visit<br><span style=""font-size: 1rem; color: rgba(var(--v-theme-on-surface),var(--v-high-emphasis-opacity));""><a href=""http://www.sankt-sebastian.at/seiten/nussdorf.html"">http://www.sankt-sebastian.at/seiten/nussdorf.html</a></span></p>",FSSP,FSSP,,,,"<p>Monday 7:00pm</p><p>For more info visit<br><span style=""font-size: 1rem; color: rgba(var(--v-theme-on-surface),var(--v-high-emphasis-opacity));""><a href=""http://www.sankt-sebastian.at/seiten/nussdorf.html"">http://www.sankt-sebastian.at/seiten/nussdorf.html</a></span></p>",https://media.mapme.com/places/5909a23f-e829-439e-a795-67ab6a08e71c/gallery/01750cf5-75b6-4133-ba62-bda0abd274e7.hd,https://www.latinmass.com/find-latin-mass,2026-05-18T15:02:38.874520
St Peter und Paul,"Dietrich-Bonhoeffer-Platz, 04416 Markkleeberg, Germany",,,,51.282794,12.369436,<p>Check website for Mass times</p>,Diocesan,Diocesan,https://missatridentina-leipzig.blogspot.com/p/hl-messen-in-markkleeberg.html?m=1,,,<p>Check website for Mass times</p>,,https://www.latinmass.com/find-latin-mass,2026-05-18T15:02:38.874520
St Gabriel,"Georg-Herwegh-Straße 22, 04158 Leipzig, Germany",,,,51.3983,12.383094,<p>Check website for Mass times</p>,Diocesan,Diocesan,https://missatridentina-leipzig.blogspot.com/p/hl-messen-in-leipzig-gohlis.html?m=1,,,<p>Check website for Mass times</p>,,https://www.latinmass.com/find-latin-mass,2026-05-18T15:02:38.874520
Sv. Michaela archanděla,"Dlouhá 31, 431 86 Kovářská, Czechia",,,,50.440022,13.054744,<p>Sun 11:00am; Thur 5:00pm</p>,Diocesan,Diocesan,https://farnostvejprty.webnode.cz/,,,<p>Sun 11:00am; Thur 5:00pm</p>,,https://www.latinmass.com/find-latin-mass,2026-05-18T15:02:38.874520
Holy Family Parish,"763 E Main St, Little Falls, New York 13365, USA",,,,43.043687,-74.852518,<p>Sunday 12 pm</p>,Diocesan,Diocesan,https://holyfamilylittlefalls.org,,,<p>Sunday 12 pm</p>,https://media.mapme.com/places/f6dab56f-ebf1-48ae-8d14-a2c5ec1fa311/gallery/fa209047-445e-485c-94cf-cde979ba1085.hd,https://www.latinmass.com/find-latin-mass,2026-05-18T15:02:38.874520
St Francis of Assisi,"2200 S I-35 Frontage Rd, Austin, Texas 78704, USA",,,,30.235276,-97.741559,<p>2nd &amp; 4th Sunday 4:00pm</p>,SSPX,SSPX,https://sspx.org/en/community/priories/st-francis-assisi-mission-459,,,<p>2nd &amp; 4th Sunday 4:00pm</p>,https://media.mapme.com/places/6b69c2de-af66-4b41-8977-f7c5a349bba3/gallery/fbb21481-baa8-42d4-a6de-5a35c3821e38.hd,https://www.latinmass.com/find-latin-mass,2026-05-18T15:02:38.874520
St Mary,"8422 S Main St, Evans Mills, New York 13637, USA",,,,44.085083,-75.808316,<p>9:00 Fridays</p>,Diocesan,Diocesan,https://rivercatholics.org,,,<p>9:00 Fridays</p>,https://media.mapme.com/places/16e69889-6286-49a0-9b07-1659d4fcba55/gallery/6228b8b9-2cec-442e-a730-18bd31e98d70.hd,https://www.latinmass.com/find-latin-mass,2026-05-18T15:02:38.874520
Maria-Hilf-Kapelle,"Kutschenweg 5, 76287 Rheinstetten, Germany",,,,48.965359,8.334536,<p>Second Sundays 10:30 am</p>,Diocesan,Diocesan,,,,<p>Second Sundays 10:30 am</p>,https://media.mapme.com/places/32b3028c-f733-4f5f-be74-b40fbae08cdf/gallery/7e4dd869-105d-41dd-8a25-64d0e0cd48c3.hd,https://www.latinmass.com/find-latin-mass,2026-05-18T15:02:38.874520
Terrazas Funeral Chapel,"1 Fort Bayard Rd, Santa Clara, New Mexico 88026, USA",,,,32.783233,-108.154394,<p>Sunday 9:00 AM Low Mass</p>,SSPX,SSPX,https://www.ourladyofguadalupemonastery.com/mass-events,,,<p>Sunday 9:00 AM Low Mass</p>,https://media.mapme.com/places/03e5ba72-fb6c-4ea3-9b82-c5ecd4a97a88/gallery/4f854e82-4db4-4432-b20b-207b415e1eb5.hd,https://www.latinmass.com/find-latin-mass,2026-05-18T15:02:38.874520
St Wenceslaus,"703 Main St, Milligan, Nebraska 68406, USA",,,,40.50165,-97.389372,"<p>Sundays 12:00pm except 2nd Sunday when held at St Stephen in Exeter, NE</p>",Diocesan,Diocesan,https://www.lincolndiocese.org/directory/parishes/750-st-wenceslaus-milligan,,,"<p>Sundays 12:00pm except 2nd Sunday when held at St Stephen in Exeter, NE</p>",https://media.mapme.com/places/85e969fc-a56b-43d3-8aa0-ee155917ec47/gallery/eb91f0da-ebce-4137-9f06-d002588876e6.hd,https://www.latinmass.com/find-latin-mass,2026-05-18T15:02:38.874520
St Stephen,"207 N Union Ave, Exeter, Nebraska 68351, USA",,,,40.647577,-97.452123,"<p>2nd Sunday 12:00pm;&nbsp; all other Sundays held at St Wenceslaus in&nbsp;Milligan, NE</p>",Diocesan,Diocesan,https://www.lincolndiocese.org/directory/parishes/703-st-stephen-exeter,,,"<p>2nd Sunday 12:00pm;&nbsp; all other Sundays held at St Wenceslaus in&nbsp;Milligan, NE</p>",https://media.mapme.com/places/470564fd-bd66-4f8b-82be-13ee16a850fb/gallery/7ffe182a-f702-4e53-8e49-e2ff96b8dfb8.hd,https://www.latinmass.com/find-latin-mass,2026-05-18T15:02:38.874520
Ardee - Sisters Adorers of the Royal Heart of Jesus Christ Sovereign Priest,"Moorehall Rise, Dawsonsdemesne, Co. Louth, Ireland",,,,53.852006,-6.529519,<p>Sunday Low Mass 8am High Mass 10:30am; Monday-Thursday 8am; Friday 5pm; Saturday 8am; First Saturdays 5pm</p>,Institute of Christ the King,ICKSP,https://adoratrices.icrss.org/en/contact,,,<p>Sunday Low Mass 8am High Mass 10:30am; Monday-Thursday 8am; Friday 5pm; Saturday 8am; First Saturdays 5pm</p>,https://media.mapme.com/places/929a1674-c880-49f8-9eec-7e5bf8d92269/gallery/b3fc0515-8b4f-4cd3-bed9-a90e496bfc25.hd,https://www.latinmass.com/find-latin-mass,2026-05-18T15:02:38.874520
St Bonifatius,"Bottroper Str. 295, 45356 Essen, Germany",,,,51.483844,6.975097,"<p>Sun 8am, 10am (High); Mon-Fri 7:15am; Tue+Fri 5:45pm; Wed 6:30am</p>",SSPX,SSPX,https://fsspx.de/de/essen-–-priorat-st-bonifatius,,,"<p>Sun 8am, 10am (High); Mon-Fri 7:15am; Tue+Fri 5:45pm; Wed 6:30am</p>",https://media.mapme.com/places/a9b8eab7-3fe7-46fc-89e1-7c6ab79f9f0a/gallery/6fc6d80e-8d33-4796-9f03-2f1e7bb37477.hd,https://www.latinmass.com/find-latin-mass,2026-05-18T15:02:38.874520
Venerável Ordem Terceira do Carmo,"Av. Rangel Pestana, 230 - Brás, São Paulo - SP, 01017-000, Brazil",,,,-23.550562,-46.631106,"<p>Sunday 9:00am, 11:30am; Weekly 10:00am, 11:30am; Saturday: 9:00am, 10:30am</p>",Other,Other,https://ordemterceira.com.br,,,"<p>Sunday 9:00am, 11:30am; Weekly 10:00am, 11:30am; Saturday: 9:00am, 10:30am</p>",https://media.mapme.com/places/021c175b-d688-4202-9598-5a704f0154ae/gallery/f3cadd5e-bd79-4dcf-9bce-bd2a65f156e4.hd,https://www.latinmass.com/find-latin-mass,2026-05-18T15:02:38.874520
Kirche St Mauritius,"Niederwil 30, 6330 Cham, Switzerland",,,,47.211619,8.446951,"<p>Sonn- und Feiertag: 7.45 Uhr Frühmesse / 9.30 Uhr Hochamt Montag, Dienstag und Donnerstag: 18.45 Uhr Mittwoch: 8 Uhr Freitag: 19.30 Uhr Samstag: 17 Uhr</p>",FSSP,FSSP,https://www.pfarrei-cham.ch/,,,"<p>Sonn- und Feiertag: 7.45 Uhr Frühmesse / 9.30 Uhr Hochamt Montag, Dienstag und Donnerstag: 18.45 Uhr Mittwoch: 8 Uhr Freitag: 19.30 Uhr Samstag: 17 Uhr</p>",https://media.mapme.com/places/8834fe0c-9fc0-4f74-82fa-d05d729bc8e6/gallery/86dfec7c-b9a2-44ce-b379-d714a707fd04.hd,https://www.latinmass.com/find-latin-mass,2026-05-18T15:02:38.874520
Kapelle St Meinrad,"Städtchen, 8730 Uznach, Switzerland",,,,47.225126,8.985628,"<p>Sonntags ab 9.15 Uhr: Rosenkranz und Beichtgelegenheit, 10.00 Uhr: Heilige Messe. Freitags: 18.45 Uhr</p>",SSPX,SSPX,https://fsspx.ch/de/uznach-kapelle-st-meinrad-32001,,,"<p>Sonntags ab 9.15 Uhr: Rosenkranz und Beichtgelegenheit, 10.00 Uhr: Heilige Messe. Freitags: 18.45 Uhr</p>",https://media.mapme.com/places/23624e43-579a-4806-9659-e6c970114a63/gallery/52bb17da-0f5d-4e44-8637-e918cca56c05.hd,https://www.latinmass.com/find-latin-mass,2026-05-18T15:02:38.874520
Kirche St Antonius,"Flurstrasse 10, 8132 Egg, Switzerland",,,,47.299144,8.68631,<p>19:00 Uhr jeden dritten Donnerstag im Monat</p>,Diocesan,Diocesan,https://www.kath-egg-maur.ch/de/,,,<p>19:00 Uhr jeden dritten Donnerstag im Monat</p>,https://media.mapme.com/places/2d0b209a-88f6-4a9f-9b96-2765b790878e/gallery/ec7fbdfa-f892-416e-b32d-c80ef84fcd19.hd,https://www.latinmass.com/find-latin-mass,2026-05-18T15:02:38.874520
St Rocco,"18 3rd St, Glen Cove, New York 11542, USA",,,,40.854478,-73.6177,<p>Sunday 11:30am</p>,Other,Other,https://www.glencovecatholic.org/rocco,,,<p>Sunday 11:30am</p>,https://media.mapme.com/places/59a0f6d0-5b3c-4926-a78a-3aa94fbc6c8b/gallery/f8f22cc4-1367-49dc-81b0-662108031efa.hd,https://www.latinmass.com/find-latin-mass,2026-05-18T15:02:38.874520
St Catherine of Siena,"439 Boston Post Rd, Weston, Massachusetts 02493, USA",,,,42.367484,-71.301318,<p><br></p>,SSPX,SSPX,https://www.stcatherineofsienasspx.com/,,,<p><br></p>,https://media.mapme.com/places/a0b446db-798c-4675-b2a4-c802c7f947cc/gallery/61911d06-0c4a-4d31-83c6-8bf4d55c3b65.hd,https://www.latinmass.com/find-latin-mass,2026-05-18T15:02:38.874520
Iglesia del Inmaculado y doloroso corazón de María,"Talavera de La Reina 430, 7570146 Las Condes, Región Metropolitana, Chile",,,,-33.410694,-70.546537,"<p>Sunday 9:00, 11:00 (High Mass) and 19:00; Monday 19:00, Tuesday - Friday 07:15 am and 19:00; Saturday 12 noon and 19:00</p>",SSPX,SSPX,https://cristiandad.cl/,,,"<p>Sunday 9:00, 11:00 (High Mass) and 19:00; Monday 19:00, Tuesday - Friday 07:15 am and 19:00; Saturday 12 noon and 19:00</p>",https://media.mapme.com/places/cb10a328-ebd8-4248-a76c-f9c1f2c7b95d/gallery/05240ada-27c1-4072-85a9-5d369bc3634b.hd,https://www.latinmass.com/find-latin-mass,2026-05-18T15:02:38.874520
Convento de las Dominicas de Porta Coeli,"C. de Teresa Gil, 8, 47002 Valladolid, Spain",,,,41.651541,-4.726307,<p>1st &amp; 3rd Sunday 7pm</p>,Institute of Christ the King,ICKSP,https://icrss.es/santa-misa-horarios/,,,<p>1st &amp; 3rd Sunday 7pm</p>,https://media.mapme.com/places/e5fb156d-8e4d-4660-b9c7-46949708a832/gallery/ed4c7045-bd0b-4ea3-9083-e5d6f8b3df84.hd,https://www.latinmass.com/find-latin-mass,2026-05-18T15:02:38.874520
Iglesia de San Sebastián,"Pl. San Sebastián, 5, 40001 Segovia, Spain",,,,40.949256,-4.117917,<p>2nd Sunday 6pm</p>,Institute of Christ the King,ICKSP,https://icrss.es/santa-misa-horarios/,,,<p>2nd Sunday 6pm</p>,https://media.mapme.com/places/96b35e6a-69cd-4043-aac7-ac4c850f1a8d/gallery/3eca3a74-2ff4-4043-8498-ac1e08c011ba.hd,https://www.latinmass.com/find-latin-mass,2026-05-18T15:02:38.874520
Iglesia de San Benito,"Pl. de San Benito, 37002 Salamanca, Spain",,,,40.963696,-5.666037,<p>2nd &amp; 4th Sundays: 5:45pm</p>,SSPX,SSPX,https://www.fsspx.es/es/misas-en-salamanca-febrero-de-2024,,,<p>2nd &amp; 4th Sundays: 5:45pm</p>,https://media.mapme.com/places/d8cbc513-38b5-46a0-8847-76803afeeafe/gallery/f7d6e2bb-e636-44f9-a73f-1d5609800662.hd,https://www.latinmass.com/find-latin-mass,2026-05-18T15:02:38.874520
Capilla San José,"Antonio Zinny 2063, B1757PKC Gregorio de Laferrere, Provincia de Buenos Aires, Argentina",,,,-34.722892,-58.600452,<p>Sunday 10am (Low Mass)</p>,SSPX,SSPX,https://fsspx-sudamerica.org/es/capillas,,,<p>Sunday 10am (Low Mass)</p>,https://media.mapme.com/places/06e0bd97-379b-4a40-b38d-8ba40b014a1a/gallery/36c487ac-6d8c-46d2-8d5f-ed92d1ec575f.hd,https://www.latinmass.com/find-latin-mass,2026-05-18T15:02:38.874520
Chapel of San Juan de Luz,"Deán Funes, Cno. a S. Benito 4000, Dique Luján, Provincia de Buenos Aires, Argentina",,,,-34.3794,-58.717897,"<p>Sunday 9am (Low Mass), 10:30am (High Mass); Monday-Friday 7:45am, 7pm</p>",Diocesan,Diocesan,https://www.quenotelacuenten.org/misas/,,,"<p>Sunday 9am (Low Mass), 10:30am (High Mass); Monday-Friday 7:45am, 7pm</p>",https://media.mapme.com/places/0b8fcd17-eae2-4139-bf5a-291830c19193/gallery/bba86e88-3583-4410-933b-f6237689296c.hd,https://www.latinmass.com/find-latin-mass,2026-05-18T15:02:38.874520
Our Lady Co-Redemptrix Seminary,"Antofagasta 4000, B1745GQD La Reja, Provincia de Buenos Aires, Argentina",,,,-34.659891,-58.84772,"<p>Sunday 7:15am, 8:30am (Low Mass) 10am (Solemn Mass); Monday-Saturday 7:15am, 11:30am, 5:30pm</p>",SSPX,SSPX,https://lareja.fsspx.org/es,,,"<p>Sunday 7:15am, 8:30am (Low Mass) 10am (Solemn Mass); Monday-Saturday 7:15am, 11:30am, 5:30pm</p>",https://media.mapme.com/places/771c4f8c-40c6-4aa3-9db7-dc1cc8ef93f2/gallery/03516b71-9d82-4dca-9e2e-776f203a8935.hd,https://www.latinmass.com/find-latin-mass,2026-05-18T15:02:38.874520
Priorato de los Sagrados Corazones,"El Maestro, La Reja, Provincia de Buenos Aires, Argentina",,,,-34.671878,-58.844997,<p>Sunday 11am; 7pm. Monday - Saturday 7pm</p>,SSPX,SSPX,https://fsspx-sudamerica.org/es/capillas,,,<p>Sunday 11am; 7pm. Monday - Saturday 7pm</p>,,https://www.latinmass.com/find-latin-mass,2026-05-18T15:02:38.874520
St. Matthew,"701 Church St, Flint, Michigan 48502, USA",,,,43.012871,-83.691706,<p>Sun 12:00 PM High Mass; 1st Saturday 9:00 AM Low Mass </p>,Diocesan,Diocesan,https://www.stmatthewflint.org/,,,<p>Sun 12:00 PM High Mass; 1st Saturday 9:00 AM Low Mass </p>,https://media.mapme.com/places/36e17b02-c116-4da1-ae45-187c743c5b09/gallery/0089ec8d-cc85-4a77-a47e-bda5de7360e3.hd,https://www.latinmass.com/find-latin-mass,2026-05-18T15:02:38.874520
Mission Our Lady of the Blessed Sacrament,"500 Wildcat Dr, Portland, Texas 78374, USA",,,,27.873939,-97.319634,"<p>Sunday 4:30PM 2nd, 3rd, 4th, and last Sunday (not the 1st Sunday)</p>",SSPX,SSPX,https://fsspx.today/chapel/tx-corpus-christi/,,,"<p>Sunday 4:30PM 2nd, 3rd, 4th, and last Sunday (not the 1st Sunday)</p>",,https://www.latinmass.com/find-latin-mass,2026-05-18T15:02:38.874520
Kaple Královny posvátného růžence,"26, Faměrovo nám. 11, 618 00 Brno-Černovice, Czechia",,,,49.175583,16.639572,"<p>All Sundays - 10.00am (Sung), All Tuesdays - 18:00 (Low)</p>",SSPX,SSPX,https://fsspx.today/chapel/brno-e/,,,"<p>All Sundays - 10.00am (Sung), All Tuesdays - 18:00 (Low)</p>",https://media.mapme.com/places/c8db512a-9b8b-4ac7-a64f-26bf977db956/gallery/0d9465a8-5aa4-4fc4-8e8d-d13cc342526f.hd,https://www.latinmass.com/find-latin-mass,2026-05-18T15:02:38.874520
Dům sv. Hedviky,"Kostelní 440, 793 76 Zlaté Hory-Zlaté Hory v Jeseníkách, Czechia",,,,50.262612,17.397631,"<p>2nd, 4th and 5th Sundays – 10.00am (Sung)</p>",SSPX,SSPX,https://fsspx.cz,,,"<p>2nd, 4th and 5th Sundays – 10.00am (Sung)</p>",,https://www.latinmass.com/find-latin-mass,2026-05-18T15:02:38.874520
Priorato Rafael Guizar y Valencia,"Ote. 24 43, Centro, 94390 Orizaba, Ver., Mexico",,,,18.840133,-97.097489,<p>Lunes a sábado:7:15 1er sábado: 18:45 hrs. Domingo 11:00 hrs. Monday to Saturday 7:15 hrs. First Saturday 18:45 hrs. Sunday 11:00 hrs</p>,SSPX,SSPX,https://fsspx.mx/es/priorato-rafael-guizar-y-valencia-30830,,,<p>Lunes a sábado:7:15 1er sábado: 18:45 hrs. Domingo 11:00 hrs. Monday to Saturday 7:15 hrs. First Saturday 18:45 hrs. Sunday 11:00 hrs</p>,https://media.mapme.com/places/3e3244c4-8149-487b-9d4c-f5567dab23d0/gallery/5630d66e-44ab-4e86-bd44-55a62b4c5864.hd,https://www.latinmass.com/find-latin-mass,2026-05-18T15:02:38.874520
St Sebastiano,"Via S. Francesco, 26, 57123 Livorno LI, Italy",,,,43.549071,10.306051,"<p>Sundays &amp; Holy Days 8:30am, 11am (High); Mon 7pm; Tue to Fri 8:30am, 7pm; Sat 8:30am, 11am</p>",Institute of Christ the King,ICKSP,https://www.icrss.it/livorno/,,,"<p>Sundays &amp; Holy Days 8:30am, 11am (High); Mon 7pm; Tue to Fri 8:30am, 7pm; Sat 8:30am, 11am</p>",https://media.mapme.com/places/107b6cad-71ea-4006-ac50-43756ce68f3c/gallery/9d13f5bc-2d9d-4793-8fb5-1d1bcc1a213e.hd,https://www.latinmass.com/find-latin-mass,2026-05-18T15:02:38.874520
St. Judas Thaddäus,"St.-Judas-Thaddäus-Weg 1, 63839 Kleinwallstadt, Germany",,,,49.854684,9.179307,"<p>Sundays &amp; Holy Days 7:30am, 9:30am (High); Mon, Tue, Thu &amp; Fri 6pm; Wed &amp; Sat 7:15am</p>",SSPX,SSPX,https://fsspx.de/de/priorat-st-judas-thaddaus,,,"<p>Sundays &amp; Holy Days 7:30am, 9:30am (High); Mon, Tue, Thu &amp; Fri 6pm; Wed &amp; Sat 7:15am</p>",https://media.mapme.com/places/905a2d9d-81e7-4159-adc9-6403fb938538/gallery/d60086ea-db10-45d3-8fc8-d7c4ee7cb04c.hd,https://www.latinmass.com/find-latin-mass,2026-05-18T15:02:38.874520
Maria Rosenkranzkönigin,"Litscherweg 2, 88662 Überlingen, Germany",,,,47.771675,9.157885,<p>Sundays &amp; Feast Days 9:30am (High); Mon 7am; Fri 6pm; Sat 8am; 1st Thu 6pm</p>,SSPX,SSPX,https://fsspx.de/de/uberlingen-–-kirche-rosenkranzkonigin,,,<p>Sundays &amp; Feast Days 9:30am (High); Mon 7am; Fri 6pm; Sat 8am; 1st Thu 6pm</p>,,https://www.latinmass.com/find-latin-mass,2026-05-18T15:02:38.874520
St Christophorus,"Maienfeld 5, 88477 Schwendi, Germany",,,,48.225642,10.023901,"<p>Sundays &amp; Feast Days 7:30am, 9:30am (High); Mon to Sat 7am; Tue, Thu + 1st Fri 6:30pm</p>",SSPX,SSPX,https://seniorenheim-weihungszell.de/,,,"<p>Sundays &amp; Feast Days 7:30am, 9:30am (High); Mon to Sat 7am; Tue, Thu + 1st Fri 6:30pm</p>",,https://www.latinmass.com/find-latin-mass,2026-05-18T15:02:38.874520
St Antonius von Padua,"Wiechertstraße 2B, 79114 Freiburg im Breisgau, Germany",,,,48.009958,7.811328,"<p>Sundays &amp; Feast Days 8:30am, 10:15am (High); Tue 7pm; Thu 6pm</p>",SSPX,SSPX,https://fsspx.de/de/freiburg-–-kapelle-st-antonius-von-padua,,,"<p>Sundays &amp; Feast Days 8:30am, 10:15am (High); Tue 7pm; Thu 6pm</p>",https://media.mapme.com/places/a16720bc-f350-4d8a-8863-6ea2272aa9d0/gallery/e87f2e5e-cc90-4de2-b4a8-c7196b6d18ba.hd,https://www.latinmass.com/find-latin-mass,2026-05-18T15:02:38.874520
Mariä Verkündigung,"Lienberg 61, 78713 Schramberg, Germany",,,,48.239295,8.416076,"<p>Sundays &amp; Feast Days 9am (High); Fri 7pm; 1st Sat 7pm, 2nd-5th Sat 7:30am</p>",SSPX,SSPX,https://fsspx.de/de/schramberg-–-kirche-mariae-verkundigung,,,"<p>Sundays &amp; Feast Days 9am (High); Fri 7pm; 1st Sat 7pm, 2nd-5th Sat 7:30am</p>",,https://www.latinmass.com/find-latin-mass,2026-05-18T15:02:38.874520
St Konrad,"Pfaffenweilerstraße 10, 78052 Villingen-Schwenningen, Germany",,,,48.030453,8.455818,<p>1st + 3rd Sunday 10am</p>,Diocesan,Diocesan,https://www.kath-kirche-villingen.de/,,,<p>1st + 3rd Sunday 10am</p>,https://media.mapme.com/places/699f555d-9613-4b96-8786-2adbc7c383f0/gallery/f6cbb556-5a31-4f62-a6b1-39e7ba9b03b9.hd,https://www.latinmass.com/find-latin-mass,2026-05-18T15:02:38.874520
St Konrad,"Werderstraße 2, 77654 Offenburg, Germany",,,,48.466199,7.954829,<p>Sundays &amp; Feast Days 8am (High); Wed 7pm</p>,SSPX,SSPX,https://fsspx.de/de/offenburg-–-kapelle-st-konrad,,,<p>Sundays &amp; Feast Days 8am (High); Wed 7pm</p>,https://media.mapme.com/places/4395691a-5e6c-4325-8913-01075a08dbbf/gallery/9debb8c4-66c2-443f-97c1-f9c05061d84b.hd,https://www.latinmass.com/find-latin-mass,2026-05-18T15:02:38.874520
Herz Jesu,"Pappelweg 75, 76275 Ettlingen, Germany",,,,48.952232,8.383229,"<p>Sundays &amp; Feast Days 8am, 9:30am (High); Fri 6:30pm; 1st Sat 6pm, 2nd-5th 7:45am</p>",SSPX,SSPX,https://fsspx.de/de/ettlingen-karlsruhe-–-kapelle-herz-jesu,,,"<p>Sundays &amp; Feast Days 8am, 9:30am (High); Fri 6:30pm; 1st Sat 6pm, 2nd-5th 7:45am</p>",https://media.mapme.com/places/dd945f30-b07a-46c5-ae78-43426d2aad58/gallery/9e79045c-ac2b-4e3e-b1a6-5a9c14006fe3.hd,https://www.latinmass.com/find-latin-mass,2026-05-18T15:02:38.874520
Chapel of Our Lady of Lourdes,"2770 Rte du Lac, 39220 Les Rousses, France",,,,46.510038,6.091948,<p>Sunday Mass: 10:00 a.m.</p>,SSPX,SSPX,https://laportelatine.org/lieux/les-rousses,,,<p>Sunday Mass: 10:00 a.m.</p>,https://media.mapme.com/places/b1324a9e-112f-45c7-bd6e-1563cc575dc2/gallery/d4f4c09f-098d-4de5-96ee-804f083d7019.hd,https://www.latinmass.com/find-latin-mass,2026-05-18T15:02:38.874520
"Our Lady Help of Christians, Star of the Sea  and Priory","1 Peel St, Jolimont WA 6014, Australia",,,,-31.947329,115.808111,<p>Sunday 730am Low Mass</p>,SSPX,SSPX,https://sspx.au/en,,,<p>Sunday 730am Low Mass</p>,https://media.mapme.com/places/854e2ab4-8450-440c-9342-eecd81d9f975/gallery/87f00356-c70c-480e-92de-b79672b72947.hd,https://www.latinmass.com/find-latin-mass,2026-05-18T15:02:38.874520
Notre-Dame-des-Airs,"13 Av. Alfred Belmontet, 92210 St-Cloud, France",,,,48.855173,2.217015,<p>Sunday 9:30 am (High Mass)</p>,Diocesan,Diocesan,https://paroissestcloud.fr/notre-dame-des-airs/,,,<p>Sunday 9:30 am (High Mass)</p>,https://media.mapme.com/places/c7da0bfd-81c8-46e7-ae06-695df5667e87/gallery/50a27b8f-08f7-48e5-b543-dd7f18d96a2c.hd,https://www.latinmass.com/find-latin-mass,2026-05-18T15:02:38.874520
Capilla San Miguel Arcángel,"Valdepeña, Ampliacion Chapultepec, 22870 Ensenada, B.C., Mexico",,,,31.86628,-116.636813,<p>Sunday Visits approximately every other month. <br>Tel. 33 / 38 25 33 54 <br>Email: pri.sanatanasio@fsspx.mx</p>,SSPX,SSPX,https://fsspx.mx/es/capilla-san-miguel-arcangel-ensenada-32238,,,<p>Sunday Visits approximately every other month. <br>Tel. 33 / 38 25 33 54 <br>Email: pri.sanatanasio@fsspx.mx</p>,https://media.mapme.com/places/7a1f65d5-bb3b-425b-b801-57d7c07199c3/gallery/212c319e-80b6-424e-b5d1-6b15148b0974.hd,https://www.latinmass.com/find-latin-mass,2026-05-18T15:02:38.874520
St Pie X,"16 Rue du Vaugueux, 14000 Caen, France",,,,49.185805,-0.359503,<p>Sundays &amp; Feast Days 9:00am &amp; 10:30am (High); Mon to Fri 6:30pm<br></p>,SSPX,SSPX,https://laportelatine.org/lieux/gavrus/caen,,,<p>Sundays &amp; Feast Days 9:00am &amp; 10:30am (High); Mon to Fri 6:30pm<br></p>,https://media.mapme.com/places/da5facbe-6175-4b40-9d93-cef15a2f229f/gallery/a893bd48-ebc1-4b18-80c4-d1c3b1dd70cb.hd,https://www.latinmass.com/find-latin-mass,2026-05-18T15:02:38.874520
Ste Famille,"St-Ursin, 50320 St-Jean-des-Champs, France",,,,48.800447,-1.440055,"<p>Sundays &amp; Feast Days: 10:30am, in July &amp; August: 8am</p>",SSPX,SSPX,https://laportelatine.org/lieux/gavrus/St-ursin,,,"<p>Sundays &amp; Feast Days: 10:30am, in July &amp; August: 8am</p>",https://media.mapme.com/places/b88419f4-8eb0-472a-adfa-05afc06b9148/gallery/f6bb172e-e55d-4144-96c5-564fe7bfd124.hd,https://www.latinmass.com/find-latin-mass,2026-05-18T15:02:38.874520
Sts Peter and Paul,"St Peter and Paul Pl, Centre, Cork, Ireland",,,,51.898833,-8.474751,"<p>Sunday: 12 Noon (Missa Cantata) — Holy days and Solemnities: 7 P.M. (Missa Cantata) (Varies, best to check parish website)</p>",Diocesan,Diocesan,https://www.Stspeterandpauls.ie,,,"<p>Sunday: 12 Noon (Missa Cantata) — Holy days and Solemnities: 7 P.M. (Missa Cantata) (Varies, best to check parish website)</p>",https://media.mapme.com/places/f6f5b01e-bdab-4a1a-9878-1e041f415e5f/gallery/949911d0-72e7-435e-b049-07edf7edaca3.hd,https://www.latinmass.com/find-latin-mass,2026-05-18T15:02:38.874520
Dubai Mission,Dubai - United Arab Emirates,,,,25.204849,55.270783,"<p>Home Mass monthly, except for in July-August</p>",SSPX,SSPX,https://fsspx.asia/en/community/priories,,,"<p>Home Mass monthly, except for in July-August</p>",https://media.mapme.com/places/226700c4-b474-4bae-8772-940215e57115/gallery/38dbbaad-cb52-43f4-b7ce-fd6b49e17950.hd,https://www.latinmass.com/find-latin-mass,2026-05-18T15:02:38.874520
St Joseph,"293 Stuart St, Sarnia, ON N7T 3B9, Canada",,,,42.964186,-82.40048,"<p>2nd Friday 7:00pm (High Mass)<br><a href=""http://www.sarniacatholic.ca/"">MORE INFO</a></p>",Diocesan,Diocesan,,,,"<p>2nd Friday 7:00pm (High Mass)<br><a href=""http://www.sarniacatholic.ca/"">MORE INFO</a></p>",https://media.mapme.com/places/1ca55da4-1fe8-4508-b98b-ee96fd8c8e26/gallery/4a774100-235a-4f39-b01d-fd86eed2df57.hd,https://www.latinmass.com/find-latin-mass,2026-05-18T15:02:38.874520
"Holy Family, Saginaw","1525 S Washington Ave, Saginaw, Michigan 48601, USA",,,,43.416643,-83.950075,<p>Sun 3:00pm (High Mass)</p>,Diocesan,Diocesan,https://holyfamilysaginaw.org/,,,<p>Sun 3:00pm (High Mass)</p>,https://media.mapme.com/places/35a25ae3-4752-4806-96d2-f50106221aa5/gallery/f300649e-ceb5-4f9e-a78f-b686463ff645.hd,https://www.latinmass.com/find-latin-mass,2026-05-18T15:02:38.874520
"St Mary Star of the Sea, Jackson","120 E Wesley St, Jackson, Michigan 49201, USA",,,,42.244904,-84.404401,<p>Sun 1:00pm (High Mass)</p>,Diocesan,Diocesan,https://stmaryjackson.com/,,,<p>Sun 1:00pm (High Mass)</p>,https://media.mapme.com/places/09d07b22-5816-4073-b946-f3f3b01b1085/gallery/b5b7805b-7d67-42cb-8473-1f3442031baf.hd,https://www.latinmass.com/find-latin-mass,2026-05-18T15:02:38.874520
"St Thomas the Apostle, Ann Arbor","530 Elizabeth St, Ann Arbor, Michigan 48104, USA",,,,42.285087,-83.741454,<p>Sun 11:30</p>,Diocesan,Diocesan,https://sta2.org/,,,<p>Sun 11:30</p>,https://media.mapme.com/places/ff84e747-2f07-4204-94d6-fd6b95409f82/gallery/28963cc3-8336-4e56-a526-02df25c41620.hd,https://www.latinmass.com/find-latin-mass,2026-05-18T15:02:38.874520
Archdiocesan Shrine Chapel of St John Paul II,"3535 Commerce Rd, West Bloomfield Township, Michigan 48324, USA",,,,42.595134,-83.358611,"<p>Sun 9:00 AM High Mass</p><p><a href=""http://www.sscms.edu/"">MORE INFO</a></p>",Diocesan,Diocesan,,,,"<p>Sun 9:00 AM High Mass</p><p><a href=""http://www.sscms.edu/"">MORE INFO</a></p>",https://media.mapme.com/places/a64befe2-af3f-4eda-9aa1-3c521d1c0b1d/gallery/95fb485c-1c4a-421d-bd7f-78c01035ebe3.hd,https://www.latinmass.com/find-latin-mass,2026-05-18T15:02:38.874520
St Joseph Shrine,"1828 Jay St, Detroit, Detroit, Michigan, 48207",,,,42.345439,-83.035687,"Sunday 7:00am (L), 9:00am (L), 11:00am (H); Weekdays 8:00am, 7:00pm; W 12:00; F 7:00pm",Institute of Christ the King,ICKSP,https://institute-christ-king.org/detroit,,,"Sunday 7:00am (L), 9:00am (L), 11:00am (H); Weekdays 8:00am, 7:00pm; W 12:00; F 7:00pm",https://media.mapme.com/places/030786e8-b00a-482e-b776-6b6bce4f4288/gallery/937b4fbe-ee2a-4a85-9541-3fe74b620c27.hd,https://www.latinmass.com/find-latin-mass,2026-05-18T15:02:38.874520
St Martin’s Chapel,"1521 Sherman St, Sturgis, South Dakota 57785, USA",,,,44.413874,-103.517811,<p>2nd &amp; 4th Sundays 4pm</p>,FSSP,FSSP,https://www.fssp-rapidcity.org/,,,<p>2nd &amp; 4th Sundays 4pm</p>,https://media.mapme.com/places/4b65f78c-49b0-4a84-a129-943886966a69/gallery/8fa8bc12-9fee-4080-824d-38a600e7bed4.hd,https://www.latinmass.com/find-latin-mass,2026-05-18T15:02:38.874520
Maria Mutter vom Großen Sieg,"Keltenstraße 9, 86343 Königsbrunn, Germany",,,,48.288063,10.89043,<p>Sunday 9:00am (High); Friday 6:00pm; Saturday 7:30am</p>,SSPX,SSPX,https://fsspx.today/chapel/koenigsbrunn/informationen/,,,<p>Sunday 9:00am (High); Friday 6:00pm; Saturday 7:30am</p>,https://media.mapme.com/places/2a91db8f-8290-4254-8842-94d0a5df083e/gallery/adc98fe0-9b19-4f6c-b515-919a742f6d19.hd,https://www.latinmass.com/find-latin-mass,2026-05-18T15:02:38.874520
Christkönig,"Rohrstrasse 7, 8952 Schlieren, Switzerland",,,,47.403737,8.446041,<p>Sun 9:30am (High); Fri 7:15pm; 1st Sat 8:00am</p>,SSPX,SSPX,https://fsspx.ch/de/schlieren-christkoenigskapelle-32005,,,<p>Sun 9:30am (High); Fri 7:15pm; 1st Sat 8:00am</p>,https://media.mapme.com/places/3712a657-03fd-489f-b46c-a55c83e7992a/gallery/0081cb77-cd74-48d5-a283-0ed870f8d399.hd,https://www.latinmass.com/find-latin-mass,2026-05-18T15:02:38.874520
Herz Jesu,"Schwamendingenstrasse 55, 8050 Zürich, Switzerland",,,,47.406795,8.551898,<p>Sun 5:00pm; Mon &amp; Fri 7:00pm</p>,FSSP,FSSP,https://www.personalpfarrei.ch/,,,<p>Sun 5:00pm; Mon &amp; Fri 7:00pm</p>,,https://www.latinmass.com/find-latin-mass,2026-05-18T15:02:38.874520
Exerzitienhaus Porta Cæli,"Tannenäckerle 2, 78730 Lauterbach, Germany",,,,48.231026,8.338656,<p>Mass only during retreats</p>,SSPX,SSPX,https://fsspx.de/de/content/3277,,,<p>Mass only during retreats</p>,https://media.mapme.com/places/6d41ab81-9f44-4104-a1ae-c907465a1344/gallery/a7cc9e24-3a07-4901-af79-fc3b2a19029e.hd,https://www.latinmass.com/find-latin-mass,2026-05-18T15:02:38.874520
Kapel van het bitter lijden,"Vaart 1, 6171 CW Stein, Netherlands",,,,50.974802,5.765563,,Diocesan,Diocesan,https://www.kapelstein.nl/index.html,,,,https://media.mapme.com/places/f1155846-abab-4d9d-aa16-aa0c05d945c0/gallery/b2750bb5-48f0-4174-8eb6-08fae786dc3d.hd,https://www.latinmass.com/find-latin-mass,2026-05-18T15:02:38.874520
Unsere Liebe Frau vom Berge Karmel,"Heßstraße 1, 3100 St. Pölten, Austria",,,,48.204382,15.621953,,Diocesan,Diocesan,https://www.prandtauerkirche.at/,,,,https://media.mapme.com/places/b42a287e-502d-402b-95df-da240ed14516/gallery/356e1515-e12c-41d4-8302-aa2f7dabc4c7.hd,https://www.latinmass.com/find-latin-mass,2026-05-18T15:02:38.874520
Kalvarienbergstraße 77,"Kalvarienbergstraße 77, 8020 Graz, Austria",,,,47.087308,15.418696,,SSPX,SSPX,,,,,,https://www.latinmass.com/find-latin-mass,2026-05-18T15:02:38.874520
St Leopold,"Wr. Str. 61, 2700 Wiener Neustadt, Austria",,,,47.818894,16.245484,"<p>Saturday 7:00pm<br><a href=""http://www.sankt-leopold.at/index.html"">Click for More Info</a></p>",FSSP,FSSP,,,,"<p>Saturday 7:00pm<br><a href=""http://www.sankt-leopold.at/index.html"">Click for More Info</a></p>",,https://www.latinmass.com/find-latin-mass,2026-05-18T15:02:38.874520
St Maria und Josef,"Kirchengasse 14, 2821 Lanzenkirchen, Austria",,,,47.741081,16.204889,"<p>Sunday &amp; Holy Day 11:00am; 1st Friday 7:00pm<br><a href=""http://www.sankt-leopold.at/index.html"">Click for More Info</a></p>",FSSP,FSSP,,,,"<p>Sunday &amp; Holy Day 11:00am; 1st Friday 7:00pm<br><a href=""http://www.sankt-leopold.at/index.html"">Click for More Info</a></p>",,https://www.latinmass.com/find-latin-mass,2026-05-18T15:02:38.874520
St Petrus Canisius,"Jaidhof 1, 3542 Jaidhof, Austria",,,,48.529122,15.486035,,SSPX,SSPX,https://fsspx.today/chapel/a-jaidhof/info/,,,,,https://www.latinmass.com/find-latin-mass,2026-05-18T15:02:38.874520
St Leonhard,"Kirchenpl. 1, 4542 Nußbach, Austria",,,,47.971874,14.164098,,Diocesan,Diocesan,https://www.dioezese-linz.at/nussbach,,,,https://media.mapme.com/places/b3019466-7b4a-4b70-8bee-656f9a3c7708/gallery/5d286426-e2f0-4375-839f-46768bdbf7da.hd,https://www.latinmass.com/find-latin-mass,2026-05-18T15:02:38.874520
Sankt-Antonius 1,"Sankt-Antonius 1, 6421 Rietz, Austria",,,,47.282282,11.034266,<p>Sunday &amp; Holy Day 10:00am</p>,Diocesan,Diocesan,,,,<p>Sunday &amp; Holy Day 10:00am</p>,https://media.mapme.com/places/25f2b86d-1a7c-4437-b0dc-6752b49788fe/gallery/50c8a18d-0484-4f55-a940-73cd5314760d.hd,https://www.latinmass.com/find-latin-mass,2026-05-18T15:02:38.874520
Kirchstraße 36a,"Kirchstraße 36a, 6900 Bregenz, Austria",,,,47.499697,9.746666,<p>Sunday &amp; Holy Day 7:00pm</p>,Diocesan,Diocesan,,,,<p>Sunday &amp; Holy Day 7:00pm</p>,https://media.mapme.com/places/d114a444-7605-4903-98e5-2adb6dc7e142/gallery/ef81a186-7d18-49b0-99f1-d2100857d6b1.hd,https://www.latinmass.com/find-latin-mass,2026-05-18T15:02:38.874520
Doktor-Robert-Graf-Straße 40a,"Doktor-Robert-Graf-Straße 40a, 8010 Graz, Austria",,,,47.06363,15.46962,<p>Monday 8:00am; Tuesday 6:30 pm; Wednesday to Saturday 8:00am</p>,Diocesan,Diocesan,https://graz-waltendorf.graz-seckau.at/,,,<p>Monday 8:00am; Tuesday 6:30 pm; Wednesday to Saturday 8:00am</p>,,https://www.latinmass.com/find-latin-mass,2026-05-18T15:02:38.874520
St Pius X,"Schillinghofstraße 4, 5023 Salzburg, Austria",,,,47.81537,13.068852,,SSPX,SSPX,https://fsspx.today/chapel/salzburg/info/,,,,https://media.mapme.com/places/f9ceaadf-01f7-4ec8-bf0e-8e7e94366303/gallery/7ebf7946-7115-481a-bb1f-0b2e9c826888.hd,https://www.latinmass.com/find-latin-mass,2026-05-18T15:02:38.874520
Maria Hilf,"Höttinger G. 14, 6020 Innsbruck, Austria",,,,47.270222,11.388252,,SSPX,SSPX,https://www.fsspx.at/de/innsbruck,,,,https://media.mapme.com/places/2df14bc8-6e12-46ef-9253-e98df7de477e/gallery/21925c32-2cb9-4fcb-856a-2ac24055fdb9.hd,https://www.latinmass.com/find-latin-mass,2026-05-18T15:02:38.874520
Glasberg 9,"Glasberg 9, 83059 Kolbermoor, Germany",,,,47.852466,12.058811,<p>Sunday &amp; Holy Day 9:00am (High); Monday 8:30am; Friday 6:00pm; 1st Saturday 8:00am</p>,SSPX,SSPX,,,,<p>Sunday &amp; Holy Day 9:00am (High); Monday 8:30am; Friday 6:00pm; 1st Saturday 8:00am</p>,https://media.mapme.com/places/00d825c0-dc4a-4e22-8118-78fa003a1f95/gallery/0ff1f9da-74d4-40b9-84f1-506b1d6fec20.hd,https://www.latinmass.com/find-latin-mass,2026-05-18T15:02:38.874520
Hll. Vierzehn Nothelfer,"Brettbuschgasse 4, 87600 Kaufbeuren, Germany",,,,47.911609,10.628984,,SSPX,SSPX,https://fsspx.de/de/kaufbeuren-neugablonz-–-kapelle-hl-14-nothelfer,,,,,https://www.latinmass.com/find-latin-mass,2026-05-18T15:02:38.874520
Teramostraße 2A,"Teramostraße 2A, 87700 Memmingen, Germany",,,,48.005397,10.163942,"<p>Sunday &amp; Holy Day 7:30am, 9:30am (High); 6:00pm; Monday 7:30am, 6:30pm; Tuesday to Friday 7:15am; Friday additional Mass at 6:30pm; Saturday 7:30am</p>",SSPX,SSPX,,,,"<p>Sunday &amp; Holy Day 7:30am, 9:30am (High); 6:00pm; Monday 7:30am, 6:30pm; Tuesday to Friday 7:15am; Friday additional Mass at 6:30pm; Saturday 7:30am</p>",https://media.mapme.com/places/4841b1b4-c610-4a4f-9541-44855fadc231/gallery/8758bd48-89a3-4a8a-b529-7a975bba8d01.hd,https://www.latinmass.com/find-latin-mass,2026-05-18T15:02:38.874520
St Burkhard,"u. Johannitergasse 3, 97070 Würzburg, Germany",,,,49.789987,9.92828,<p>Sunday &amp; Holy Day 10:00am or 4:00pm (check bulletin); 1st Friday 10:00am; 2nd-5th Friday 6:00pm</p>,SSPX,SSPX,https://fsspx.de/de/wurzburg-–-kapelle-st-burkhard,,,<p>Sunday &amp; Holy Day 10:00am or 4:00pm (check bulletin); 1st Friday 10:00am; 2nd-5th Friday 6:00pm</p>,,https://www.latinmass.com/find-latin-mass,2026-05-18T15:02:38.874520
An den Neißewiesen 91,"An den Neißewiesen 91, 02827 Görlitz, Germany",,,,51.125271,14.986295,<p>1st Sunday 10:30am (High)</p>,FSSP,FSSP,,,,<p>1st Sunday 10:30am (High)</p>,https://media.mapme.com/places/f6c8cfee-9a5e-4688-a820-1398e46741e9/gallery/b8dcc373-5238-4e18-a980-20256b3ba2ef.hd,https://www.latinmass.com/find-latin-mass,2026-05-18T15:02:38.874520
St Augustin,"Av. de Béthusy 78, 1012 Lausanne, Switzerland",,,,46.525496,6.650267,,FSSP,FSSP,https://www.fssp.ch/fr/lausanne.htm,,,,,https://www.latinmass.com/find-latin-mass,2026-05-18T15:02:38.874520
Rue du Grand-Bureau 15,"Rue du Grand-Bureau 15, 1227 Carouge, Switzerland",,,,46.190704,6.137797,"<p>Sunday &amp; Holy Day 10:30am (High), 6:30pm; Mon 7:30am; Tue 6:30pm; Wed 7:30am, 6:30pm; Thu 7:30am, 6:30pm; Fri 7:30am, 6:30pm; Sat 9:00am</p>",FSSP,FSSP,,,,"<p>Sunday &amp; Holy Day 10:30am (High), 6:30pm; Mon 7:30am; Tue 6:30pm; Wed 7:30am, 6:30pm; Thu 7:30am, 6:30pm; Fri 7:30am, 6:30pm; Sat 9:00am</p>",,https://www.latinmass.com/find-latin-mass,2026-05-18T15:02:38.874520
L'Institut à Reims,"79 Rue de Verdun, 51100 Reims, France",,,,49.266261,4.044163,<p>Saturday 10:30am ; Sunday 10:30am</p>,Institute of Christ the King,ICKSP,https://icrspfrance.fr/apostolats/reims,,,<p>Saturday 10:30am ; Sunday 10:30am</p>,https://media.mapme.com/places/218d8baa-e42a-4daf-9db0-25352a32b13a/gallery/b413e94b-83b5-4f1a-88d8-a2b060904814.hd,https://www.latinmass.com/find-latin-mass,2026-05-18T15:02:38.874520
St-Martin-de-Bréthencourt,"5 Pl. de l'Église, 78660 St-Martin-de-Bréthencourt, France",,,,48.509316,1.928317,<p>Dimanche : 09:00 Messe - 10:30 Grand'Messe</p>,FSSP,FSSP,,,,<p>Dimanche : 09:00 Messe - 10:30 Grand'Messe</p>,https://media.mapme.com/places/d9d6475d-e129-40ef-96df-40bb0d2553b6/gallery/ad7852b8-1afc-4237-a938-d376b065b6eb.hd,https://www.latinmass.com/find-latin-mass,2026-05-18T15:02:38.874520
"C/ de Guillem de Castro, 169","C/ de Guillem de Castro, 169, Extramurs, 46008 València, Valencia, Spain",,,,39.47847,-0.383826,,Diocesan,Diocesan,,,,,,https://www.latinmass.com/find-latin-mass,2026-05-18T15:02:38.874520
"No. 26, Lane 52, Dongnan St","No. 26, Lane 52, Dongnan St, East District, Hsinchu City, Taiwan 300",,,,24.7987,120.972563,<p>Second Saturday 4:30pm</p>,Other,Other,,,,<p>Second Saturday 4:30pm</p>,https://media.mapme.com/places/5969f460-c12a-410c-8966-18c89a3a0b61/gallery/75fa6adc-5f38-463f-8fa4-e724289e587c.hd,https://www.latinmass.com/find-latin-mass,2026-05-18T15:02:38.874520
Annunciation MonasteryPoor Clare Colettine Nuns,"6200 E Minooka Rd, Minooka, Illinois 60447, USA",,,,41.454858,-88.305934,<p>Poor Clare Colettine Nuns<br>Daily Pre-1955 Liturgy Mass at 7 a.m. Unless Otherwise Noted - The Public chapel is open everyday from 5am – 8pm<br></p>,FSSP,FSSP,https://www.poorclaresofjoliet.org/,,,<p>Poor Clare Colettine Nuns<br>Daily Pre-1955 Liturgy Mass at 7 a.m. Unless Otherwise Noted - The Public chapel is open everyday from 5am – 8pm<br></p>,https://media.mapme.com/places/496b45df-8449-4702-810e-4f4f1ca94101/gallery/87b5c78b-934b-45e1-8d0b-e9e2bbf2f439.hd,https://www.latinmass.com/find-latin-mass,2026-05-18T15:02:38.874520
48 Ball St,"48 Ball St, Port Jervis, New York 12771, USA",,,,41.373655,-74.690544,"<p>First Sunday 1:00pm (Low Mass); First Saturday 12:00pm (Low Mass, Chapel)</p>",Diocesan,Diocesan,,,,"<p>First Sunday 1:00pm (Low Mass); First Saturday 12:00pm (Low Mass, Chapel)</p>",https://media.mapme.com/places/973a03f5-a6db-48ec-a406-04086e77f60a/gallery/2f4c9227-806d-40cd-8175-6a7b7a050cf2.hd,https://www.latinmass.com/find-latin-mass,2026-05-18T15:02:38.874520
Our Lady of Perpetual Help,"1025 N 19th St, Cottage Grove, Oregon 97424, USA",,,,43.803063,-123.047996,,Diocesan,Diocesan,https://olphcg.net/,,,,,https://www.latinmass.com/find-latin-mass,2026-05-18T15:02:38.874520
Christ the King,"1 Hodgson St, East Greenmount QLD 4359, Australia",,,,-27.77862,151.940935,,SSPX,SSPX,https://australia247.info/redirect?to=http%3A%2F%2Fwww.sspx.com.au%2Fqueensland.html,,,,,https://www.latinmass.com/find-latin-mass,2026-05-18T15:02:38.874520
Infant Of Prague,"27-29 Toral Dr, Buderim QLD 4556, Australia",,,,-26.710121,153.053739,<span>Sunday 9:00am or 2:00pm</span>,SSPX,SSPX,https://sspx.au/en,,,<span>Sunday 9:00am or 2:00pm</span>,,https://www.latinmass.com/find-latin-mass,2026-05-18T15:02:38.874520
St Anne,"182 Pinnacle Dr, Rasmussen QLD 4815, Australia",,,,-19.34168,146.726715,,SSPX,SSPX,,,,,,https://www.latinmass.com/find-latin-mass,2026-05-18T15:02:38.874520
Église Notre Dame,"43 Rue Berthelot, 26000 Valence, France",,,,44.929756,4.897223,,FSSP,FSSP,,,,,,https://www.latinmass.com/find-latin-mass,2026-05-18T15:02:38.874520
"Notre Dame de la Rose, Montélimar","36 Av. St-Martin, 26200 Montélimar, France",,,,44.562771,4.754133,,FSSP,FSSP,,,,,,https://www.latinmass.com/find-latin-mass,2026-05-18T15:02:38.874520
Abbaye Notre Dame de Trior,"Chem. des Carnets, 26750 Triors, France",,,,45.095405,5.113144,,Other,Other,,,,,,https://www.latinmass.com/find-latin-mass,2026-05-18T15:02:38.874520
"Chapelle Ste-Marie, St Michel","4 Rue Charles Gounod, 38000 Grenoble, France",,,,45.181653,5.715782,,SSPX,SSPX,,,,,,https://www.latinmass.com/find-latin-mass,2026-05-18T15:02:38.874520
Chapelle Ste Bernadette,"51 Rue de Traynes, 65000 Tarbes, France",,,,43.229516,0.059806,,FSSP,FSSP,,,,,,https://www.latinmass.com/find-latin-mass,2026-05-18T15:02:38.874520
Chapelle de l'hospitalet,"3 Rue de Pau, 65100 Lourdes, France",,,,43.099463,-0.053969,,FSSP,FSSP,,,,,,https://www.latinmass.com/find-latin-mass,2026-05-18T15:02:38.874520
Église Ste Bernadette,"2me Impasse de, 2 Rue de la Parlette, 63000 Clermont-Ferrand, France",,,,45.777719,3.118442,,FSSP,FSSP,,,,,,https://www.latinmass.com/find-latin-mass,2026-05-18T15:02:38.874520
Église St Matthieu,"12 Rue Grande la Monnaie, 66100 Perpignan, France",,,,42.69671,2.892804,"<p>Dimanche 10h. Autres horaires en semaine.</p><p><a href=""http://cathedraleperpignan.fr/eglise-St-matthieu/"">Click for More Info</a></p><p><br></p>",FSSP,FSSP,,,,"<p>Dimanche 10h. Autres horaires en semaine.</p><p><a href=""http://cathedraleperpignan.fr/eglise-St-matthieu/"">Click for More Info</a></p><p><br></p>",,https://www.latinmass.com/find-latin-mass,2026-05-18T15:02:38.874520
St Anna,"Hauptstraße 25, 3372, Austria",,,,48.128292,14.988486,,Diocesan,Diocesan,https://www.blindenmarkt.dsp.at/pfarre/30242153,,,,,https://www.latinmass.com/find-latin-mass,2026-05-18T15:02:38.874520
Our Lady of the Holy Spirit,"364 2000 N, Bethany, Illinois 61914, USA",,,,39.696518,-88.744662,<p>Saturday 8:00am</p>,Diocesan,Diocesan,https://www.mtzolhs.org/,,,<p>Saturday 8:00am</p>,https://media.mapme.com/places/82f1abb2-429f-4ead-8e51-36480e6b0af1/gallery/baa1bdcf-d38b-487c-be18-23f572167a2a.hd,https://www.latinmass.com/find-latin-mass,2026-05-18T15:02:38.874520
Monasterio Corpus Christi,"C/ de Guillem de Castro, 169, Extramurs, 46008 València, Valencia, Spain",,,,39.47847,-0.383826,,Diocesan,Diocesan,https://misatradicionalvalencia.org/,,,,,https://www.latinmass.com/find-latin-mass,2026-05-18T15:02:38.874520
Our Lady of Songshan,"Section 5, Nanjing E Rd, Songshan District, Taipei City, Taiwan 105",,,,25.051337,121.563981,"<p>Sunday 6:00pm, High Mass Final Sunday of the month 6:00pm</p>",Diocesan,Diocesan,https://www.ourladysongshan.com/,,,"<p>Sunday 6:00pm, High Mass Final Sunday of the month 6:00pm</p>",,https://www.latinmass.com/find-latin-mass,2026-05-18T15:02:38.874520
Église Saint-Georges de Lyon,"Quai Fulchiron, 69005 Lyon, France",,,,45.755601,4.824309,"<p>Monday 9am, 6:30pm; Tuesday 9am, 6:30pm; Wednesday 7am, 9am, 6:30pm; Thursday 7am, 6:30pm; Friday 7am, 6:30pm; Saturday 9am, 11am; Sunday 8:30am, 10am High mass, 12am, 6:30pm</p>",Other,Other,https://eglisesaintgeorges.com/,,,"<p>Monday 9am, 6:30pm; Tuesday 9am, 6:30pm; Wednesday 7am, 9am, 6:30pm; Thursday 7am, 6:30pm; Friday 7am, 6:30pm; Saturday 9am, 11am; Sunday 8:30am, 10am High mass, 12am, 6:30pm</p>",https://media.mapme.com/places/fbd3e530-3f5a-4f0f-b192-ffc2b8003f83/gallery/b930ed2c-48ce-466f-a76f-79e4022b8393.hd,https://www.latinmass.com/find-latin-mass,2026-05-18T15:02:38.874520
Carmelite Monastery- Discalced Carmelite Nuns of Colorado,"6138 S Gallup St, Littleton, Colorado 80120, USA",,,,39.603699,-105.001206,,Other,Other,https://carmeliteslittleton.org/,,,,,https://www.latinmass.com/find-latin-mass,2026-05-18T15:02:38.874520
Irmandade Nossa Senhora do Carmo,"R. Rafael Rinaldi, 1485 - Martins, Uberlândia - MG, 38400-384, Brazil",,,,-18.907878,-48.291772,,Other,Other,https://irmandadedocarmo.org/,,,,,https://www.latinmass.com/find-latin-mass,2026-05-18T15:02:38.874520
St James the Great Parish,"92R7+JRX Cuenca corner, Ibaan St, Ayala Alabang, Muntinlupa, Kalakhang Maynila, Philippines",,,,14.391603,121.014623,"<p>1st and 3rd Sundays at 3:00 PM. For additional Masses on other days, please ask us at least a few days beforehand for its availability.</p>",Other,Other,,,,"<p>1st and 3rd Sundays at 3:00 PM. For additional Masses on other days, please ask us at least a few days beforehand for its availability.</p>",https://media.mapme.com/places/8df6996e-bc22-4941-a27f-f21bd02f9f43/gallery/d1735092-454a-4821-86bb-bf22663f3ee6.hd,https://www.latinmass.com/find-latin-mass,2026-05-18T15:02:38.874520
The Holy Face Chapel,"CH7X+4C7, Father Carlos Street, Baguio, 2600 Benguet, Philippines",,,,16.412788,120.59854,,Other,Other,https://www.instagram.com/tlmbaguio,,,,,https://www.latinmass.com/find-latin-mass,2026-05-18T15:02:38.874520
Convento de Santo Niño de Arevalo Parish,"Convento de Santo Niño de Arevalo Parish, Arroyo St, Villa Arevalo District, Iloilo City, 5000 Iloilo, Philippines",,,,10.687797,122.515395,,Other,Other,https://www.facebook.com/OLLBANATE?mibextid=LQQJ4d,,,,,https://www.latinmass.com/find-latin-mass,2026-05-18T15:02:38.874520
Penaflor Street,"Penaflor St, Tagbilaran City, Bohol, Philippines",,,,9.66742,123.855307,<p>Sundays 12:00NN | 1st Friday 4:30PM | 1st Saturday 3:00 PM | Special Masses 4:30 PM</p>,Other,Other,https://www.facebook.com/TLMSocietyOfTagbilaran?mibextid=ZbWKwL,,,<p>Sundays 12:00NN | 1st Friday 4:30PM | 1st Saturday 3:00 PM | Special Masses 4:30 PM</p>,,https://www.latinmass.com/find-latin-mass,2026-05-18T15:02:38.874520
Immaculate Conception Parish,"MQHW+5XP, Pan - Philippine Hwy, Baybay City, Leyte, Philippines",,,,10.677952,124.797446,,Other,Other,https://www.facebook.com/tlm.dioceseofmaasin?mibextid=9R9pXO,,,,,https://www.latinmass.com/find-latin-mass,2026-05-18T15:02:38.874520
St Michael The Archangel Parish,"Hindang, CPMG+JQC, Leyte, 6523 Leyte, Philippines",,,,10.434057,124.726901,<p>Every Sunday at 10:30</p>,Other,Other,,,,<p>Every Sunday at 10:30</p>,,https://www.latinmass.com/find-latin-mass,2026-05-18T15:02:38.874520
Sts Peter & Paul Parish,"96W2+978, Hinunangan, Southern Leyte, Philippines",,,,10.395908,125.200709,<p>Every Sunday at 12 noon</p>,Other,Other,,,,<p>Every Sunday at 12 noon</p>,https://media.mapme.com/places/0dd09f0a-1815-44ee-8e4f-0f3e52b6f42d/gallery/f9a24e32-2544-4df0-9773-d1f60efadc4e.hd,https://www.latinmass.com/find-latin-mass,2026-05-18T15:02:38.874520
St John the Baptist Parish,"758X+MX9, San Juan, Southern Leyte, Philippines",,,,10.266667,125.2,<p>Thursday 5PM</p>,Other,Other,,,,<p>Thursday 5PM</p>,,https://www.latinmass.com/find-latin-mass,2026-05-18T15:02:38.874520
"San Vicente Ferrer Parish  - Calulut, City of San Fernando, Pampanga","3JWX+3FP Centro, San Fernando, Pampanga, Philippines",,,,15.095361,120.648185,,Other,Other,https://www.facebook.com/LMSSF.PH,,,,,https://www.latinmass.com/find-latin-mass,2026-05-18T15:02:38.874520
Negros Occidental City Hall-Sugar Regulatory Administration,"JW5F+QFX, Negros South Road, Singcang, Bacolod, 6100 Negros Occidental, Philippines",,,,10.609489,122.923731,"<p><span>Sunday 11:00am<br><span>Mass at Our Lady of Compassion Chaplaincy, Bacolod City, has since moved to the NICAEA Retreat House, Brgy. Sum-ag</span></span></p>",Other,Other,https://www.facebook.com/NicaeaSalusAnimarum,,,"<p><span>Sunday 11:00am<br><span>Mass at Our Lady of Compassion Chaplaincy, Bacolod City, has since moved to the NICAEA Retreat House, Brgy. Sum-ag</span></span></p>",https://media.mapme.com/places/79a83216-1ac9-475f-b86c-cd3875339b9e/gallery/0701e6a3-722d-4d0d-9835-e80691b6fa95.hd,https://www.latinmass.com/find-latin-mass,2026-05-18T15:02:38.874520
Emmaus Monastery,"Vyšehradská 49/320, 128 00 Praha 2-Nové Město, Czechia",,,,50.072148,14.417274,,Other,Other,https://www.emauzy.cz/cz/index.php,,,,https://media.mapme.com/places/9bae3caa-da49-4550-9df1-bb3f33dd0a61/gallery/a7d950df-a5d1-4f80-9103-f72ba3ec629b.hd,https://www.latinmass.com/find-latin-mass,2026-05-18T15:02:38.874520
Kostel sv. Michala,"3, Školní nám. 207, 795 01 Rýmařov, Czechia",,,,49.93271,17.271864,"<p>2nd Tuesday of the month, 17:00, Low Mass<br>Click for More Info</p>",Diocesan,Diocesan,,,,"<p>2nd Tuesday of the month, 17:00, Low Mass<br>Click for More Info</p>",https://media.mapme.com/places/3a479113-a23a-49a3-b12e-ab86b4fdfa39/gallery/0b165f36-7a43-47e2-9a7a-0c3490737da6.hd,https://www.latinmass.com/find-latin-mass,2026-05-18T15:02:38.874520
Kostel Svatého Cyrila a Metoděje,"Tučapy 39, 687 09 Tučapy, Czechia",,,,49.048968,17.33344,,Diocesan,Diocesan,https://www.fara-tucapy.cz/,,,,,https://www.latinmass.com/find-latin-mass,2026-05-18T15:02:38.874520
Pyšel,"675 71 Pyšel-Náměšť nad Oslavou, Czechia",,,,49.250509,16.066439,"<p>Sung Mass 1st, 3rd and 5th Sunday at 10:00; 2nd and 4th Sunday of the month - 17:30, also sung Mass<br><a href=""http://fsspx.cz/"">Click for More Info</a></p>",SSPX,SSPX,,,,"<p>Sung Mass 1st, 3rd and 5th Sunday at 10:00; 2nd and 4th Sunday of the month - 17:30, also sung Mass<br><a href=""http://fsspx.cz/"">Click for More Info</a></p>",,https://www.latinmass.com/find-latin-mass,2026-05-18T15:02:38.874520
Dům techniky Pardubice spol. s. r. o.,"nám. Republiky 2686, 530 02 Pardubice-Pardubice I, Czechia",,,,50.037207,15.777058,"<p>2nd, 4rd and 5th Sunday - 10:00 - Sung Mass. 1st and 3rd Sunday - 17:30 - Sung Mass<br><a href=""fsspx.cz"">Click for More Info</a></p>",SSPX,SSPX,,,,"<p>2nd, 4rd and 5th Sunday - 10:00 - Sung Mass. 1st and 3rd Sunday - 17:30 - Sung Mass<br><a href=""fsspx.cz"">Click for More Info</a></p>",,https://www.latinmass.com/find-latin-mass,2026-05-18T15:02:38.874520
"Kaple sv. Cyrila, Metoděje a Gorazda s bratřími","78VW+Q8, 664 71 Braníškov-Veverská Bítýška, Czechia",,,,49.294438,16.345813,"<p>2nd and 4rd Sunday - 10:00 - Sung Mass. 1st, 3rd and 5th Sunday - 17:30 - Sung Mass<br><a href=""fsspx.cz"">Click for More Info</a></p>",SSPX,SSPX,,,,"<p>2nd and 4rd Sunday - 10:00 - Sung Mass. 1st, 3rd and 5th Sunday - 17:30 - Sung Mass<br><a href=""fsspx.cz"">Click for More Info</a></p>",https://media.mapme.com/places/16ab5e60-11ea-497a-ab7f-df28167edc56/gallery/47b78500-b8ab-4b20-9e35-4f5c9fb6d0e7.hd,https://www.latinmass.com/find-latin-mass,2026-05-18T15:02:38.874520
Dům Msgr. Marcela Lefebvra,"Farní 50, 373 82 Boršov nad Vltavou, Czechia",,,,48.921714,14.433628,"<p>1st and 3rd Sunday - 10:00 - Sung Mass. 2nd, 4rd and 5th Sunday - 17:30 - Sung Mass<br><a href=""fsspx.cz"">Click for More Info</a></p>",SSPX,SSPX,,,,"<p>1st and 3rd Sunday - 10:00 - Sung Mass. 2nd, 4rd and 5th Sunday - 17:30 - Sung Mass<br><a href=""fsspx.cz"">Click for More Info</a></p>",,https://www.latinmass.com/find-latin-mass,2026-05-18T15:02:38.874520
"Kaple sv. Eliáše, Žďár nad Sázavou","nám. Republiky 1485/7, 591 01 Žďár nad Sázavou-Žďár nad Sázavou 1, Czechia",,,,49.562854,15.94124,"<p>1st and 3rd Sunday - 10:00 - Sung Mass. 2nd, 4rd and 5th Sunday - 17:30 - Sung Mass. Saturday before 1st Sunday - 18:00<br>Click for More Info</p>",SSPX,SSPX,,,,"<p>1st and 3rd Sunday - 10:00 - Sung Mass. 2nd, 4rd and 5th Sunday - 17:30 - Sung Mass. Saturday before 1st Sunday - 18:00<br>Click for More Info</p>",https://media.mapme.com/places/9aa17ebc-36fc-4820-a08d-6bad17f6f662/gallery/93fc0a87-688e-4bda-8c36-5406d80464c1.hd,https://www.latinmass.com/find-latin-mass,2026-05-18T15:02:38.874520
Centrum sociálních služeb - malý sál,"Emilie Floriánové 1736/8, 466 01 Jablonec nad Nisou-Jablonec nad Nisou 1, Czechia",,,,50.725195,15.173083,"<p>1st Sunday of the month, sung Mass at 10:00<br>Click for More Info</p>",SSPX,SSPX,,,,"<p>1st Sunday of the month, sung Mass at 10:00<br>Click for More Info</p>",,https://www.latinmass.com/find-latin-mass,2026-05-18T15:02:38.874520
Kaple Krista Krále,"582 56 Věž, Czechia",,,,49.565121,15.459413,"<p>Thursday after 2nd Sunday of the month, 17:30, low Mass<br>Click for More Info</p>",SSPX,SSPX,,,,"<p>Thursday after 2nd Sunday of the month, 17:30, low Mass<br>Click for More Info</p>",https://media.mapme.com/places/b61eaef2-5cf3-4029-9bdf-a56360e75a02/gallery/d9e3c54a-57a0-4aec-9913-8ea0b95ec1e7.hd,https://www.latinmass.com/find-latin-mass,2026-05-18T15:02:38.874520
Église St Norbert,"Rue de la Dîme 81, 2000 Neuchâtel, Switzerland",,,,47.009829,6.963847,,FSSP,FSSP,https://fssp.ch/,,,,,https://www.latinmass.com/find-latin-mass,2026-05-18T15:02:38.874520
Volksgartenstraße 28,"Volksgartenstraße 28, 4020 Linz, Austria",,,,48.29516,14.290185,,SSPX,SSPX,https://fsspx.at/de/linz-kapelle-st-margareta-maria-alacoque-31278,,,,,https://www.latinmass.com/find-latin-mass,2026-05-18T15:02:38.874520
St Aloysius,"233 Balaclava Rd, Caulfield North VIC 3161, Australia",,,,-37.873299,145.025783,"<p>Daily | Sundays - 8am (Low), 10:30am (Solemn), 5pm (Low)</p>",Diocesan,Diocesan,,,,"<p>Daily | Sundays - 8am (Low), 10:30am (Solemn), 5pm (Low)</p>",https://media.mapme.com/places/c10b5905-3572-4669-9f6a-386a448ce737/gallery/8a24f64a-6315-4b5e-8a97-3e2f0945d517.hd,https://www.latinmass.com/find-latin-mass,2026-05-18T15:02:38.874520
Chapel of the Immaculate Conception,"Lorong Suria Inanam 1, 88400 Kota Kinabalu, Sabah, Malaysia",,,,6.000334,116.129867,,SSPX,SSPX,https://www.facebook.com/imankatolik/,,,,,https://www.latinmass.com/find-latin-mass,2026-05-18T15:02:38.874520
Paróquia Nossa Senhora da Piedade IBP,"R. Cabral, 546 - Rio Branco, Porto Alegre - RS, 90420-121, Brazil",,,,-30.033737,-51.202626,,Other,Other,https://www.missatridentina.com.br/rio-grande-do-sul/,,,,,https://www.latinmass.com/find-latin-mass,2026-05-18T15:02:38.874520
All Souls,"800 S Oak Ave, Sanford, Florida 32771, USA",,,,28.805056,-81.269649,<p>Historic Chapel Sunday 2pm</p>,Diocesan,Diocesan,https://asccsanford.org/mass-times,,,<p>Historic Chapel Sunday 2pm</p>,https://media.mapme.com/places/83f62968-bd59-4be1-8b5c-72c667da544b/gallery/e6a2cb42-cf6a-4b27-ac93-94650eca16a3.hd,https://www.latinmass.com/find-latin-mass,2026-05-18T15:02:38.874520
St Augustin Catholic,"545 42nd St, Des Moines, Iowa 50312, USA",,,,41.585187,-93.673614,"<p>Sunday 4:00 pm (High Mass)<br><a href=""https://unavocedsm.org/"" target=""_blank"" rel=""noopener noreferrer"">Click for more info</a></p>",Diocesan,Diocesan,https://www.staugustin.org,,,"<p>Sunday 4:00 pm (High Mass)<br><a href=""https://unavocedsm.org/"" target=""_blank"" rel=""noopener noreferrer"">Click for more info</a></p>",https://media.mapme.com/places/d914789b-e6f1-41fb-af07-42d1571c73b4/gallery/10be4df1-1437-47c1-b421-e72e9db16ac2.hd,https://www.latinmass.com/find-latin-mass,2026-05-18T15:02:38.874520
Kostel Svatého Floriána,"686 01 Kostelany nad Moravou-Uherské Hradiště 1, Czechia",,,,49.045376,17.406942,<p>Sung Mass every Sunday at 7:15.</p>,Other,Other,https://www.farnostkostelanynadmoravou.cz/,,,<p>Sung Mass every Sunday at 7:15.</p>,https://media.mapme.com/places/4fe5e8a0-017c-4e42-a56b-277d578fd875/gallery/7f18636c-2069-45a7-ba24-2751158b4ea1.hd,https://www.latinmass.com/find-latin-mass,2026-05-18T15:02:38.874520
Kaplnka svätého Jozefa,"Národná 804/20, 010 01 Žilina, Slovakia",,,,49.226095,18.744984,,SSPX,SSPX,https://fsspx-sk.org/kaplnky,,,,https://media.mapme.com/places/0d6128e7-3351-492c-aa5f-c38825bc3058/gallery/1e88ae39-0303-4b80-8e8e-a7219173c28c.hd,https://www.latinmass.com/find-latin-mass,2026-05-18T15:02:38.874520
Kaplnka Krista Kráľa,"1. mája 112/17, 031 01 Liptovský Mikuláš, Slovakia",,,,49.082119,19.615592,,SSPX,SSPX,https://fsspx-sk.org/kaplnky,,,,https://media.mapme.com/places/8f9ca09d-6fdb-4562-8d32-5287587dee96/gallery/5d20c03c-d4eb-4de1-b030-5db884d0ab87.hd,https://www.latinmass.com/find-latin-mass,2026-05-18T15:02:38.874520
Kaplnka Panny Márie Trnavskej,"Markovičova, 917 02 Trnava, Slovakia",,,,48.364308,17.582962,,SSPX,SSPX,https://fsspx-sk.org/kaplnky,,,,https://media.mapme.com/places/26a2b777-1562-4ce1-9bff-8401df7c539c/gallery/b8706277-0ebb-42ce-b75a-2f79175a77d4.hd,https://www.latinmass.com/find-latin-mass,2026-05-18T15:02:38.874520
Kaplnka Božského Srdca Ježišovho,"Hlavná 2922/103, 080 01 Prešov, Slovakia",,,,48.999082,21.239023,,SSPX,SSPX,https://fsspx-sk.org/kaplnky,,,,https://media.mapme.com/places/edc64618-6cbc-44e3-8793-dd83cdff908e/gallery/19855c94-a5eb-4fac-b3a3-4456b02cc45a.hd,https://www.latinmass.com/find-latin-mass,2026-05-18T15:02:38.874520
Kostol Svätých Cyrila a Metoda,"Štúrova, 949 01 Nitra-Mlynárce, Slovakia",,,,48.315061,18.051985,<p>Sundays 16:30</p>,Diocesan,Diocesan,https://www.dokostola.sk/kostol/410138-kostol-sv-cyrila-a-metoda,,,<p>Sundays 16:30</p>,https://media.mapme.com/places/6983145e-af8a-4bd6-a721-f315eb4696ff/gallery/9b950d9b-518d-4e1a-acb0-bbaf379b884b.hd,https://www.latinmass.com/find-latin-mass,2026-05-18T15:02:38.874520
Kaplica pw. NMPanny Nieustającej Pomocy,"Garncarska 17, 59-700 Bolesławiec, Poland",,,,51.259209,15.56087,"<p>Sunday: 17:00, first Friday: 18:00, first Saturday 9:00.</p>",SSPX,SSPX,https://www.piusx.org.pl/kaplice/boleslawiec,,,"<p>Sunday: 17:00, first Friday: 18:00, first Saturday 9:00.</p>",https://media.mapme.com/places/48ba258f-bc31-48d5-8d4a-99b99a61394c/gallery/a5316862-15f7-4e73-95a3-36b6f6266741.hd,https://www.latinmass.com/find-latin-mass,2026-05-18T15:02:38.874520
Kaplica pw. św. Ignacego Loyoli,"Józefa Poniatowskiego 46A, 76-200 Słupsk, Poland",,,,54.473091,17.027182,<p>Sunday: 17:30</p>,SSPX,SSPX,https://www.piusx.org.pl/kaplice/slupsk,,,<p>Sunday: 17:30</p>,https://media.mapme.com/places/882566da-6c74-4484-83f9-d6fe2d121b7b/gallery/3e1e7957-9b27-4cb5-8818-cf51f58c80cd.hd,https://www.latinmass.com/find-latin-mass,2026-05-18T15:02:38.874520
Centrum św. Kingi,"Kolejowa 27, 33-300 Nowy Sącz, Poland",,,,49.605901,20.699038,"<p>Sunday: 9:00, Saturday: 18:00, 1st Fridays: 18:00</p>",SSPX,SSPX,https://www.piusx.org.pl/kaplice/nowy-sacz,,,"<p>Sunday: 9:00, Saturday: 18:00, 1st Fridays: 18:00</p>",,https://www.latinmass.com/find-latin-mass,2026-05-18T15:02:38.874520
Kapelle Maria Miterlöserin,"J.-A.-Rohracher-Straße 7, 9900 Lienz, Austria",,,,46.827238,12.759303,<p>Sunday: 18:30 or 9:00</p>,SSPX,SSPX,https://fsspx.at/de/priorate-und-messzentren-1,,,<p>Sunday: 18:30 or 9:00</p>,https://media.mapme.com/places/050d12da-948f-48a9-be77-fc8ac7549a9f/gallery/4b7ac7c4-8bb3-4df2-961a-2ad364cc45a6.hd,https://www.latinmass.com/find-latin-mass,2026-05-18T15:02:38.874520
Kapelle St Martin. Steinamangerstr,"Steinamangerstraße 2, 7423 Pinkafeld, Austria",,,,47.36471,16.122944,,SSPX,SSPX,https://fsspx.at/de/messorte,,,,,https://www.latinmass.com/find-latin-mass,2026-05-18T15:02:38.874520
Kapelle St Florian,"Leopold-Werndl-Straße 31, 4400 Steyr, Austria",,,,48.028261,14.409016,,SSPX,SSPX,https://fsspx.at/de/messorte,,,,,https://www.latinmass.com/find-latin-mass,2026-05-18T15:02:38.874520
Kapelle Herz Jesu,"Walchen 51, 5721 Piesendorf, Austria",,,,47.280626,12.70612,,SSPX,SSPX,https://fsspx.at/de/messorte,,,,,https://www.latinmass.com/find-latin-mass,2026-05-18T15:02:38.874520
Kapelle St Margareta Maria Alacoque,"Volksgartenstraße 28, 4020 Linz, Austria",,,,48.29516,14.290185,,SSPX,SSPX,https://fsspx.at/de/messorte,,,,,https://www.latinmass.com/find-latin-mass,2026-05-18T15:02:38.874520
Immaculate Heart of the most blessed Virgin Mary,"Nalichnaya Ulitsa, Moskva, Russia",,,,55.765484,37.706058,"<p>1st, 2nd, 3rd Sunday: 10:30 | 1st Friday &amp; Saturday: 6:00 pm</p>",SSPX,SSPX,,,,"<p>1st, 2nd, 3rd Sunday: 10:30 | 1st Friday &amp; Saturday: 6:00 pm</p>",,https://www.latinmass.com/find-latin-mass,2026-05-18T15:02:38.874520
Chiesa di San Procolo,"Via d'Azeglio, 52, 40124 Bologna BO, Italy",,,,44.489736,11.341039,<p>Sunday 6:00 pm; Holy Days of Obligations 6:00 pm</p>,Diocesan,Diocesan,https://www.chiesadisanprocolo.com/,,,<p>Sunday 6:00 pm; Holy Days of Obligations 6:00 pm</p>,https://media.mapme.com/places/e02eb12f-4dc9-4007-ba58-8356f090f150/gallery/f5dbfc8d-f606-4f33-b925-7ec6ef0409e6.hd,https://www.latinmass.com/find-latin-mass,2026-05-18T15:02:38.874520
St Joseph the Worker,"Catholic Church, 39-41 Church St, Glenrowan VIC 3675, Australia",,,,-36.460826,146.224836,"<p>Sunday 09:30; Friday 11:30<br></p><p>Email&nbsp;<span style=""font-size: 1rem; color: rgba(var(--v-theme-on-surface),var(--v-high-emphasis-opacity));""><a href=""mailto: stjosephtheworkerlatinmass@gmail.com"">stjosephtheworkerlatinmass@gmail.com</a></span></p>",Diocesan,Diocesan,,,,"<p>Sunday 09:30; Friday 11:30<br></p><p>Email&nbsp;<span style=""font-size: 1rem; color: rgba(var(--v-theme-on-surface),var(--v-high-emphasis-opacity));""><a href=""mailto: stjosephtheworkerlatinmass@gmail.com"">stjosephtheworkerlatinmass@gmail.com</a></span></p>",https://media.mapme.com/places/6c505bb4-8197-470c-8b70-11a05c576c1e/gallery/c3d7eb4d-25c4-4833-82aa-8a6e9043cd0a.hd,https://www.latinmass.com/find-latin-mass,2026-05-18T15:02:38.874520
Associação Católica São Pio de Pietrelcina,"Quadra 47 Lote 70 Setor Leste do - Gama, Brasília - DF, 72440-470, Brazil",,,,-15.997542,-48.053794,<p>Sunday 8:30am and 7:30pm</p>,Diocesan,Diocesan,https://www.instagram.com/assoc.saopadrepio?igsh=NDhldTlkeng1eDlu,,,<p>Sunday 8:30am and 7:30pm</p>,https://media.mapme.com/places/15d3c0d0-5286-4106-97cb-cd06c378e3b9/gallery/2ea14eea-6192-4c7d-b096-a792c65db771.hd,https://www.latinmass.com/find-latin-mass,2026-05-18T15:02:38.874520
Capelania Divino Mestre - Missa Tridentina na Capela Santa Luzia,"Lote 13 - Colônia Agrícola Samambaia - Capela Santa Luzia, Brasília - DF, 72110-600, Brazil",,,,-15.825533,-48.047907,<p>Every Sunday 11:30am</p>,Diocesan,Diocesan,https://capeladivinomestre.wordpress.com/,,,<p>Every Sunday 11:30am</p>,https://media.mapme.com/places/e0f88f48-dbf1-476d-ad40-f383017fb4dd/gallery/10679a3a-6c93-4105-8f92-03c3a20e71cc.hd,https://www.latinmass.com/find-latin-mass,2026-05-18T15:02:38.874520
Holy Cross,"Amboseli Rd, Nairobi, Kenya",,,,-1.286529,36.760095,"<p>Sundays: 8:00 am, 9:00am, 11:00 am (High Mass at 11:00am) Weekdays: 6:50 am, 5:30 pm (High Mass at 5:30 pm on First class feast days) Saturday: 6:50 am and 11:00 am (High Mass at 11:00 am) First Friday of the Month: Adoration of the Blessed Sacrament from 3:00 pm, Rosary at 5:00 pm, High Mass at 5:30 pm First Saturday of the Month: Spiritual Conference from 9:00 am, Adoration of the Blessed Sacrament at 10:00 am, High Mass at 11:00 am First Sunday of the Month: Adoration of the Blessed Sacrament after the 11:00 am High Mass till 6:00 pm Vespers.</p>",SSPX,SSPX,https://holycross.ke/,,,"<p>Sundays: 8:00 am, 9:00am, 11:00 am (High Mass at 11:00am) Weekdays: 6:50 am, 5:30 pm (High Mass at 5:30 pm on First class feast days) Saturday: 6:50 am and 11:00 am (High Mass at 11:00 am) First Friday of the Month: Adoration of the Blessed Sacrament from 3:00 pm, Rosary at 5:00 pm, High Mass at 5:30 pm First Saturday of the Month: Spiritual Conference from 9:00 am, Adoration of the Blessed Sacrament at 10:00 am, High Mass at 11:00 am First Sunday of the Month: Adoration of the Blessed Sacrament after the 11:00 am High Mass till 6:00 pm Vespers.</p>",,https://www.latinmass.com/find-latin-mass,2026-05-18T15:02:38.874520
Kapel rusthuis zusterkens der armen,"Waarlooshofstraat 9, 2020 Antwerpen, Belgium",,,,51.186961,4.37889,<p>Sunday 9:00am</p>,Other,Other,https://petitessoeursdespauvres.org/france/province-de-paris-bruxelles/antwerpen/antwerpen-presentatie/,,,<p>Sunday 9:00am</p>,,https://www.latinmass.com/find-latin-mass,2026-05-18T15:02:38.874520
Capela São Roque,"Manduvira, 100213 Pdte. Franco, Paraguay",,,,-25.55448,-54.623725,<p>Masses every month but without fixed time</p>,Other,Other,https://fronteiracatolica.blogspot.com/,,,<p>Masses every month but without fixed time</p>,,https://www.latinmass.com/find-latin-mass,2026-05-18T15:02:38.874520
St Mary,"669 West Ave, Norwalk, Connecticut 06850, USA",,,,41.114628,-73.414613,"<p><span style=""font-size: 1rem; color: rgba(var(--v-theme-on-surface),var(--v-high-emphasis-opacity));"">Sunday 10:00am (High Mass); Tuesday-Friday 12:10pm (Low Mass); Feast Days 7:00pm (High Mass)</span><br></p>",Diocesan,Diocesan,https://www.stmarynorwalk.net/liturgy/,,,"<p><span style=""font-size: 1rem; color: rgba(var(--v-theme-on-surface),var(--v-high-emphasis-opacity));"">Sunday 10:00am (High Mass); Tuesday-Friday 12:10pm (Low Mass); Feast Days 7:00pm (High Mass)</span><br></p>",https://media.mapme.com/places/ea2a28a6-f426-42cb-8d67-d3d17dfea5a4/gallery/81d69b31-487c-4a0e-b7aa-e86e738a3f87.hd,https://www.latinmass.com/find-latin-mass,2026-05-18T15:02:38.874520
Good Shepherd Chapel,"Jl. Jatinegara Bar. No.122, RT.10/RW.1, Kp. Melayu, Kecamatan Jatinegara, Kota Jakarta Timur, Daerah Khusus Ibukota Jakarta 13320, Indonesia",,,,-6.224225,106.865696,<p>1st and 3rd Sunday 11:00am</p>,Other,Other,https://www.facebook.com/TLMjakarta?mibextid=qi2Omg&rdid=WbHBA8Z8ayKpSwWy&share_url=https%3A%2F%2Fwww.facebook.com%2Fshare%2FVwnygAt9FBC389Nj%2F%3Fmibextid%3Dqi2Omg#,,,<p>1st and 3rd Sunday 11:00am</p>,https://media.mapme.com/places/3b3c1fa5-5ac2-4be3-ac0f-76da650aae43/gallery/2b4d9596-ea3c-472c-b6a1-8c23c198fe30.hd,https://www.latinmass.com/find-latin-mass,2026-05-18T15:02:38.874520
St Mary,"511 Amanda St, Alexandria, Nebraska 68303, USA",,,,40.247929,-97.39124,<p>Sunday 8:00am (Low Mass)</p>,Diocesan,Diocesan,https://stmichaelsfairbury.org/,,,<p>Sunday 8:00am (Low Mass)</p>,https://media.mapme.com/places/d92ccae5-7bd4-4da2-ac47-ac2c430453d0/gallery/cbda7004-fb78-499f-998c-dc0c5f63af3e.hd,https://www.latinmass.com/find-latin-mass,2026-05-18T15:02:38.874520
Exaltation of the Holy Cross,"Kościelna 20, 84-230 Rumia, Poland",,,,54.58176,18.403364,<p>Sundays 3:00pm</p>,Diocesan,Diocesan,https://www.rumiakrzyz.pl,,,<p>Sundays 3:00pm</p>,https://media.mapme.com/places/73bea382-03d9-44ac-a5ee-ebc2d7befa12/gallery/3dff79f2-d87f-424e-8101-630bea65b73b.hd,https://www.latinmass.com/find-latin-mass,2026-05-18T15:02:38.874520
Blessed Edmund Bojanowski,"bł. Edmunda Bojanowskiego 1, 84-230 Rumia, Poland",,,,54.581791,18.378466,,Other,Other,,,,,https://media.mapme.com/places/4935bafd-321d-4804-a9f8-7013382c88d7/gallery/67bea617-6f4d-4ed6-804f-193dd5be1a18.hd,https://www.latinmass.com/find-latin-mass,2026-05-18T15:02:38.874520
St John Bosco in Gdańsk,"Gościnna 15, 80-032 Gdańsk, Poland",,,,54.323081,18.63281,<p>Tuesdays 7:30pm</p>,Other,Other,https://gdansk.salezjanie.pl,,,<p>Tuesdays 7:30pm</p>,https://media.mapme.com/places/6e8f4f15-3a64-49e3-ac56-76a51faffacc/gallery/67509606-5b8e-4f45-a3f6-a4bfe607d4c5.hd,https://www.latinmass.com/find-latin-mass,2026-05-18T15:02:38.874520
of St Corpus Christi in Suwałki,"11 Listopada 6, 74-100 Gryfino, Poland",,,,53.255043,14.494932,"<p>1st and 3rd Sunday of the month 1:30pm<br><a href=""http://suwalki.franciszkanie-warszawa.pl"">Click for more info</a></p>",Other,Other,,,,"<p>1st and 3rd Sunday of the month 1:30pm<br><a href=""http://suwalki.franciszkanie-warszawa.pl"">Click for more info</a></p>",https://media.mapme.com/places/2f4fbb5c-4c3e-4eb5-b0b4-f1fdf801fe77/gallery/610748dc-da31-4d4d-8295-e6d737a486ba.hd,https://www.latinmass.com/find-latin-mass,2026-05-18T15:02:38.874520
Chapel of the Parish of St Kazimierz Królewicz in Giżycko,"Tadeusza Kościuszki 12, 22-440 Krasnobród, Poland",,,,50.545287,23.211196,"<p>Last Sunday of the month 4:00pm<br><a href=""http://swkazimierzgizycko.pl/index.html"">Click for more info</a></p>",Diocesan,Diocesan,,,,"<p>Last Sunday of the month 4:00pm<br><a href=""http://swkazimierzgizycko.pl/index.html"">Click for more info</a></p>",https://media.mapme.com/places/f9c7aa1d-4095-4023-a6d4-08f0058b6a8d/gallery/e0bd97b7-611c-4942-b790-7b93645a518d.hd,https://www.latinmass.com/find-latin-mass,2026-05-18T15:02:38.874520
St Our Lady Queen of Poland - Chapel of Divine Mercy,"Robotnicza 69, 82-300 Elbląg, Poland",,,,54.169949,19.400269,<p>2nd Sunday 2:30pm</p>,Diocesan,Diocesan,https://elblag.redemptor.pl/,,,<p>2nd Sunday 2:30pm</p>,https://media.mapme.com/places/e72c8155-2f58-459c-a7b2-059f3946df4f/gallery/8187fbb1-b11d-4d41-b9f8-ad274c66509f.hd,https://www.latinmass.com/find-latin-mass,2026-05-18T15:02:38.874520
Superior Institute of Religious Sciences,"Derevlianska St, Kyiv, Ukraine, 02000",,,,50.466057,30.469949,<p>pm1st Sunday&nbsp;</p>,Other,Other,https://tomainstytut.org/,,,<p>pm1st Sunday&nbsp;</p>,,https://www.latinmass.com/find-latin-mass,2026-05-18T15:02:38.874520
Skolastikat Sang Tunas CICM Chapel,"Jl. Gotong Royong No.71, RT.12/RW.2, Pd. Bambu, Kec. Duren Sawit, Kota Jakarta Timur, Daerah Khusus Ibukota Jakarta 13430, Indonesia",,,,-6.228326,106.895679,<p>2nd Sunday 11:00am</p>,Other,Other,https://www.facebook.com/share/io84pdCgKrFSpouN/?mibextid=qi2Omg,,,<p>2nd Sunday 11:00am</p>,https://media.mapme.com/places/03e95f35-ce0c-447c-a94b-f62dc47d2f06/gallery/4934ca17-79bf-4b56-8fe5-c1f4b00a5790.hd,https://www.latinmass.com/find-latin-mass,2026-05-18T15:02:38.874520
Holy Ghost,"417 Carlton Ave, Bethlehem, Pennsylvania 18015, USA",,,,40.60885,-75.383849,"<p>Sunday 10:30am (High Mass); Weekdays, Sat 8:00am (Low Mass)</p>",FSSP,FSSP,https://holyghost-church.org/,,,"<p>Sunday 10:30am (High Mass); Weekdays, Sat 8:00am (Low Mass)</p>",https://media.mapme.com/places/81044ce1-155b-466f-8e38-aded2693483b/gallery/5f58425c-4e63-452f-b8d3-e7c002512a1f.hd,https://www.latinmass.com/find-latin-mass,2026-05-18T15:02:38.874520
St Irenaeus Catholic,"2811 N 2nd St, Clinton, Iowa 52732, USA",,,,41.877999,-90.17767,,Other,Other,https://stirenaeuschapel.org/,,,,https://media.mapme.com/places/7a16b526-5a12-44f3-858d-a94004dc8421/gallery/e6769a8f-fc03-4ace-b834-b0a492f0b039.hd,https://www.latinmass.com/find-latin-mass,2026-05-18T15:02:38.874520
Chapelle Notre Dame de Guadalup,"5 Quai Lardenoy, Pointe-à-Pitre 97110, Guadeloupe",,,,16.235601,-61.53589,"<p>Sundays and Holydays 7:00am (Low Mass), 8:30am (Sung Mass); Fridays 6:00pm: Saturdays 6:30am</p>",SSPX,SSPX,https://laportelatine.org/carte,,,"<p>Sundays and Holydays 7:00am (Low Mass), 8:30am (Sung Mass); Fridays 6:00pm: Saturdays 6:30am</p>",,https://www.latinmass.com/find-latin-mass,2026-05-18T15:02:38.874520
Chapelle Notre Dame de la Délivrande,"64 Rue Moreau De Jones, Fort-de-France 97200, Martinique",,,,14.606448,-61.071837,"<p>Sundays and Holydays 7:00am (Low Mass), 9:00am (Sung Mass); Weekdays 6:30am</p>",SSPX,SSPX,https://laportelatine.org/carte,,,"<p>Sundays and Holydays 7:00am (Low Mass), 9:00am (Sung Mass); Weekdays 6:30am</p>",https://media.mapme.com/places/5eef765d-9036-4714-be40-a2105c3b0f40/gallery/b66c3d04-1bda-4a71-825d-1da1d58e1161.hd,https://www.latinmass.com/find-latin-mass,2026-05-18T15:02:38.874520
Capilla Santa Teresita,"Ortubia, San Rafael, Mendoza, Argentina",,,,-34.590773,-68.336626,"<p>Sundays 11:00am (Low Mass)</p><p><a href=""http://santateresita178.com/"">Click for More Info</a></p>",Diocesan,Diocesan,,,,"<p>Sundays 11:00am (Low Mass)</p><p><a href=""http://santateresita178.com/"">Click for More Info</a></p>",,https://www.latinmass.com/find-latin-mass,2026-05-18T15:02:38.874520
Capilla Fundo Santa Elena,"Ruta 43 12, Coquimbo, Chile",,,,-29.995712,-71.259723,<p>Sunday 11:30am; Saturday 7:30pm</p>,SSPX,SSPX,https://fsspx-sudamerica.org/es/capillas,,,<p>Sunday 11:30am; Saturday 7:30pm</p>,,https://www.latinmass.com/find-latin-mass,2026-05-18T15:02:38.874520
Capilla San José de los Ángeles,"López 126, 2580066 Lopez, Vina del Mar, Valparaíso, Chile",,,,-33.026166,-71.564169,"<p>Sunday 11:30am; 1st Friday 7:30pm; Saturday 7:30pm,</p>",SSPX,SSPX,https://fsspx-sudamerica.org/es/capillas,,,"<p>Sunday 11:30am; 1st Friday 7:30pm; Saturday 7:30pm,</p>",,https://www.latinmass.com/find-latin-mass,2026-05-18T15:02:38.874520
Uspallata,"Uspallata, Mendoza, Argentina",,,,-34.968736,-67.716314,<p>4th Sundays 10:30am;&nbsp;4th Saturdays 12:00pm </p>,FSSP,FSSP,https://fsspx-sudamerica.org/es/centros-misa,,,<p>4th Sundays 10:30am;&nbsp;4th Saturdays 12:00pm </p>,,https://www.latinmass.com/find-latin-mass,2026-05-18T15:02:38.874520
Capilla Nuestra Señora de Fátima,"Rolando Corte 2165, San Salvador de Jujuy, Jujuy, Argentina",,,,-24.17919,-65.280067,<p>Sundays 10:30am; Saturdays 11:45am</p>,SSPX,SSPX,https://fsspx-sudamerica.org/es/centros-misa,,,<p>Sundays 10:30am; Saturdays 11:45am</p>,,https://www.latinmass.com/find-latin-mass,2026-05-18T15:02:38.874520
Capilla Nuestra Señora del Carmen,"Isla de Flores 1930, 11200 Montevideo, Departamento de Montevideo, Uruguay",,,,-34.9103,-56.173361,"<p>Sunday 10:00am; Friday 8:00pm<br><a href=""https://www.instagram.com/tradcatsuruguay/?hl=es-la"">Instagram</a></p>",SSPX,SSPX,https://fsspx-sudamerica.org/es/centros-misa,,,"<p>Sunday 10:00am; Friday 8:00pm<br><a href=""https://www.instagram.com/tradcatsuruguay/?hl=es-la"">Instagram</a></p>",,https://www.latinmass.com/find-latin-mass,2026-05-18T15:02:38.874520
Iglesia Santa Rita,"Dr. Camacho, Mercedes, Corrientes, Argentina",,,,-29.179723,-58.052987,<p>1st &amp; 3th Sundays 10:00am</p>,SSPX,SSPX,https://fsspx-sudamerica.org/es/centros-misa,,,<p>1st &amp; 3th Sundays 10:00am</p>,,https://www.latinmass.com/find-latin-mass,2026-05-18T15:02:38.874520
"St Patrick, Albury","515 Smollett St, Albury NSW 2640, Australia",,,,-36.083412,146.916699,<p>Sunday 12:00pm; Monday 5:30pm in the Adoration Chapel; Wednesday 7:00pm in the Adoration Chapel</p>,Diocesan,Diocesan,https://www.stpatricksalbury.org.au/mass-reconciliation/,,,<p>Sunday 12:00pm; Monday 5:30pm in the Adoration Chapel; Wednesday 7:00pm in the Adoration Chapel</p>,https://media.mapme.com/places/ddeffb7d-976e-4bab-b2be-f8c5b40cd783/gallery/11d39daf-ad34-4893-a609-c6b3dca2e111.hd,https://www.latinmass.com/find-latin-mass,2026-05-18T15:02:38.874520
Our Lady of Sorrows Chapel,"4911 Dodge St, Omaha, Nebraska 68132, USA",,,,41.25942,-95.988311,<p>2nd Sunday 10:00am</p>,SSPX,SSPX,https://fsspx.today/chapel/ne-omaha/info/,,,<p>2nd Sunday 10:00am</p>,,https://www.latinmass.com/find-latin-mass,2026-05-18T15:02:38.874520
Abbazia di San Benedetto in Monte,"Q4XF+9C, 06046 Norcia, Province of Perugia, Italy",,,,42.798437,13.123563,"The Conventual Mass is the community's daily Solemn High Mass with Gregorian Chant.&nbsp;Please check website for Mass times as this monastery follows solar time, causing Mass times to shift throughout the year.&nbsp;<br>On Sundays and Holy Days of Obligation, Low Masses are also open to the faithful at 07:30 and 11:00<br class=""Apple-interchange-newline""><br>",Other,Other,https://en.nursia.org/mass_times.html,,,"The Conventual Mass is the community's daily Solemn High Mass with Gregorian Chant.&nbsp;Please check website for Mass times as this monastery follows solar time, causing Mass times to shift throughout the year.&nbsp;<br>On Sundays and Holy Days of Obligation, Low Masses are also open to the faithful at 07:30 and 11:00<br class=""Apple-interchange-newline""><br>",https://media.mapme.com/places/f6e8e086-1020-42a8-b277-14efe1099971/gallery/2d4f2bcf-5815-46dc-936a-46ad98853de7.hd,https://www.latinmass.com/find-latin-mass,2026-05-18T15:02:38.874520
University of Notre Dame - Alumni Hall,"Alumni Hall, Notre Dame, Indiana 46556, USA",,,,41.699391,-86.239536,<p>Sun 10:00am</p>,College,College,https://campusministry.nd.edu/pray/mass-times/ancient-traditions-mass-schedule/,,,<p>Sun 10:00am</p>,,https://www.latinmass.com/find-latin-mass,2026-05-18T15:02:38.874520
St Raphael,"4703 50 Ave, Gibbons, AB T0A 1N0, Canada",,,,53.827543,-113.325518,<span>Sunday 9:00am (High Mass); Weekday 8:30am (Low Mass)</span>,SSPX,SSPX,https://www.stdennis.ca/,,,<span>Sunday 9:00am (High Mass); Weekday 8:30am (Low Mass)</span>,,https://www.latinmass.com/find-latin-mass,2026-05-18T15:02:38.874520
Capilla de los Sagrados Corazones de Jesús y María,"Cra. 18 #3533, Bogotá, Colombia",,,,4.624798,-74.072975,"<p>Sunday 8:00am, 10:00am; Monday, Saturday 6:00pm</p>",SSPX,SSPX,https://fsspx-sudamerica.org/es/centros-misa,,,"<p>Sunday 8:00am, 10:00am; Monday, Saturday 6:00pm</p>",,https://www.latinmass.com/find-latin-mass,2026-05-18T15:02:38.874520
Priorato Monseñor Ezequiel Moreno Díaz,"Cl. 36 #16-60, Bogotá, Colombia",,,,4.625153,-74.071642,<p>Tuesday to Saturday 7:00am</p>,SSPX,SSPX,https://fsspx-sudamerica.org/es/centros-misa,,,<p>Tuesday to Saturday 7:00am</p>,,https://www.latinmass.com/find-latin-mass,2026-05-18T15:02:38.874520
Oratorio Nuestra Señora del Perpetuo Socorro,"74d74 Tv. 32E Transversal 32E, Dg. 74D #07, Barrio Alameda, Medellín, Belén, Medellín, Antioquia, Colombia",,,,6.237245,-75.593514,<p>2nd Sunday of the month 11:00am; Saturday before the 2nd Sun of the month 7:00pm; Monday after 7:00pm; Later Tuesday 7.00am</p>,SSPX,SSPX,https://fsspx-sudamerica.org/es/centros-misa,,,<p>2nd Sunday of the month 11:00am; Saturday before the 2nd Sun of the month 7:00pm; Monday after 7:00pm; Later Tuesday 7.00am</p>,,https://www.latinmass.com/find-latin-mass,2026-05-18T15:02:38.874520
Capilla San José,"Cl. 20 #25-35, Bucaramanga, Santander, Colombia",,,,7.129479,-73.12077,"<p>Sunday 8:00am, 10:00am; Thursday, Friday, Saturday 6:00pm; Monday 7.00am</p>",SSPX,SSPX,https://fsspx-sudamerica.org/es/centros-misa,,,"<p>Sunday 8:00am, 10:00am; Thursday, Friday, Saturday 6:00pm; Monday 7.00am</p>",,https://www.latinmass.com/find-latin-mass,2026-05-18T15:02:38.874520
Priorato Sagrado Corazón De Jesús,"Carr. Villa Mella-Yamasa, Dominican Republic",,,,18.657885,-69.958788,"<p>Sunday 9:00am; 4th Sunday 7.00am, 9:00am; Weekly 05:30pm (winter season)/ 06:00pm (summer season)</p>",SSPX,SSPX,https://fsspx-sudamerica.org/es/centros-misa,,,"<p>Sunday 9:00am; 4th Sunday 7.00am, 9:00am; Weekly 05:30pm (winter season)/ 06:00pm (summer season)</p>",,https://www.latinmass.com/find-latin-mass,2026-05-18T15:02:38.874520
Basílica de Santa María (Alicante),"Pl. Sta. María, 1, 03002 Alicante (Alacant), Alicante, Spain",,,,38.346224,-0.479598,<p>First and Last Sunday 6:00pm</p>,Diocesan,Diocesan,https://www.lamisadesiempre.com/post/misa-en-alicante-dos-domingos-al-mes,,,<p>First and Last Sunday 6:00pm</p>,,https://www.latinmass.com/find-latin-mass,2026-05-18T15:02:38.874520
St John Academy,"215 5th St SE, Jamestown, North Dakota 58401, USA",,,,46.90458,-98.705628,<p>2nd and 3rd Sunday 2:00pm<br>Call&nbsp;(701)-320-9508 for Mass times</p>,Diocesan,Diocesan,https://www.stjamesbasilica.org,,,<p>2nd and 3rd Sunday 2:00pm<br>Call&nbsp;(701)-320-9508 for Mass times</p>,,https://www.latinmass.com/find-latin-mass,2026-05-18T15:02:38.874520
Grote Kerk,"Kerkstraat 15, 5341 BK Oss, Netherlands",,,,51.769174,5.522694,<p>Sunday&nbsp;12:00pm</p>,Diocesan,Diocesan,https://tlmdenbosch.nl/,,,<p>Sunday&nbsp;12:00pm</p>,https://media.mapme.com/places/50e41e30-f609-40ad-ad65-9d43e31b8510/gallery/55ac1808-b147-48e3-9b69-dc01ccc78e50.hd,https://www.latinmass.com/find-latin-mass,2026-05-18T15:02:38.874520
St Joseph,"Jansstraat 43, 2011 RT Haarlem, Netherlands",,,,52.383326,4.638794,<p>Third Saturday 09:30am</p>,Diocesan,Diocesan,https://rkhaarlem.nl/tridentijns/,,,<p>Third Saturday 09:30am</p>,https://media.mapme.com/places/f3ec5217-98a6-4a1a-95fb-6a0a94cedefa/gallery/a477c439-4dea-447a-a325-307674b0f245.hd,https://www.latinmass.com/find-latin-mass,2026-05-18T15:02:38.874520
Heilige Lodewijkkerk,"Steenschuur 19, 2311 ES Leiden, Netherlands",,,,52.156081,4.491388,<p>Tue 7:00pm</p>,Diocesan,Diocesan,https://www.lodewijkparochie.nl/vieringen/tridentijnse-mis,,,<p>Tue 7:00pm</p>,https://media.mapme.com/places/ff98d97a-1727-4f1c-b92d-1ea7e2da8392/gallery/1cb68378-29cc-4862-96c9-ba74b9fd3850.hd,https://www.latinmass.com/find-latin-mass,2026-05-18T15:02:38.874520
Onze Lieve Vrouwe van de Besloten Tuin,"Baron van Asbeckweg 13, 9963 PA Warfhuizen, Netherlands",,,,53.3428,6.42486,<p>Sun 11:00;&nbsp;Mon-Sat 08:30</p>,Other,Other,https://www.beslotentuin.nl/liturgie/,,,<p>Sun 11:00;&nbsp;Mon-Sat 08:30</p>,https://media.mapme.com/places/1fc56120-0ec2-4692-a617-e3dda78faf69/gallery/57979690-7233-41a0-9fe0-dec2d77fc1ff.hd,https://www.latinmass.com/find-latin-mass,2026-05-18T15:02:38.874520
Onze Lieve Vrouw ter Nood Bedevaartkapel,"Kapellaan 144, 1851 PJ Heiloo, Netherlands",,,,52.583251,4.688138,<p>2nd and 4th Tuesdays 6:30pm</p>,Diocesan,Diocesan,https://olvternood.nl/tridentijnse-missen-op-het-heiligdom/,,,<p>2nd and 4th Tuesdays 6:30pm</p>,,https://www.latinmass.com/find-latin-mass,2026-05-18T15:02:38.874520
St Joseph Chapel,"24-28 Lawside Rd, Dundee DD3 6XY, UK",,,,56.468188,-2.995272,"<p>Sunday 9am, 11am (Sung Mass); Monday-Friday 7:00am, 6:00pm; Saturday 7:00am</p>",Other,Other,https://www.themarianfranciscans.org,,,"<p>Sunday 9am, 11am (Sung Mass); Monday-Friday 7:00am, 6:00pm; Saturday 7:00am</p>",,https://www.latinmass.com/find-latin-mass,2026-05-18T15:02:38.874520
Exaltation of the Holy Cross,"Kaszubska 31, 81-198 Pierwoszyno, Poland",,,,54.597518,18.498508,<p>Sundays 1:00pm</p>,Diocesan,Diocesan,https://www.parafiapierwoszyno.pl,,,<p>Sundays 1:00pm</p>,https://media.mapme.com/places/3a14bffd-9562-4719-85aa-f03729bdce8d/gallery/099e0c48-90ca-44f3-9487-be1c3f2baebf.hd,https://www.latinmass.com/find-latin-mass,2026-05-18T15:02:38.874520
Grote Kerk Oss,"Kerkstraat 15, 5341 BK Oss, Netherlands",,,,51.769174,5.522694,<p>Sunday 12:00</p>,Diocesan,Diocesan,https://tlmdenbosch.nl/,,,<p>Sunday 12:00</p>,https://media.mapme.com/places/12e64125-9c7d-4eee-bb06-5f584888eb47/gallery/fe09a9fb-cb6a-4d59-bf50-ca1a148dfaab.hd,https://www.latinmass.com/find-latin-mass,2026-05-18T15:02:38.874520
Pallottine Monastery in Yangdeogwon,"1454-19 Sindae-ri, Nam-myeon, Hongcheon, Gangwon-do, South Korea",,,,37.612299,127.788063,<p>Sun 12:00pm (Sung Mass)</p>,Other,Other,https://pallotineen.cafe24.com/,,,<p>Sun 12:00pm (Sung Mass)</p>,,https://www.latinmass.com/find-latin-mass,2026-05-18T15:02:38.874520
The Immaculata,"701 N 2nd St, St Marys, Kansas 66536, USA",,,,39.1993,-96.062781,"<p>Sunday 6:30am, 8:30am, 11am, 6:30pm; Weekday 5:40am, 7:15am, 11:15am; Saturday 5:40am, 7:15am, 9am</p>",SSPX,SSPX,https://www.anewimmaculata.org/,,,"<p>Sunday 6:30am, 8:30am, 11am, 6:30pm; Weekday 5:40am, 7:15am, 11:15am; Saturday 5:40am, 7:15am, 9am</p>",https://media.mapme.com/places/20972e16-2fc4-4321-9847-4c75fa363868/gallery/c6517bb1-4c4d-4888-8cae-f5921af3613e.hd,https://www.latinmass.com/find-latin-mass,2026-05-18T15:02:38.874520
Sacred Heart Retreat Center,"2457 Browns Lake Dr, Burlington, Wisconsin 53105, USA",,,,42.709626,-88.232265,,Institute of Christ the King,ICKSP,https://institute-christ-king.org/retreatcenter,,,,https://media.mapme.com/places/b9f52ea5-3db2-4e6f-a413-9daa6e1d35a3/gallery/ea386564-ee77-49be-9ffe-d80486e060c2.hd,https://www.latinmass.com/find-latin-mass,2026-05-18T15:02:38.874520
St Joseph & St Patrick Parish,"709 1st Ave S, Escanaba, Michigan 49829, USA",,,,45.74428,-87.057406,<p>Sunday 8:30am</p>,Diocesan,Diocesan,https://dioceseofmarquette.org/st-joseph-st-patrick-escanaba,,,<p>Sunday 8:30am</p>,https://media.mapme.com/places/3107d20f-bc86-4ad3-93c8-cd72a99b035d/gallery/753db622-22d6-4bee-b9ac-da5fd3005d2e.hd,https://www.latinmass.com/find-latin-mass,2026-05-18T15:02:38.874520
Most Sacred Heart of Jesus,"plac Sienkiewicza 4, 62-700 Turek, Poland",,,,52.015134,18.50274,,Diocesan,Diocesan,https://www.facebook.com/trydenckaturek/,,,,https://media.mapme.com/places/dfb9b217-0e94-468e-9219-0177b8767466/gallery/847c103a-52dc-4a37-b6be-e224fe4adf82.hd,https://www.latinmass.com/find-latin-mass,2026-05-18T15:02:38.874520
Misión Ntra. Sra. de la Asunción,"Arandas 502, La Soledad, 20326 Aguascalientes, Ags., Mexico",,,,21.881119,-102.332008,<p>Sunday 5:00pm</p>,SSPX,SSPX,https://fsspx.mx/es,,,<p>Sunday 5:00pm</p>,,https://www.latinmass.com/find-latin-mass,2026-05-18T15:02:38.874520
Prieuré St-Pierre-Julien-Eymard,"22 Chem. du Bachais, 38240 Meylan, France",,,,45.214796,5.778298,"<p>Sunday and feasts 6:30pm, Other days 7:15am and/or 6:30om</p>",SSPX,SSPX,https://laportelatine.org/lieux/meylan,,,"<p>Sunday and feasts 6:30pm, Other days 7:15am and/or 6:30om</p>",,https://www.latinmass.com/find-latin-mass,2026-05-18T15:02:38.874520
St Michael Chapel,"2730 Mall View Rd, Bakersfield, California 93306, USA",,,,35.394129,-118.965797,<p>Sundays 8:00am</p>,SSPX,SSPX,https://fsspx.today/chapel/ca-bakersfield/info/,,,<p>Sundays 8:00am</p>,,https://www.latinmass.com/find-latin-mass,2026-05-18T15:02:38.874520
Immaculate Conception Chapel,"5th floor, 17 Seochojungang-ro 26-gil, Seocho District, Seoul, South Korea",,,,37.495905,127.015165,,SSPX,SSPX,https://naver.me/F2ZWVc0S,,,,,https://www.latinmass.com/find-latin-mass,2026-05-18T15:02:38.874520
Sant Jordi de Vallcarca,"Viaducte de Vallcarca, 7, Gracia, 08023 Barcelona, Spain",,,,41.413171,2.144065,<p>Sundays October-July 10:00am</p>,Diocesan,Diocesan,https://esglesia.barcelona/parroquies/sant-jordi/,,,<p>Sundays October-July 10:00am</p>,,https://www.latinmass.com/find-latin-mass,2026-05-18T15:02:38.874520
Capilla Santiago Apostol,"C. de Catalina Suárez, 16, Retiro, 28007 Madrid, Spain",,,,40.400951,-3.671871,"<p>Sundays and Feast Days 10:00 AM, 12:00 PM, 7:00 PM | Weekly 7:00 PM</p>",SSPX,SSPX,https://fsspx.es/es,,,"<p>Sundays and Feast Days 10:00 AM, 12:00 PM, 7:00 PM | Weekly 7:00 PM</p>",,https://www.latinmass.com/find-latin-mass,2026-05-18T15:02:38.874520
King’s College Chapel,"6350 Coburg Rd, Halifax, NS B3H 2A1, Canada",,,,44.637824,-63.595186,<p>Last Saturday or Last Sunday of the month</p>,SSPX,SSPX,https://sspx.ca/,,,<p>Last Saturday or Last Sunday of the month</p>,,https://www.latinmass.com/find-latin-mass,2026-05-18T15:02:38.874520
Bridge,"150 Cowperthwaite St, Fredericton, NB E3A 9Y5, Canada",,,,45.990948,-66.590928,<p>Last Saturday or Last Sunday of the month</p>,SSPX,SSPX,https://sspx.ca,,,<p>Last Saturday or Last Sunday of the month</p>,,https://www.latinmass.com/find-latin-mass,2026-05-18T15:02:38.874520
Monastery of St Anne,"6825 Nurrenbern Rd, Evansville, Indiana 47712, USA",,,,37.946472,-87.655356,<p>Daily 11:00am</p>,Other,Other,https://benedictinesofmary.org/,,,<p>Daily 11:00am</p>,,https://www.latinmass.com/find-latin-mass,2026-05-18T15:02:38.874520
St Johns,"13 Powell St, Wigan WN1 1XD, UK",,,,53.549113,-2.628016,<p>Thursday 7:30pm</p>,Diocesan,Diocesan,https://www.stwilliamparishwigan.org/,,,<p>Thursday 7:30pm</p>,,https://www.latinmass.com/find-latin-mass,2026-05-18T15:02:38.874520
St Mary,"Standishgate, Wigan WN1 1XL, UK",,,,53.55011,-2.628662,"<p>Wednesday 12:00, Sunday 10:30</p>",Institute of Christ the King,ICKSP,https://www.stwilliamparishwigan.org/,,,"<p>Wednesday 12:00, Sunday 10:30</p>",,https://www.latinmass.com/find-latin-mass,2026-05-18T15:02:38.874520
Capilla Corazón Inmaculado de María,"Av Manuel Ordoñez 913, Zimix Sector Leones, 66358 Cdad. Santa Catarina, N.L., Mexico",,,,25.675923,-100.471982,<p>Sun 1:00pm</p>,SSPX,SSPX,https://fsspx.mx/es/capillas-2,,,<p>Sun 1:00pm</p>,https://media.mapme.com/places/b7831d0e-f99e-4177-997c-b7a4381ffb2b/gallery/4f070754-b0ba-4336-9e90-57e7f9ada09f.hd,https://www.latinmass.com/find-latin-mass,2026-05-18T15:02:38.874520
Assumption of the Blessed Virgin Mary and Blessed Fr. Stefan W. Frelichowski,"Panny Marii 2, 87-100 Toruń, Poland",,,,53.010963,18.603158,<p>Every other Sunday 2:00pm</p>,Diocesan,Diocesan,https://tridentinatorun.blogspot.com,,,<p>Every other Sunday 2:00pm</p>,,https://www.latinmass.com/find-latin-mass,2026-05-18T15:02:38.874520
St Ignatius,"87-162 Młyniec Drugi, Poland",,,,53.06454,18.816018,,Diocesan,Diocesan,https://tridentinatorun.blogspot.com,,,,https://media.mapme.com/places/84edc31a-50fe-43a9-8f56-6d0e530c8eca/gallery/4aa55a72-f83b-4ff8-b8d4-de72e4788383.hd,https://www.latinmass.com/find-latin-mass,2026-05-18T15:02:38.874520
St John Bosco,"Karola Libelta 3, 64-920 Piła, Poland",,,,53.136597,16.74203,"<p><a href=""http://www.milosierdzie.pila.pl/index.php/informacja/ogloszenia-parafialne"">Click for more info</a></p>",Diocesan,Diocesan,,,,"<p><a href=""http://www.milosierdzie.pila.pl/index.php/informacja/ogloszenia-parafialne"">Click for more info</a></p>",,https://www.latinmass.com/find-latin-mass,2026-05-18T15:02:38.874520
"St Joseph, Spouse of the Blessed Virgin Mary","Biskupa Czesława Domina, 75-061 Koszalin, Poland",,,,54.188198,16.181126,,Diocesan,Diocesan,https://www.facebook.com/tradycja.koszalin/,,,,,https://www.latinmass.com/find-latin-mass,2026-05-18T15:02:38.874520
St Timothy Catholic,"1515 Saltillo St, San Antonio, Texas 78207, USA",,,,29.412632,-98.536886,<p>Sunday 12:30pm; 1st Fri 7:00pm; 1st Sat 12:10pm</p>,Diocesan,Diocesan,https://sttimothysa.org/tridentine-mass,,,<p>Sunday 12:30pm; 1st Fri 7:00pm; 1st Sat 12:10pm</p>,,https://www.latinmass.com/find-latin-mass,2026-05-18T15:02:38.874520
Église de la Ste Famille,"Rue de la Bourgeoisie 9, 1950 Sion, Switzerland",,,,46.224155,7.357571,<p>Dimanche 09.30</p>,SSPX,SSPX,https://fsspx.ch/fr/sion-eglise-la-Ste-famille-31999,,,<p>Dimanche 09.30</p>,,https://www.latinmass.com/find-latin-mass,2026-05-18T15:02:38.874520
Chiesa di San Leonardo,"Largo Nicolò Rezzara, 12, 24122 Bergamo BG, Italy",,,,45.693018,9.66449,<p>Sunday 9:30am</p>,Diocesan,Diocesan,https://www.facebook.com/summorumpontificumbergamo,,,<p>Sunday 9:30am</p>,,https://www.latinmass.com/find-latin-mass,2026-05-18T15:02:38.874520
Immaculate Heart of Mary,"3337 15th Ave, Regina, SK S4T 3G3, Canada",,,,50.442225,-104.629144,"<p>Sun 2:00pm;&nbsp;<span style=""font-size: 1rem; color: rgba(var(--v-theme-on-surface),var(--v-high-emphasis-opacity));"">Wed 12:00pm;&nbsp;</span><span style=""font-size: 1rem; color: rgba(var(--v-theme-on-surface),var(--v-high-emphasis-opacity));"">Thur 7:00pm;&nbsp;</span><span style=""font-size: 1rem; color: rgba(var(--v-theme-on-surface),var(--v-high-emphasis-opacity));"">Fri 12:00pm;&nbsp;</span><span style=""font-size: 1rem; color: rgba(var(--v-theme-on-surface),var(--v-high-emphasis-opacity));"">Sat 2:00pm</span></p>",Diocesan,Diocesan,,,,"<p>Sun 2:00pm;&nbsp;<span style=""font-size: 1rem; color: rgba(var(--v-theme-on-surface),var(--v-high-emphasis-opacity));"">Wed 12:00pm;&nbsp;</span><span style=""font-size: 1rem; color: rgba(var(--v-theme-on-surface),var(--v-high-emphasis-opacity));"">Thur 7:00pm;&nbsp;</span><span style=""font-size: 1rem; color: rgba(var(--v-theme-on-surface),var(--v-high-emphasis-opacity));"">Fri 12:00pm;&nbsp;</span><span style=""font-size: 1rem; color: rgba(var(--v-theme-on-surface),var(--v-high-emphasis-opacity));"">Sat 2:00pm</span></p>",,https://www.latinmass.com/find-latin-mass,2026-05-18T15:02:38.874520
Benedictines of Mary - Monastery of St Joseph,"20658 State Hwy P, Ava, Missouri 65608, USA",,,,36.862406,-92.563367,<p>Sunday 11:00am (High Mass)</p>,Other Community,Other,https://benedictinesofmary.org/ava/,,,<p>Sunday 11:00am (High Mass)</p>,https://media.mapme.com/places/dea799b8-9026-4b6e-9ea5-ef1b70429df6/gallery/c9d0d9fa-58aa-4e82-86f4-3cdf339806de.hd,https://www.latinmass.com/find-latin-mass,2026-05-18T15:02:38.874520
Sacred Heart Chapel,"Ul. Josipa Jurja Strossmayera 1A, 31000, Osijek, Croatia",,,,45.561998,18.67571,<p>Check FSSPX site for Mass times</p>,SSPX,SSPX,https://fsspx.hr/svete-mise/,,,<p>Check FSSPX site for Mass times</p>,https://media.mapme.com/places/ee35d1bc-2433-47d4-b9c3-bcc65fc063f4/gallery/46a269b4-cce1-4e15-acb1-86bab04bf77c.hd,https://www.latinmass.com/find-latin-mass,2026-05-18T15:02:38.874520
Christ the King Monastery,"5060 Co Rd 1635, Cullman, Alabama 35058, USA",,,,34.239276,-86.721055,"<p>Sunday 8:00am (High Mass), 5pm (Low Mass); Mon-Sat 7:30am (Low Mass)</p>",Diocesan,Diocesan,https://www.ctkmonastery.com/,,,"<p>Sunday 8:00am (High Mass), 5pm (Low Mass); Mon-Sat 7:30am (Low Mass)</p>",,https://www.latinmass.com/find-latin-mass,2026-05-18T15:02:38.874520
St Gerard Catholic,"123 Onslow Street, Kawerau 3127, New Zealand",,,,-38.091388,176.699994,<p>Friday 5:30pm</p>,Diocesan,Diocesan,https://www.cdh.org.nz/kawerau,,,<p>Friday 5:30pm</p>,https://media.mapme.com/places/eecb8841-5cbf-4a36-8ade-32bf4e2ed627/gallery/2aaf2b56-95a4-47e0-95c5-365d1d892e4e.hd,https://www.latinmass.com/find-latin-mass,2026-05-18T15:02:38.874520
Misión San Pablo Apóstol,"Filiberto Navas, Delegación San Mateo Oxtotitlán, 50100 Toluca de Lerdo, Méx., Mexico",,,,19.29727,-99.694336,<p>Sunday 9:00am</p>,SSPX,SSPX,https://fsspx.mx/es/news/toluca-dia-campo-la-mision-san-pablo-apostol-12/05/2024-44915,,,<p>Sunday 9:00am</p>,https://media.mapme.com/places/98529160-f2df-41c0-9462-eae8aa55e201/gallery/94c83526-14cd-400b-bc72-cbc02a0ecfcd.hd,https://www.latinmass.com/find-latin-mass,2026-05-18T15:02:38.874520
C. San Juan 28,"C. San Juan 28, San Francisquito, 76058 Santiago de Querétaro, Qro., Mexico",,,,20.59066,-100.379553,<p>Sundays 10:00am</p>,SSPX,SSPX,https://fsspx.mx/es/mision-santiago-apostol-queretaro-30819,,,<p>Sundays 10:00am</p>,https://media.mapme.com/places/3ef90556-2d50-43a8-9934-266675c53705/gallery/eeb24994-27e6-4308-bb37-11d24e2adbd6.hd,https://www.latinmass.com/find-latin-mass,2026-05-18T15:02:38.874520
Misión San Luis Rey,"C. Independencia 2918, Himno Nacional 1ra Secc, 78280 San Luis Potosí, S.L.P., Mexico",,,,22.132457,-100.981933,<p>Sundays 10:00am</p>,SSPX,SSPX,https://fsspx.mx/es/mision-san-luis-rey-francia-san-luis-potosi-30822,,,<p>Sundays 10:00am</p>,,https://www.latinmass.com/find-latin-mass,2026-05-18T15:02:38.874520
Capilla Inmaculada Concepción,"77510 Cancún, Quintana Roo, Mexico",,,,21.180584,-86.839603,<span>4th Sunday 09:00am; Previous Friday and Saturday 18:00</span>&nbsp;&nbsp;,SSPX,SSPX,https://fsspx.mx/es/capillas-2,,,<span>4th Sunday 09:00am; Previous Friday and Saturday 18:00</span>&nbsp;&nbsp;,,https://www.latinmass.com/find-latin-mass,2026-05-18T15:02:38.874520
St Pauls,"St Pauls Anglican Church, 15 Thomas St, East Devonport TAS 7310, Australia",,,,-41.177493,146.368577,"<p>Saturday &amp; Sunday Masses on 2nd &amp; 4th weekends of the Month, please see the parish bulletin to confirm Mass times</p>",SSPX,SSPX,https://sspx.au/en/parish-bulletin-tasmania-42292,,,"<p>Saturday &amp; Sunday Masses on 2nd &amp; 4th weekends of the Month, please see the parish bulletin to confirm Mass times</p>",https://media.mapme.com/places/53aba63d-e2f6-4d36-8116-cb5e1c8071bd/gallery/c51714ae-7837-4f11-a324-177e411c4513.hd,https://www.latinmass.com/find-latin-mass,2026-05-18T15:02:38.874520
Instituto Nossa Senhora do Rosário,"RXQX+44 - Interlândia, Anápolis - GO, Brazil",,,,-16.162157,-49.002528,<p>Sunday: 8:30am; Monday - Friday 6:00am; Saturday 5:40am</p>,SSPX,SSPX,https://fsspx-sudamerica.org/es/centros-misa,,,<p>Sunday: 8:30am; Monday - Friday 6:00am; Saturday 5:40am</p>,,https://www.latinmass.com/find-latin-mass,2026-05-18T15:02:38.874520
Capela Nossa Senhora de Loreto,"R. Juruá, 151-369 - São Lázaro, Manaus - AM, 69074-260, Brazil",,,,-3.145778,-59.997178,<p>Sunday 9:00am</p>,Other,Other,https://missatridentinaemmanaus.com/,,,<p>Sunday 9:00am</p>,,https://www.latinmass.com/find-latin-mass,2026-05-18T15:02:38.874520
Capela Nossa Senhora de Guadalupe no Colégio Santo Afonso,"R. Belo Horizonte, 1382 - Adrianópolis, Manaus - AM, 69060-601, Brazil",,,,-3.097101,-60.007317,<p>Saturado/Sábado 15h</p>,Other,Other,https://missatridentinaemmanaus.com/,,,<p>Saturado/Sábado 15h</p>,,https://www.latinmass.com/find-latin-mass,2026-05-18T15:02:38.874520
Capela São José,"Rua Zamenhoff, 267 - São João, Porto Alegre - RS, 90550-090, Brazil",,,,-30.013765,-51.192423,<p>Missas todos os Domingos às 18:00</p>,SSPX,SSPX,https://www.fsspx.com.br/priorados-missoes-e-comunidades-amigas/,,,<p>Missas todos os Domingos às 18:00</p>,,https://www.latinmass.com/find-latin-mass,2026-05-18T15:02:38.874520
Igreja do Imaculado Coração de Maria,"R. Tuiuti, 590 - Bom Fim, Santa Maria - RS, 97015-660, Brazil",,,,-29.688904,-53.805681,<p>Domingos e Festas: 09:00AM; Segunda a sábado:18:30h</p>,SSPX,SSPX,https://www.fsspx.com.br/,,,<p>Domingos e Festas: 09:00AM; Segunda a sábado:18:30h</p>,,https://www.latinmass.com/find-latin-mass,2026-05-18T15:02:38.874520
Comunidade Nossa Senhora Auxiliadora,"R. Duque de Caxias, 4198 - Alvorada D'Oeste, RO, 76930-000, Brazil",,,,-11.350187,-62.29621,<p>Domingos 12:00PM. Quinta-feira 19:30h</p>,SSPX,SSPX,https://www.fsspx.com.br/,,,<p>Domingos 12:00PM. Quinta-feira 19:30h</p>,,https://www.latinmass.com/find-latin-mass,2026-05-18T15:02:38.874520
Capela do Asilo Irmão Joaquim,"Av. Mauro Ramos, 901 - Centro, Florianópolis - SC, 88020-301, Brazil",,,,-27.593281,-48.543599,"<p>31 de Janeiro de 2021, 21 de Fevereiro de 2021, 21 de Março de 2021, 25 de Abril de 2021, 30 de Maio de 2021 e 27 de Junho de 2021.  Mais detalhes nos links abaixo.</p><p>Responsável: Pe. Mathias Moskva</p><p>Website: https://www.instagram.com/missatridentinafln/ | https://nano.site/missa</p><p>Outras Informações: https://www.facebook.com/missatridentinaflorianopolis/&nbsp;</p>",Other,Other,,,,"<p>31 de Janeiro de 2021, 21 de Fevereiro de 2021, 21 de Março de 2021, 25 de Abril de 2021, 30 de Maio de 2021 e 27 de Junho de 2021.  Mais detalhes nos links abaixo.</p><p>Responsável: Pe. Mathias Moskva</p><p>Website: https://www.instagram.com/missatridentinafln/ | https://nano.site/missa</p><p>Outras Informações: https://www.facebook.com/missatridentinaflorianopolis/&nbsp;</p>",,https://www.latinmass.com/find-latin-mass,2026-05-18T15:02:38.874520
Castelo Belverde – Treze de Maio,"Est. Geral, Morro da Fumaça - SC, 88710-000, Brazil",,,,-28.631021,-49.177999,<p>Todo último domingo do mês ás 15:00h.</p><p>Responsável: Padre Nivaldo Antonio Ceron</p><p>Contato: padrenivaldoceron@hotmail.com | (48)8482-5531</p>,SSPX,SSPX,,,,<p>Todo último domingo do mês ás 15:00h.</p><p>Responsável: Padre Nivaldo Antonio Ceron</p><p>Contato: padrenivaldoceron@hotmail.com | (48)8482-5531</p>,,https://www.latinmass.com/find-latin-mass,2026-05-18T15:02:38.874520
Capela Santo Antônio,"R. Artur Lopes de Oliveira - Riachuelo, Batatais - SP, 14307-020, Brazil",,,,-20.900406,-47.589548,<p>Horários da Missa: Primeiro Sábado de cada mês – 15 hs</p>,Other,Other,https://www.missatridentina.com.br/sao-paulo/,,,<p>Horários da Missa: Primeiro Sábado de cada mês – 15 hs</p>,,https://www.latinmass.com/find-latin-mass,2026-05-18T15:02:38.874520
Capela Imaculada Conceição,"R. José Marcheti, 70 - Vila Marta, Campinas - SP, 13026-220, Brazil",,,,-22.913671,-47.049197,"<p>Horários da Missa:1ª sexta-feira às 19:30, após a missa Santo Terço com exposição do Santíssimo e Benção; confissões a partir de 18:30h; 1º sábado às 10h e após a missa formação, confissões à partir de 9h; 2º e 4º domingo às 18h, confissões à partir de 17h;</p><p>Contato: (11) 4301-8939</p>",SSPX,SSPX,https://www.fsspx.com.br/missa-tridentina-em-campinas/,,,"<p>Horários da Missa:1ª sexta-feira às 19:30, após a missa Santo Terço com exposição do Santíssimo e Benção; confissões a partir de 18:30h; 1º sábado às 10h e após a missa formação, confissões à partir de 9h; 2º e 4º domingo às 18h, confissões à partir de 17h;</p><p>Contato: (11) 4301-8939</p>",,https://www.latinmass.com/find-latin-mass,2026-05-18T15:02:38.874520
Embu das Artes,"R. Capri, 53 - Jardim Santa Emília, Embu das Artes - SP, 06820-420, Brazil",,,,-23.661775,-46.798825,<p>Domingos às 17h</p>,Other,Other,https://www.facebook.com/paroqtodos,,,<p>Domingos às 17h</p>,,https://www.latinmass.com/find-latin-mass,2026-05-18T15:02:38.874520
Capela Nossa Senhora de Lourdes,"R. Maj. Claudiano, 1 - Centro, Franca - SP, 14400-690, Brazil",,,,-20.530443,-47.398992,<p>Horários da Missa: Sábado às 15h<br>Contato: Nossasenhoradopatrocinio@outlook.com<br></p>,Other,Other,https://pt-br.facebook.com/Missa-Tridentina-em-Franca-SP-1679118945671341/,,,<p>Horários da Missa: Sábado às 15h<br>Contato: Nossasenhoradopatrocinio@outlook.com<br></p>,,https://www.latinmass.com/find-latin-mass,2026-05-18T15:02:38.874520
Capela N. S. do Rosário,"Praça Nossa Sra. do Rosário - Nossa Sra. de Fatima, Contagem - MG, 32041-400, Brazil",,,,-19.910927,-44.082405,<p>Segundo e quarto sábado do mês às 15:00</p><p>Contato: (11) 94831-4091</p>,Other,Other,https://www.facebook.com/missatridentinaemguarulhos/,,,<p>Segundo e quarto sábado do mês às 15:00</p><p>Contato: (11) 94831-4091</p>,,https://www.latinmass.com/find-latin-mass,2026-05-18T15:02:38.874520
Capela São José,"Av. Dr. Ciro Albuquerque, São Paulo, Brazil",,,,-23.567666,-47.978812,<p>Entre em contato com o priorado<br></p><p>Contato: (11) 4301-8939</p>,SSPX,SSPX,https://www.fsspx.com.br/,,,<p>Entre em contato com o priorado<br></p><p>Contato: (11) 4301-8939</p>,,https://www.latinmass.com/find-latin-mass,2026-05-18T15:02:38.874520
Santa Cruz dos Lázaros,"Av. Santa Cruz dos Lázaros, 775 - Santa Cruz dos Lazaros, Jacareí - SP, 12322-310, Brazil",,,,-23.311685,-45.994193,<p>todos os domingos às 9:00h e dias santos de guarda.</p><p>Responsável: José Henrique do Carmo</p><p>Contato: gabrielamartinspereiraa@gmail.com</p>,Other,Other,,,,<p>todos os domingos às 9:00h e dias santos de guarda.</p><p>Responsável: José Henrique do Carmo</p><p>Contato: gabrielamartinspereiraa@gmail.com</p>,,https://www.latinmass.com/find-latin-mass,2026-05-18T15:02:38.874520
Paróquia São José,"R. Lourenço de Almeida Ferraz, 1070 - Jardim Sao Jose, Jaú - SP, 17206-010, Brazil",,,,-22.278012,-48.575133,"<p>Todos os domingo, às 17h<br>Contato: saojosematriz@gmail.com (14) 3418-2958<br></p>",Other,Other,https://www.facebook.com/ParoquiaSaoJoseJau/,,,"<p>Todos os domingo, às 17h<br>Contato: saojosematriz@gmail.com (14) 3418-2958<br></p>",,https://www.latinmass.com/find-latin-mass,2026-05-18T15:02:38.874520
Santuário Diocesano do Senhor Bom Jesus – Igreja de São Benedito,"R. Dr. Ricardo Vilela - Centro, Mogi das Cruzes - SP, 08710-150, Brazil",,,,-23.520575,-46.18957,<p>Domingo às 16:00h. Terço e confissões as 15:30</p><p>Domingo às 16:00h. Terço e confissões as 15:30.</p><p>Contato: @MissaTridentinaEmMogidasCruzes</p>,Diocesan,Diocesan,https://www.missatridentina.com.br/sao-paulo/,,,<p>Domingo às 16:00h. Terço e confissões as 15:30</p><p>Domingo às 16:00h. Terço e confissões as 15:30.</p><p>Contato: @MissaTridentinaEmMogidasCruzes</p>,,https://www.latinmass.com/find-latin-mass,2026-05-18T15:02:38.874520
Paróquia Nossa Senhora das Graças,"R. Dr. Paulo Antônio Ribeiro Fraga, 814 - Esplanada, Pacaembu - SP, 17860-000, Brazil",,,,-21.563139,-51.261235,<p>Uma vez por mês no domingo às 15:30h.</p><p>Contato: Sec. Par.: (18) 3862-1888 / Resp: (18) 99792-0571</p>,Other,Other,https://www.missatridentina.com.br/sao-paulo/,,,<p>Uma vez por mês no domingo às 15:30h.</p><p>Contato: Sec. Par.: (18) 3862-1888 / Resp: (18) 99792-0571</p>,,https://www.latinmass.com/find-latin-mass,2026-05-18T15:02:38.874520
Instituto Cristandade,"R. Casemiro Dias, 922 - Vila Ocidental, Pres. Prudente - SP, 19015-250, Brazil",,,,-22.12428,-51.393341,<p>Horário de Missa: Confirmações de local e horário devem ser obtidas através da página no Facebook&nbsp;</p>,Other,Other,https://m.facebook.com/institutocristandade/,,,<p>Horário de Missa: Confirmações de local e horário devem ser obtidas através da página no Facebook&nbsp;</p>,,https://www.latinmass.com/find-latin-mass,2026-05-18T15:02:38.874520
Paróquia Nossa Senhora Aparecida,"Praça Nossa Sra. Aparecida - Indianópolis, São Paulo - SP, 04075-010, Brazil",,,,-23.603028,-46.661373,<p>Todos os sábados às 15:00hs</p>,Other,Other,https://www.missatridentina.com.br/sao-paulo/,,,<p>Todos os sábados às 15:00hs</p>,,https://www.latinmass.com/find-latin-mass,2026-05-18T15:02:38.874520
Missão da Fraternidade São Pio X,"R. da Liberdade, 182 - 3o andar - Campos Elísios, Ribeirão Preto - SP, 14085-250, Brazil",,,,-21.173185,-47.803075,<p>Missas em todo 2º fim de semana do mês: Domingo às 18:30; segunda-feira às 19:30h</p><p>Contato: (11) 4301-8939<br></p>,SSPX,SSPX,https://www.fsspx.com.br/,,,<p>Missas em todo 2º fim de semana do mês: Domingo às 18:30; segunda-feira às 19:30h</p><p>Contato: (11) 4301-8939<br></p>,,https://www.latinmass.com/find-latin-mass,2026-05-18T15:02:38.874520
Igreja Abacial Santo Antônio de Pádua,"R. Paraíba, 743 - Campos Elísios, Ribeirão Preto - SP, 14080-020, Brazil",,,,-21.164816,-47.805463,<p>Missas em todos os domingo às 15:00</p><p>Contato: joaovitor-eng.mecanico@hotmail.com; 99272-7033</p>,FSSP,FSSP,,,,<p>Missas em todos os domingo às 15:00</p><p>Contato: joaovitor-eng.mecanico@hotmail.com; 99272-7033</p>,,https://www.latinmass.com/find-latin-mass,2026-05-18T15:02:38.874520
Comunidade Católica Fanuel,"R. Arara Azul, 756 - Recreio da Borda do Campo, Santo André - SP, 09134-230, Brazil",,,,-23.723329,-46.48162,"<p>Segundo domingo do mês às 16h</p><p>Contato: (11)4451-1538</p><p><a href=""http://www.comunidadefanuel.com.br/santa-missa-n-s-das-dores/"">Click for more info</a></p>",Other,Other,,,,"<p>Segundo domingo do mês às 16h</p><p>Contato: (11)4451-1538</p><p><a href=""http://www.comunidadefanuel.com.br/santa-missa-n-s-das-dores/"">Click for more info</a></p>",,https://www.latinmass.com/find-latin-mass,2026-05-18T15:02:38.874520
São Bernado do Campo,"R. Déa Fongaro, 77 - Jardim Fada, São Bernardo do Campo - SP, 09623-060, Brazil",,,,-23.658997,-46.572048,<p>1º e 3º sábados às 19h30</p>,Other,Other,,,,<p>1º e 3º sábados às 19h30</p>,,https://www.latinmass.com/find-latin-mass,2026-05-18T15:02:38.874520
Paróquia Santa Rita de Cássia,"R. Santa Rita, 799 - Pari, São Paulo - SP, 03026-030, Brazil",,,,-23.528066,-46.607534,"<p>Todos os Domingos ás 10:30h<br>Outras Informações: A Paróquia fica bem próxima ao McDonalds da represa<br><a href=""https://www.facebook.com/pg/capelasantaritaSCS/"">Facebook</a><br><a href=""http://ww.nsaparecida.org.br"">Click for More Info</a></p>",Other,Other,,,,"<p>Todos os Domingos ás 10:30h<br>Outras Informações: A Paróquia fica bem próxima ao McDonalds da represa<br><a href=""https://www.facebook.com/pg/capelasantaritaSCS/"">Facebook</a><br><a href=""http://ww.nsaparecida.org.br"">Click for More Info</a></p>",,https://www.latinmass.com/find-latin-mass,2026-05-18T15:02:38.874520
Paróquia Maria Mãe de Deus,"R. Profa. Maria Faria de Vasconcelos, 650 - Jardim Yolanda, São José do Rio Preto - SP, 15061-515, Brazil",,,,-20.807393,-49.351965,"<p>Todos os Domingos ás 7:30h, todo primeioro Sábado do mês às 7h30 e toda quarta-feira às 19:30h</p>",Diocesan,Diocesan,,,,"<p>Todos os Domingos ás 7:30h, todo primeioro Sábado do mês às 7h30 e toda quarta-feira às 19:30h</p>",,https://www.latinmass.com/find-latin-mass,2026-05-18T15:02:38.874520
Caplela Menino Jesus de Praga – Sagrada Familia,"R. Padre Rodolfo, 28 - Vila Ema, São José dos Campos - SP, 12243-080, Brazil",,,,-23.202679,-45.901704,<p>Primeiros sábados ás 19:00h</p>,Other,Other,,,,<p>Primeiros sábados ás 19:00h</p>,,https://www.latinmass.com/find-latin-mass,2026-05-18T15:02:38.874520
Mosteiro de São Bento,"Largo São Bento, s/nº - Centro Histórico de São Paulo, São Paulo - SP, 01029-010, Brazil",,,,-23.543868,-46.633913,"<p>todos os domingos, às 18:00h</p><p>Contato: <a href=""mailto:mosteiro@mosteiro.org.br"">mosteiro@mosteiro.org.br</a></p><p><a href=""http://www.mosteiro.org.br/menu.htm"">Click for More info</a></p>",Other,Other,,,,"<p>todos os domingos, às 18:00h</p><p>Contato: <a href=""mailto:mosteiro@mosteiro.org.br"">mosteiro@mosteiro.org.br</a></p><p><a href=""http://www.mosteiro.org.br/menu.htm"">Click for More info</a></p>",,https://www.latinmass.com/find-latin-mass,2026-05-18T15:02:38.874520
Igreja da Venerável Ordem Terceira do Carmo,"Av. Rangel Pestana, 230 - Brás, São Paulo - SP, 01017-000, Brazil",,,,-23.550562,-46.631106,"<p>todos os domingos, às 11h30</p>",Other,Other,https://www.facebook.com/pg/ordemterceiradocarmoesplanada/,,,"<p>todos os domingos, às 11h30</p>",,https://www.latinmass.com/find-latin-mass,2026-05-18T15:02:38.874520
Paróquia São Paulo Apóstolo,"R. Tobias Barreto, 1320 - Alto da Mooca, São Paulo - SP, 03176-001, Brazil",,,,-23.54759,-46.585721,"<p>Domingo, terça e quinta às 17h. Segunda, quarta e sexta às 19h</p><p>Telefone: 2605-4100</p><p><a href=""http://spaulobelem.blogspot.com/"">Click for more info</a></p>",Other,Other,,,,"<p>Domingo, terça e quinta às 17h. Segunda, quarta e sexta às 19h</p><p>Telefone: 2605-4100</p><p><a href=""http://spaulobelem.blogspot.com/"">Click for more info</a></p>",,https://www.latinmass.com/find-latin-mass,2026-05-18T15:02:38.874520
São Francisco e Santo Estêvão,"R. Mário Maia, 54 - Jardim Maria Virginia, São Paulo - SP, 05761-330, Brazil",,,,-23.634336,-46.764816,"<p>Todo terceiro sábado do mês às 19h</p><p><a href=""http://www.facebook.com/paroquia1"">Click for more info</a></p>",Other,Other,,,,"<p>Todo terceiro sábado do mês às 19h</p><p><a href=""http://www.facebook.com/paroquia1"">Click for more info</a></p>",,https://www.latinmass.com/find-latin-mass,2026-05-18T15:02:38.874520
Paróquia de São Filipe Neri,"Av. São Lucas, 279 - Parque São Lucas, São Paulo - SP, 03239-000, Brazil",,,,-23.595503,-46.547479,<p>Domingos às 16:30hs.</p><p>Contato: (11) 2211-6817</p>,Other,Other,,,,<p>Domingos às 16:30hs.</p><p>Contato: (11) 2211-6817</p>,,https://www.latinmass.com/find-latin-mass,2026-05-18T15:02:38.874520
Capela Santa Luzia e Menino Jesus de Praga,"R. Tabatinguera, 104 - Sé, São Paulo - SP, 01020-000, Brazil",,,,-23.552671,-46.631962,<p>Horários de Missa: Domingos: 16:00h (Canto Gregoriano) Confissões antes e depois das missas; 1ª Sexta-feira do mês: 12:00hs; de segunda-feira a sexta-feira às 10h; Sábados: às 12:00h</p><p>(ao lado da Catedral da Sé).</p><p>(próxima à uma das saídas do metrô Sé; entrar pela Av. Washington Luis (23 de Maio): depois na saída da J. Mendes)</p><p>Contato: (11) 3104-8032</p>,Other,Other,,,,<p>Horários de Missa: Domingos: 16:00h (Canto Gregoriano) Confissões antes e depois das missas; 1ª Sexta-feira do mês: 12:00hs; de segunda-feira a sexta-feira às 10h; Sábados: às 12:00h</p><p>(ao lado da Catedral da Sé).</p><p>(próxima à uma das saídas do metrô Sé; entrar pela Av. Washington Luis (23 de Maio): depois na saída da J. Mendes)</p><p>Contato: (11) 3104-8032</p>,,https://www.latinmass.com/find-latin-mass,2026-05-18T15:02:38.874520
Capela São Pio X,"R. Maurício Francisco Klabin, 223 - Vila Mariana, São Paulo - SP, 04120-020, Brazil",,,,-23.593594,-46.633185,"<p>Domingo às 7:30h (Missa Rezada), 9:00h (Missa Cantada)e às 19h (Missa rezada), de segunda-feira a sábado às 7h15 e 19:00h</p><p>Contato: (11) 4301-8939</p>",SSPX,SSPX,https://www.fsspx.com.br,,,"<p>Domingo às 7:30h (Missa Rezada), 9:00h (Missa Cantada)e às 19h (Missa rezada), de segunda-feira a sábado às 7h15 e 19:00h</p><p>Contato: (11) 4301-8939</p>",,https://www.latinmass.com/find-latin-mass,2026-05-18T15:02:38.874520
Paróquia Rainha Santa Isabel de Portugal – Interlagos Diocese de Santo Amaro,"R. Artur Nascimento Júnior, 95 - Interlagos, São Paulo - SP, 04815-180, Brazil",,,,-23.703498,-46.691305,<p>Domingo às 12h</p><p>Contato: (11) 5666-2368 / (11) 5660-6897<br></p>,Other,Other,,,,<p>Domingo às 12h</p><p>Contato: (11) 5666-2368 / (11) 5660-6897<br></p>,,https://www.latinmass.com/find-latin-mass,2026-05-18T15:02:38.874520
Paróquia Nossa Senhora das Dores e São Peregrino,"R. Tabor, 283 - Ipiranga, São Paulo - SP, 04202-020, Brazil",,,,-23.576871,-46.607742,<p>Toda quarta e sexta-feira do mês às 17:30h</p>,Other,Other,,,,<p>Toda quarta e sexta-feira do mês às 17:30h</p>,,https://www.latinmass.com/find-latin-mass,2026-05-18T15:02:38.874520
Catedral de Santo Amaro,"Av. Adolfo Pinheiro, s/n - Santo Amaro, São Paulo - SP, 04751-000, Brazil",,,,-23.653696,-46.706442,<p>Todo quarto sábado do mês 17:00</p><p>Contato: 11 5687-5725</p>,Other,Other,,,,<p>Todo quarto sábado do mês 17:00</p><p>Contato: 11 5687-5725</p>,,https://www.latinmass.com/find-latin-mass,2026-05-18T15:02:38.874520
Capela Santa Terezinha,"R. Guilherme Valencia, 133 - Conj. Res. José Bonifácio, São Paulo - SP, 08253-280, Brazil",,,,-23.55071,-46.440788,"<p>Todo terceiro sábado do mês 19:00</p><p>Contato: (11) 2521-2724</p><p><a href=""http://stateresinha.wordpress.com"">Click for more info</a></p>",Other,Other,,,,"<p>Todo terceiro sábado do mês 19:00</p><p>Contato: (11) 2521-2724</p><p><a href=""http://stateresinha.wordpress.com"">Click for more info</a></p>",,https://www.latinmass.com/find-latin-mass,2026-05-18T15:02:38.874520
Paróquia São Carlos Borromeu,"Av. Dr. Eugênio Salerno, 166 - Centro, Sorocaba - SP, 18035-430, Brazil",,,,-23.501212,-47.468201,<p>Domingos ás 17:00h</p><p>Contato: (15) 3221-0758<br></p>,Other,Other,,,,<p>Domingos ás 17:00h</p><p>Contato: (15) 3221-0758<br></p>,,https://www.latinmass.com/find-latin-mass,2026-05-18T15:02:38.874520
Paróquia Jesus Cristo Ressucitado,"R. Cherobina de Carvalho Pinto - Jardins, Aracaju - SE, 49025-820, Brazil",,,,-10.938179,-37.052368,<p>Domingos às 15:30h</p><p>Responsável: Padre Genario de Oliveira Júnior</p><p>Contato: 79 3024-1055</p>,Diocesan,Diocesan,,,,<p>Domingos às 15:30h</p><p>Responsável: Padre Genario de Oliveira Júnior</p><p>Contato: 79 3024-1055</p>,,https://www.latinmass.com/find-latin-mass,2026-05-18T15:02:38.874520
Igreja São Francisco,"6JG7+JJ, Itabaiana - State of Sergipe, 49500-000, Brazil",,,,-10.772498,-37.385977,<p>1° e 3° domingos às 15:30; Todas as quintas às 6:30am</p>,Diocesan,Diocesan,,,,<p>1° e 3° domingos às 15:30; Todas as quintas às 6:30am</p>,,https://www.latinmass.com/find-latin-mass,2026-05-18T15:02:38.874520
Igreja Nossa Senhora do Rosário,"Tv. Gonçalves Dias - Cidade Alta, Natal - RN, 59025-365, Brazil",,,,-5.782689,-35.208569,"<p>todos os domingos, às 10:00AM</p><p>Contato: (84) 3615-2800 ou igrejadospretos.natal@gmail.com</p>",Diocesan,Diocesan,https://www.facebook.com/IgrejaDoRosarioNatal,,,"<p>todos os domingos, às 10:00AM</p><p>Contato: (84) 3615-2800 ou igrejadospretos.natal@gmail.com</p>",,https://www.latinmass.com/find-latin-mass,2026-05-18T15:02:38.874520
Igreja Nossa Senhora do Amparo,"R. Rui Barbosa, 270 - Centro (Sul), Teresina - PI, 64001-090, Brazil",,,,-5.094785,-42.814477,<p>Em breve</p><p>Contato: ars.the@gmail.com</p><p>Responsáveis: Associação Redemptionis Sacramentum</p>,Diocesan,Diocesan,https://ars-the.blogspot.com/,,,<p>Em breve</p><p>Contato: ars.the@gmail.com</p><p>Responsáveis: Associação Redemptionis Sacramentum</p>,,https://www.latinmass.com/find-latin-mass,2026-05-18T15:02:38.874520
Capela de Santo Agostinho,"Lot. Santa Luzia, Rio Branco - AC, Brazil",,,,-9.924869,-67.806307,<p>consultar com o padre responsável ou através do site</p><p>Responsável: Dom Lourenço Fleichman OSB</p><p>Contato: (21) 2616-2504</p>,Diocesan,Diocesan,https://capelasantoagostinho.com/,,,<p>consultar com o padre responsável ou através do site</p><p>Responsável: Dom Lourenço Fleichman OSB</p><p>Contato: (21) 2616-2504</p>,,https://www.latinmass.com/find-latin-mass,2026-05-18T15:02:38.874520
Paróquia Nossa Senhora da Conceição – Bairro Planalto,"R. Ver. Alípio de Oliveira Caldas - Planalto, Arapiraca - AL, 57308, Brazil",,,,-9.726505,-36.662836,"<p>Todos os domingo às 10h. Solenidades, horário a confirmar.</p><p>Contato: 82 993451806</p>",Diocesan,Diocesan,,,,"<p>Todos os domingo às 10h. Solenidades, horário a confirmar.</p><p>Contato: 82 993451806</p>",,https://www.latinmass.com/find-latin-mass,2026-05-18T15:02:38.874520
Capela Polícia Militar do Estado de Alagoas,"Praça da Independência, 67 - Centro, Maceió - AL, 57020-410, Brazil",,,,-9.666882,-35.739957,<p>Domingos às 17h. Solenidades horário a confirmar.</p><p>Contato: 82 9.8801-1154</p>,Diocesan,Diocesan,,,,<p>Domingos às 17h. Solenidades horário a confirmar.</p><p>Contato: 82 9.8801-1154</p>,,https://www.latinmass.com/find-latin-mass,2026-05-18T15:02:38.874520
Paróquia Militar Nossa Senhora do Loreto,"Afonsos AFB, Rio de Janeiro - State of Rio de Janeiro, 21740, Brazil",,,,-22.884195,-43.3878,,FSSP,FSSP,,,,,,https://www.latinmass.com/find-latin-mass,2026-05-18T15:02:38.874520
Capela Militar Nossa Senhora de Loreto,"R. Juruá, 151-369 - São Lázaro, Manaus - AM, 69074-260, Brazil",,,,-3.145778,-59.997178,"<p>Domingo às 10h; quarta-feira, sexta-feira e sábado às 19h</p><p>Contato: contato@salvemaria.com.br</p>",Other,Other,https://salvemaria.com.br/,,,"<p>Domingo às 10h; quarta-feira, sexta-feira e sábado às 19h</p><p>Contato: contato@salvemaria.com.br</p>",,https://www.latinmass.com/find-latin-mass,2026-05-18T15:02:38.874520
Mosteiro de Nossa Senhora da Fé e Rosário,"9G3W+54 - Candeias, BA, 43813-400, Brazil",,,,-12.647063,-38.454687,"<p>Domingo e Festas, às 8:00AM. Durante a semana, às 6:30AM</p><p>Contato: Tel: (71) 9123-2085</p>",Diocesan,Diocesan,https://fbmv.org/,,,"<p>Domingo e Festas, às 8:00AM. Durante a semana, às 6:30AM</p><p>Contato: Tel: (71) 9123-2085</p>",,https://www.latinmass.com/find-latin-mass,2026-05-18T15:02:38.874520
Paróquia do Tauape,"R. Cap. Gustavo, 3940 - Joaquim Távora (Fortaleza), Fortaleza - CE, 60120-075, Brazil",,,,-3.75596,-38.516748,"<p>Todos os Domingos, às 10h</p><p>Contato: (85) 3257-6797; 3257-6551; psjbtauape@hotmail.com</p>",Diocesan,Diocesan,https://www.facebook.com/MissaGregorianaEmFortaleza?fref=nf,,,"<p>Todos os Domingos, às 10h</p><p>Contato: (85) 3257-6797; 3257-6551; psjbtauape@hotmail.com</p>",,https://www.latinmass.com/find-latin-mass,2026-05-18T15:02:38.874520
Capela Nossa Senhora da Assunção,"Rua Padre Ambrósio Machado, 391 - Vila União, Fortaleza - CE, 60410-355, Brazil",,,,-3.76117,-38.539125,"<p>Mensalmente – Ligar para consultar os dias e horários</p><p>Contato: (85) 3067-1093; (21) 2616-2504</p><p><a href=""http://www.permanencia.org.br"">http://www.permanencia.org.br</a> <a href=""http://www.assumptaeStorg/nsa/"">http://www.assumptaeStorg/nsa/</a><br></p>",Diocesan,Diocesan,,,,"<p>Mensalmente – Ligar para consultar os dias e horários</p><p>Contato: (85) 3067-1093; (21) 2616-2504</p><p><a href=""http://www.permanencia.org.br"">http://www.permanencia.org.br</a> <a href=""http://www.assumptaeStorg/nsa/"">http://www.assumptaeStorg/nsa/</a><br></p>",,https://www.latinmass.com/find-latin-mass,2026-05-18T15:02:38.874520
Capela Nossa Senhora das Dores,"Av. das Paineiras - Jardim Botânico, Brasília - DF, Brazil",,,,-15.885427,-47.808008,<p>Todos os domingos ás 10h</p><p>Outras Informações: Informações a respeito de missas nos dias santos de guarda e outros feriados no blog.</p><p>Responsáveis: Pe. Daniel Pinheiro (Instituto do Bom Pastor)</p>,Diocesan,Diocesan,https://missatridentinaembrasilia.wordpress.com/,,,<p>Todos os domingos ás 10h</p><p>Outras Informações: Informações a respeito de missas nos dias santos de guarda e outros feriados no blog.</p><p>Responsáveis: Pe. Daniel Pinheiro (Instituto do Bom Pastor)</p>,,https://www.latinmass.com/find-latin-mass,2026-05-18T15:02:38.874520
Capela Santa Luzia,"Chácara 143 - Colônia Agrícola Samambaia - Taguatinga, Brasília - DF, 72110-600, Brazil",,,,-15.827561,-48.048066,<p>Todos os domingos às 11h; Segunda-feira às 19:30h; Quarta-feira às 19:30h; 1º Sábado do Mês às 19:30h</p><p>Outras Informações: WhatsApp (61)981108180</p><p>Responsáveis: Pe. Sérgio Davi</p>,Diocesan,Diocesan,,,,<p>Todos os domingos às 11h; Segunda-feira às 19:30h; Quarta-feira às 19:30h; 1º Sábado do Mês às 19:30h</p><p>Outras Informações: WhatsApp (61)981108180</p><p>Responsáveis: Pe. Sérgio Davi</p>,,https://www.latinmass.com/find-latin-mass,2026-05-18T15:02:38.874520
Paróquia Santa Teresa d’Ávila,"R. Frei Manoel Procópio, 411 - Centro, Imperatriz - MA, 65900-040, Brazil",,,,-5.528864,-47.491535,<p>3° domingo de cada mês ás 10:30h  .</p><p>Responsável: Padre Paulo Roberto</p><p>Contato: coetusfideliumimperatrizensis@gmail.com | Instagram: @coetusfidelium_itz</p>,Diocesan,Diocesan,,,,<p>3° domingo de cada mês ás 10:30h  .</p><p>Responsável: Padre Paulo Roberto</p><p>Contato: coetusfideliumimperatrizensis@gmail.com | Instagram: @coetusfidelium_itz</p>,,https://www.latinmass.com/find-latin-mass,2026-05-18T15:02:38.874520
Igreja de Nossa Senhora do Carmo,"Praça João Lisboa - Centro, São Luís - MA, 65010-230, Brazil",,,,-2.530066,-44.30354,<p>Todo último Domingo de cada mês ás 10:00h.</p><p>Responsável: Frei Valdo Nogueira</p><p>Contato: frei-valdo@hotmail.com</p>,Diocesan,Diocesan,,,,<p>Todo último Domingo de cada mês ás 10:00h.</p><p>Responsável: Frei Valdo Nogueira</p><p>Contato: frei-valdo@hotmail.com</p>,,https://www.latinmass.com/find-latin-mass,2026-05-18T15:02:38.874520
Igreja Nossa Senhora do Rosário dos Homens Pretos,"R. Pe. Prudêncio, 337 - Campina, Belém - PA, 66019-080, Brazil",,,,-1.45274,-48.49717,<p>Sun 10:30am</p>,Diocesan,Diocesan,,,,<p>Sun 10:30am</p>,,https://www.latinmass.com/find-latin-mass,2026-05-18T15:02:38.874520
Bom Pastor Institute,"Rod. Bernardo Sayão, 675 - Guanabara, Ananindeua - PA, 67015-220, Brazil",,,,-1.391183,-48.415074,"<p>Terça-feira a sexta-feira, às 07h Sábado, às 08:30h Domingo, às 10:30h</p><p>Contato: (91)98461-2946</p><p>Responsáveis: Pe. José Luiz Zucchi</p>",Other,Other,https://pusillusgrex.org/,,,"<p>Terça-feira a sexta-feira, às 07h Sábado, às 08:30h Domingo, às 10:30h</p><p>Contato: (91)98461-2946</p><p>Responsáveis: Pe. José Luiz Zucchi</p>",,https://www.latinmass.com/find-latin-mass,2026-05-18T15:02:38.874520
Capela do Hospital Beneficente Portuguesa,"Av. Generalíssimo Deodoro, 868 - Umarizal, Belém - PA, 66055-240, Brazil",,,,-1.456932,-48.482937,"<p>Segunda-feira a sexta-feira, 17:30h Domingo, às 17:30h</p><p>Responsáveis: Pe. Ivan Chudzik, IBP</p>",Other,Other,,,,"<p>Segunda-feira a sexta-feira, 17:30h Domingo, às 17:30h</p><p>Responsáveis: Pe. Ivan Chudzik, IBP</p>",,https://www.latinmass.com/find-latin-mass,2026-05-18T15:02:38.874520
MS Igreja Matriz de São Sebastião,"R. Minas Gerais, 549 - Monte Carlo, Campo Grande - MS, 79022-280, Brazil",,,,-20.438212,-54.591852,<p>Domingo 17h; Terça-feira 17h; Quarta-feira 17h; Quinta-feira 17h; Sexta-feira 17h; Sábado somente nos primeiros sábados do mês 17h</p><p>Contato: (67) 3317-4863</p><p>Responsável: Revmo. Padre Marcelo Tenório</p>,Diocesan,Diocesan,https://www.facebook.com/missatridentinaparoquiasaosebastiao,,,<p>Domingo 17h; Terça-feira 17h; Quarta-feira 17h; Quinta-feira 17h; Sexta-feira 17h; Sábado somente nos primeiros sábados do mês 17h</p><p>Contato: (67) 3317-4863</p><p>Responsável: Revmo. Padre Marcelo Tenório</p>,,https://www.latinmass.com/find-latin-mass,2026-05-18T15:02:38.874520
Capela São Pio X,"R. Doná Virgilina, 62 - Vila Antonio Vendas, Campo Grande - MS, 79003-140, Brazil",,,,-20.474491,-54.593054,"<p>Missas em todo 3º fim de semana do mês: Domingo às 9:30h; sexta-feira e sábado às 19h</p><p>Contato: (11) 4301-8939</p><p><a href=""http://www.missatridentinaetradicaocatolica.com"">missatridentinaetradicaocatolica.com</a></p>",SSPX,SSPX,,,,"<p>Missas em todo 3º fim de semana do mês: Domingo às 9:30h; sexta-feira e sábado às 19h</p><p>Contato: (11) 4301-8939</p><p><a href=""http://www.missatridentinaetradicaocatolica.com"">missatridentinaetradicaocatolica.com</a></p>",,https://www.latinmass.com/find-latin-mass,2026-05-18T15:02:38.874520
Convento Domina Nostra Regina Pacis,"R. José Luís Carneiro Camargo, 83 - Jardim Auxiliadora, Campo Grande - MS, 79051-710, Brazil",,,,-20.49315,-54.588287,"<p>Para os dias e horários acesse <a href=""http://escravasdemaria.blogspot.com/2011/10/missas-horarios.html"">escravasdemaria.blogspot.com</a></p>",Other,Other,,,,"<p>Para os dias e horários acesse <a href=""http://escravasdemaria.blogspot.com/2011/10/missas-horarios.html"">escravasdemaria.blogspot.com</a></p>",,https://www.latinmass.com/find-latin-mass,2026-05-18T15:02:38.874520
Missão Cristo Rei,"R. Prof. Landim, 151 - Vila Carvalho, Campo Grande - MS, 79005-550, Brazil",,,,-20.475949,-54.624983,"<p>Para os dias e horários Giulia: (67) 3301-9811 (BINA).&nbsp;</p><p>Ou acesse <a href=""http://farfalline.blogspot.com.br/p/missas-no-brasil.html"">farfalline.blogspot.com.br</a>, ou escreva para <a href=""mailto:judamore@gmail.com"">judamore@gmail.com</a></p><p>Responsável: Padre Ernesto J. Cardozo</p>",Other,Other,,,,"<p>Para os dias e horários Giulia: (67) 3301-9811 (BINA).&nbsp;</p><p>Ou acesse <a href=""http://farfalline.blogspot.com.br/p/missas-no-brasil.html"">farfalline.blogspot.com.br</a>, ou escreva para <a href=""mailto:judamore@gmail.com"">judamore@gmail.com</a></p><p>Responsável: Padre Ernesto J. Cardozo</p>",,https://www.latinmass.com/find-latin-mass,2026-05-18T15:02:38.874520
Capela São José,"R. Crésio Gonçalves de Souza - Coramara, Cachoeiro de Itapemirim - ES, 29313-480, Brazil",,,,-20.834463,-41.149715,<p>Primeiro Domingo do mês ás 19:00h</p><p>Contato: bebetosousa_m@hotmail.com</p><p>Outras Informações: Confissões a partir de 17:40h.</p><p>Responsável: Maria Auxiliadora</p>,Other,Other,,,,<p>Primeiro Domingo do mês ás 19:00h</p><p>Contato: bebetosousa_m@hotmail.com</p><p>Outras Informações: Confissões a partir de 17:40h.</p><p>Responsável: Maria Auxiliadora</p>,,https://www.latinmass.com/find-latin-mass,2026-05-18T15:02:38.874520
Igreja de São Pedro,"R. Pedro Vitali - Adélia Giuberti, Colatina - ES, 29707-100, Brazil",,,,-19.542281,-40.637384,"<p>Terceiro Domingo do mês ás 19:00h</p><p>Contato: <a href=""mailto:jecbc@uol.com.br"">jecbc@uol.com.br</a></p>",Other,Other,https://santamissatridentinaemcolatina.blogspot.com.br/?m=1,,,"<p>Terceiro Domingo do mês ás 19:00h</p><p>Contato: <a href=""mailto:jecbc@uol.com.br"">jecbc@uol.com.br</a></p>",,https://www.latinmass.com/find-latin-mass,2026-05-18T15:02:38.874520
Capela Nossa Senhora das Alegrias,"R. José Antônio Freitas, 125 - Joana D'arc, Vitória - ES, 29048-180, Brazil",,,,-20.287722,-40.313119,"<p>Segunda Feira após o quarto domingo do mês. Para outros dias e horários, acompanhar programação no site.</p><p>Informações: <a href=""mailto:capela@nossasenhoradasalegrias.com.br"">capela@nossasenhoradasalegrias.com.br</a></p><p><a href=""http://www.nossasenhoradasalegrias.com.br"">nossasenhoradasalegrias.com.br</a><br></p>",Other,Other,,,,"<p>Segunda Feira após o quarto domingo do mês. Para outros dias e horários, acompanhar programação no site.</p><p>Informações: <a href=""mailto:capela@nossasenhoradasalegrias.com.br"">capela@nossasenhoradasalegrias.com.br</a></p><p><a href=""http://www.nossasenhoradasalegrias.com.br"">nossasenhoradasalegrias.com.br</a><br></p>",,https://www.latinmass.com/find-latin-mass,2026-05-18T15:02:38.874520
Igreja São Gonçalo,"BR-367, 125 - Minas Novas, MG, 39650-000, Brazil",,,,-17.217331,-42.597741,<p>Domingos ás 8:30h</p>,Other,Other,,,,<p>Domingos ás 8:30h</p>,,https://www.latinmass.com/find-latin-mass,2026-05-18T15:02:38.874520
Mariä Heimsuchung,"Auf dem Mariahilfberg 4, 92224 Amberg, Germany",,,,49.452419,11.871944,<p>3rd Sunday 5:00pm</p>,FSSP,FSSP,https://petrusbruderschaft.de/pages/wo-wir-sind/deutschland/niederlassungen/bettbrunn/messzeiten.php,,,<p>3rd Sunday 5:00pm</p>,,https://www.latinmass.com/find-latin-mass,2026-05-18T15:02:38.874520
Herz Jesu,"Deutsche Schulgasse 4, 92224 Amberg, Germany",,,,49.44556,11.85527,<p>1st Sunday 5:00pm</p>,FSSP,FSSP,https://petrusbruderschaft.de/pages/wo-wir-sind/deutschland/niederlassungen/bettbrunn/messzeiten.php,,,<p>1st Sunday 5:00pm</p>,,https://www.latinmass.com/find-latin-mass,2026-05-18T15:02:38.874520
St Blasius,"Kirchpl. 1, 85051 Ingolstadt, Germany",,,,48.712655,11.4056,<p>Friday 6:30pm (except Holy days)</p>,Diocesan,Diocesan,https://www.pfarrei-zuchering.de/,,,<p>Friday 6:30pm (except Holy days)</p>,,https://www.latinmass.com/find-latin-mass,2026-05-18T15:02:38.874520
St Christopher,"228 W 47th St 2nd floor, New York, New York 10036, USA",,,,40.759651,-73.98622,<p>Sunday 4:00pm</p>,SSPX,SSPX,https://www.sspxnyc.com/,,,<p>Sunday 4:00pm</p>,,https://www.latinmass.com/find-latin-mass,2026-05-18T15:02:38.874520
"The Oratory of St Philip Neri,  of St Bernadette","176 Fordyce Rd, Walmer, Gqeberha, 6065, South Africa",,,,-33.980756,25.588729,<p>Sundays 10:00am; First Class Feasts&nbsp;13:10</p>,Other Community,Other,https://pe-oratory.org.za/,,,<p>Sundays 10:00am; First Class Feasts&nbsp;13:10</p>,,https://www.latinmass.com/find-latin-mass,2026-05-18T15:02:38.874520
Cathedral of the Assumption of Mary,"Hof 18, 7000 Chur, Switzerland",,,,46.847694,9.535103,<p>2nd Sunday&nbsp; 08:45am</p>,Diocesan,Diocesan,https://www.kathkgchur.ch/sites/content/pfarrblatt.html,,,<p>2nd Sunday&nbsp; 08:45am</p>,,https://www.latinmass.com/find-latin-mass,2026-05-18T15:02:38.874520
"Convento del Sagrado Corazón y Nuestra Señora de los Ángeles, OCD","C. del Dr. Esquerdo, 44, Retiro, 28009 Madrid, Spain",,,,40.420585,-3.66957,<p>1st &amp; 3rd Saturday 8:30 AM</p>,Institute of Christ the King,ICKSP,https://icrss.es/santa-misa-horarios/,,,<p>1st &amp; 3rd Saturday 8:30 AM</p>,,https://www.latinmass.com/find-latin-mass,2026-05-18T15:02:38.874520
Holy Family,"1923 Fillmore St, Davenport, Iowa 52804, USA",,,,41.539118,-90.592555,<p>Sunday 11:00am; Monday 12:05pm; Friday&nbsp;7:15am</p>,Diocesan,Diocesan,https://ostende.blog/,,,<p>Sunday 11:00am; Monday 12:05pm; Friday&nbsp;7:15am</p>,,https://www.latinmass.com/find-latin-mass,2026-05-18T15:02:38.874520
Convento del Sagrado Corazón y Nuestra Señora de los Ángeles,"Cerro de los Angeles, 28909, Madrid, Spain",,,,40.305901,-3.690993,<p>1st &amp; 3rd Saturday 8:30 AM</p>,Institute of Christ the King,ICKSP,https://icrss.es/santa-misa-horarios/,,,<p>1st &amp; 3rd Saturday 8:30 AM</p>,,https://www.latinmass.com/find-latin-mass,2026-05-18T15:02:38.874520
Convento de San José - Siervas de Jesús Sacerdote y del Corazón de María,"45950 Casarrubios del Monte, Toledo, Spain",,,,40.183619,-4.03621,<p>Sun &amp; Holy Days 10:00 AM | Mon-Sat 8:15 AM<br></p>,SSPX,SSPX,https://fsspx.es/es/capillas-0,,,<p>Sun &amp; Holy Days 10:00 AM | Mon-Sat 8:15 AM<br></p>,,https://www.latinmass.com/find-latin-mass,2026-05-18T15:02:38.874520
São José Institute - Traditional Catholic Apostolate,"R. Francisco Pinto, 78 - Vila Arens/Vila Progresso, Jundiaí - SP, 13202-550, Brazil",,,,-23.200462,-46.875914,<p>Sunday 7:00pm</p>,Other,Other,,,,<p>Sunday 7:00pm</p>,,https://www.latinmass.com/find-latin-mass,2026-05-18T15:02:38.874520
St Christopher Catholic,"2372 Badger St, Marquette, Michigan 49855, USA",,,,46.553656,-87.438163,<p>1st Sunday 12:00pm</p>,Diocesan,Diocesan,https://stpetercathedral.org/,,,<p>1st Sunday 12:00pm</p>,,https://www.latinmass.com/find-latin-mass,2026-05-18T15:02:38.874520
Our Lady of Ransom,"307 Bedford Rd, Kempston, Bedford MK42, UK",,,,52.118181,-0.496684,<p>Mon 09:30; Tue 06:30; Wed 19:15; Thu 09:30; Fri 11:30; Sat 11:30<br></p>,FSSP,FSSP,https://fssp.org.uk/bedford/,,,<p>Mon 09:30; Tue 06:30; Wed 19:15; Thu 09:30; Fri 11:30; Sat 11:30<br></p>,,https://www.latinmass.com/find-latin-mass,2026-05-18T15:02:38.874520
All Saints,"Church End, Kempston, Bedford MK43 8RH, UK",,,,52.119739,-0.520201,<p>Sunday 8:30 (Missa Cantata)</p>,FSSP,FSSP,https://fssp.org.uk/bedford/,,,<p>Sunday 8:30 (Missa Cantata)</p>,,https://www.latinmass.com/find-latin-mass,2026-05-18T15:02:38.874520
Holy Family Oratory,"2750 Beaver Rd, Union, Kentucky 41091, USA",,,,38.890606,-84.730325,<p>Sunday 7:00am; Saturday 9:00am (check Our Lady of Lourdes bulletin for changes)</p>,Diocesan,Diocesan,https://www.ololparish.org/,,,<p>Sunday 7:00am; Saturday 9:00am (check Our Lady of Lourdes bulletin for changes)</p>,,https://www.latinmass.com/find-latin-mass,2026-05-18T15:02:38.874520
Missão da Fraternidade São Pio X,"R. Dr. Mattos, 107 - Caju, Campos dos Goytacazes - RJ, 28051-175, Brazil",,,,-21.745753,-41.336691,<p>Domingo às 8h<br><br>Tel: (22) 99233-0266<br></p>,SSPX,SSPX,https://fsspx.com.br/pt,,,<p>Domingo às 8h<br><br>Tel: (22) 99233-0266<br></p>,,https://www.latinmass.com/find-latin-mass,2026-05-18T15:02:38.874520
Venerável Ordem Terceira de Nossa Senhora do Monte Carmelo,"R. Treze de Maio, 44 - Centro, Campos dos Goytacazes - RJ, 28010-260, Brazil",,,,-21.758608,-41.323187,<p>Sábado às 18h e domingo às 8h30min</p>,Diocesan,Diocesan,https://www.instagram.com/otccamposrj/,,,<p>Sábado às 18h e domingo às 8h30min</p>,,https://www.latinmass.com/find-latin-mass,2026-05-18T15:02:38.874520
Capela Tradicionalista Santa Terezinha,"Arraial, Campos dos Goytacazes - RJ, Brazil",,,,-21.601794,-41.314729,"<p>Missa aos domingos às 7h30, exceto o 1º domingo do mês</p>",Diocesan,Diocesan,,,,"<p>Missa aos domingos às 7h30, exceto o 1º domingo do mês</p>",,https://www.latinmass.com/find-latin-mass,2026-05-18T15:02:38.874520
Paroquia Nossa Senhora Aparecida,"R. dos Goytacazes, 1171 - Parque Turf Club, Campos dos Goytacazes - RJ, 28026-601, Brazil",,,,-21.782702,-41.321857,<p>Missa aos domingos às 10h</p>,Diocesan,Diocesan,,,,<p>Missa aos domingos às 10h</p>,,https://www.latinmass.com/find-latin-mass,2026-05-18T15:02:38.874520
Paróquia São Geraldo Magela,"Tv. Santa Inês, 250 - Jardim Guarus, Campos dos Goytacazes - RJ, 28060-393, Brazil",,,,-21.728315,-41.325068,<p>Missa aos domingos às 8h30min. Segunda a Sabado 19h</p>,Diocesan,Diocesan,https://www.facebook.com/SaoGeraldoMajelaIgreja/photos/a.291568417860909/317594608591623/?type=3,,,<p>Missa aos domingos às 8h30min. Segunda a Sabado 19h</p>,,https://www.latinmass.com/find-latin-mass,2026-05-18T15:02:38.874520
Igreja de São José - Reitoria,"R. Riachuelo, 619 - Parque Turf Club, Campos dos Goytacazes - RJ, 28013-450, Brazil",,,,-21.768434,-41.315041,<p>Missas de segunda a sábado às 6h30 e 18h; domingo às 8h e 19h</p>,Diocesan,Diocesan,,,,<p>Missas de segunda a sábado às 6h30 e 18h; domingo às 8h e 19h</p>,,https://www.latinmass.com/find-latin-mass,2026-05-18T15:02:38.874520
Igreja de Nossa Senhora do Terço,"Av. Sete de Setembro, 268 - Centro, Campos dos Goytacazes - RJ, 28010-562, Brazil",,,,-21.758405,-41.317343,<p>Missas diárias às 7h e 18h</p>,Diocesan,Diocesan,https://www.facebook.com/paroquiadoterco,,,<p>Missas diárias às 7h e 18h</p>,,https://www.latinmass.com/find-latin-mass,2026-05-18T15:02:38.874520
"São João Maria Vianney, Imaculado Coração de Nossa Senhora do Rosário de Fátima","R. Visc. de Alvarenga, 354 - Parque Leopoldina, Campos dos Goytacazes - RJ, 28053-000, Brazil",,,,-21.750176,-41.347555,"<p>Missas aos domingos às 7h, 9h15 e 19h00; 2ª, 4ª, 5ª e 6ª às 19h; 3ª e Sábado às 6h30. Primeiro sábado do mês às 19h. Primeira sexta-feira às 6h30. Contate a paróquia para confirmar horários</p><p><a href=""http://www.catolicosempre.org.br/"">Click to visit website</a></p>",Diocesan,Diocesan,,,,"<p>Missas aos domingos às 7h, 9h15 e 19h00; 2ª, 4ª, 5ª e 6ª às 19h; 3ª e Sábado às 6h30. Primeiro sábado do mês às 19h. Primeira sexta-feira às 6h30. Contate a paróquia para confirmar horários</p><p><a href=""http://www.catolicosempre.org.br/"">Click to visit website</a></p>",https://media.mapme.com/places/0bbb0274-e8e5-4b02-9149-a323208a14d3/gallery/c6f0d384-660d-4c36-a342-cc17cbbd80ff.hd,https://www.latinmass.com/find-latin-mass,2026-05-18T15:02:38.874520
Immaculate Heart of Mary,"1040 Alameda de las Pulgas, Belmont, California 94002, USA",,,,37.510824,-122.294339,<p>Sunday 4:00pm</p>,Diocesan,Diocesan,https://www.ihmbelmont.org/,,,<p>Sunday 4:00pm</p>,,https://www.latinmass.com/find-latin-mass,2026-05-18T15:02:38.874520
Église St-Georges,"Rue de l'Église, 71680 Vinzelles, France",,,,46.271229,4.766061,<p>Sunday 10h30 (High Mass); Friday 18h30; Saturday 11h30</p>,FSSP,FSSP,https://www.fssp-saone-et-loire.com/,,,<p>Sunday 10h30 (High Mass); Friday 18h30; Saturday 11h30</p>,,https://www.latinmass.com/find-latin-mass,2026-05-18T15:02:38.874520
Chapel of the Holy Family,"Via del Laghetto, 12/A, 39042 Bressanone BZ, Italy",,,,46.709272,11.654378,<p>Sunday 5:00pm</p>,SSPX,SSPX,https://fsspx.at/de/priorate-und-messzentren-0,,,<p>Sunday 5:00pm</p>,,https://www.latinmass.com/find-latin-mass,2026-05-18T15:02:38.874520
Japanese Martyrs,"30881 Co Rd 24, Sleepy Eye, Minnesota 56085, USA",,,,44.221576,-94.803867,<p>Sunday 11:30am</p>,Diocesan,Diocesan,https://www.divinemercyafc.org/,,,<p>Sunday 11:30am</p>,,https://www.latinmass.com/find-latin-mass,2026-05-18T15:02:38.874520
Instituto São José - Apostolado Católico,"R. Francisco Pinto, 78 - Vila Arens/Vila Progresso, Jundiaí - SP, 13202-550, Brazil",,,,-23.200462,-46.875914,<p>Santa Missa todo Domingo 19h</p>,Other,Other,https://youtube.com/@institutosaojose-jundiai?si=tNOohTte15_6icFS,,,<p>Santa Missa todo Domingo 19h</p>,,https://www.latinmass.com/find-latin-mass,2026-05-18T15:02:38.874520
St Elisabeth,"Kirchpl. 12, 93476 Blaibach, Germany",,,,49.166227,12.809368,<p>1st + 3rd Sunday 11:45am</p>,FSSP,FSSP,https://petrusbruderschaft.de/pages/wo-wir-sind/deutschland/niederlassungen/bettbrunn/home.php,,,<p>1st + 3rd Sunday 11:45am</p>,,https://www.latinmass.com/find-latin-mass,2026-05-18T15:02:38.874520
Haus St Albertus Magnus,"Forststraße 12, 85092 Kösching, Germany",,,,48.874173,11.556612,<p>Monday 6:15pm</p>,FSSP,FSSP,https://petrusbruderschaft.de/pages/wo-wir-sind/deutschland/niederlassungen/bettbrunn/home.php,,,<p>Monday 6:15pm</p>,,https://www.latinmass.com/find-latin-mass,2026-05-18T15:02:38.874520
Schwesternheim,"Eichendorffstraße 31, 85055 Ingolstadt, Germany",,,,48.773202,11.439427,<p>Saturday 8:30am</p>,Diocesan,Diocesan,https://ingolstadt-st-josef.bistum-eichstaett.de/startseite/,,,<p>Saturday 8:30am</p>,,https://www.latinmass.com/find-latin-mass,2026-05-18T15:02:38.874520
Kathedrale St Mariä Himmelfahrt,"Hof 18, 7000 Chur, Switzerland",,,,46.847694,9.535103,"<p>2nd Sunday 8:45am<br><br><a href=""https://www.kathkgchur.ch/sites/content/pfarrblatt.html"">Pfarrblatt</a><br></p>",Diocesan,Diocesan,https://www.kathkgchur.ch/sites/content/dompfarrei.html,,,"<p>2nd Sunday 8:45am<br><br><a href=""https://www.kathkgchur.ch/sites/content/pfarrblatt.html"">Pfarrblatt</a><br></p>",,https://www.latinmass.com/find-latin-mass,2026-05-18T15:02:38.874520
Capela do Canela - Missa Tridentina em Salvador,"Av. Araújo Pinho, 39 - Canela, Salvador - BA, 40110-150, Brazil",,,,-12.993197,-38.522841,,Other,Other,https://www.instagram.com/missatridentinasalvador,,,,,https://www.latinmass.com/find-latin-mass,2026-05-18T15:02:38.874520
Missão Cristo Rei,"Caravelas, BA, 45900-000, Brazil",,,,-17.733767,-39.265278,,Other,Other,https://www.instagram.com/ascaravelasdecristo,,,,,https://www.latinmass.com/find-latin-mass,2026-05-18T15:02:38.874520
Missão do Mosteiro da Santa Cruz em Bom Jesus da Lapa,"Bom Jesus da Lapa, State of Bahia, 47600-000, Brazil",,,,-13.252123,-43.41723,,Other,Other,https://www.instagram.com/laparesiste,,,,,https://www.latinmass.com/find-latin-mass,2026-05-18T15:02:38.874520
Chapel of the Good Shepherd,"42 Streich Ave, Kelmscott WA 6111, Australia",,,,-32.119771,116.015718,<p>Sunday 8:30am Sung Mass</p>,Diocesan,Diocesan,https://www.goodshepherdlatinmass.com/,,,<p>Sunday 8:30am Sung Mass</p>,,https://www.latinmass.com/find-latin-mass,2026-05-18T15:02:38.874520
Fatima Kapelle,"Vorderbergstrasse 2, 7323 Vilters-Wangs, Switzerland",,,,47.027602,9.432158,"<p>Institut Sancta Maria<br></p><p>Sunday 8:30am;&nbsp;<span style=""font-size: 1rem;"">Saturday 7:15am;&nbsp;</span><span style=""font-size: 1rem;"">Monday-Friday 6:35am, 7:35am</span></p>",SSPX,SSPX,https://wangs.fsspx.ch/de/gottesdienstordnung-35268,,,"<p>Institut Sancta Maria<br></p><p>Sunday 8:30am;&nbsp;<span style=""font-size: 1rem;"">Saturday 7:15am;&nbsp;</span><span style=""font-size: 1rem;"">Monday-Friday 6:35am, 7:35am</span></p>",,https://www.latinmass.com/find-latin-mass,2026-05-18T15:02:38.874520
Kapelle St Theresia vom Kinde Jesu,"Schliengerweg 33, 4057 Basel, Switzerland",,,,47.572736,7.59549,"<p>Sun 7.30am Low Mass, 9.30am Sung Mass; Mon, Th, Tu, Fri 7.00pm; Wed 7.00am; Sat 8.00am</p>",SSPX,SSPX,https://fsspx.ch/de/basel-kapelle-st-theresia-vom-kinde-jesu-31978,,,"<p>Sun 7.30am Low Mass, 9.30am Sung Mass; Mon, Th, Tu, Fri 7.00pm; Wed 7.00am; Sat 8.00am</p>",,https://www.latinmass.com/find-latin-mass,2026-05-18T15:02:38.874520
Capela Nossa Senhora Auxiliadora,"Loteamento - Av. Gramado, 6126 - Jardim Me. Tereza Ll, Foz do Iguaçu - PR, 85862-675, Brazil",,,,-25.486669,-54.516565,,Other,Other,https://linktr.ee/fronteiracatolica,,,,,https://www.latinmass.com/find-latin-mass,2026-05-18T15:02:38.874520
St Leo Oratory,"221 Hanford St, Columbus, Ohio 43206, USA",,,,39.936318,-82.989374,<p>Sunday 8am</p>,Institute of Christ the King,ICKSP,https://institute-christ-king.org/columbus-home,,,<p>Sunday 8am</p>,,https://www.latinmass.com/find-latin-mass,2026-05-18T15:02:38.874520
Dom St Liborius,"Dompl. 1, 33098 Paderborn, Germany",,,,51.718724,8.755428,<p>Wednesday 6:30pm (Except Lent)</p>,Diocesan,Diocesan,https://judica-me.de/,,,<p>Wednesday 6:30pm (Except Lent)</p>,,https://www.latinmass.com/find-latin-mass,2026-05-18T15:02:38.874520
St Mary Parish,"600 N Liberty St, Independence, Missouri 64050, USA",,,,39.096492,-94.417308,<p>Sunday 5pm; Monday 7:30am; Wednesday 6pm; Thursday 7:30am; Friday 7:30am</p>,Diocesan,Diocesan,,,,<p>Sunday 5pm; Monday 7:30am; Wednesday 6pm; Thursday 7:30am; Friday 7:30am</p>,,https://www.latinmass.com/find-latin-mass,2026-05-18T15:02:38.874520
Basilica of St Mary,"412 Ann St, Wilmington, North Carolina 28401, USA",,,,34.232217,-77.943396,<p>4th Sunday 5:00pm</p>,Diocesan,Diocesan,https://www.Stmarybasilica.org/,,,<p>4th Sunday 5:00pm</p>,,https://www.latinmass.com/find-latin-mass,2026-05-18T15:02:38.874520
St Stanislaus Catholic,"6098 Co Rd 4, Minto, North Dakota 58261, USA",,,,48.294696,-97.254173,<p>1st Friday 11::00am</p>,Diocesan,Diocesan,https://www.sh-ss.org/,,,<p>1st Friday 11::00am</p>,,https://www.latinmass.com/find-latin-mass,2026-05-18T15:02:38.874520
St Mary,"Mäntytie 2, 00270 Helsinki, Finland",,,,60.191652,24.90027,<p>1st Sunday at 12:45pm</p>,Other Community,Other,https://gregorius.fi/,,,<p>1st Sunday at 12:45pm</p>,,https://www.latinmass.com/find-latin-mass,2026-05-18T15:02:38.874520
St Odilo,"2244 East Ave, Berwyn, Illinois 60402, USA",,,,41.848418,-87.788704,<p>Sunday 10:00</p>,Diocesan,Diocesan,https://www.Stodilo.org/,,,<p>Sunday 10:00</p>,,https://www.latinmass.com/find-latin-mass,2026-05-18T15:02:38.874520
St Paul,"Riia 27, 51010 Tartu, Estonia",,,,58.371787,26.715712,<p>Sundays at 16:00 (3 times a month)</p>,SSPX,SSPX,https://www.fsspx.ee,,,<p>Sundays at 16:00 (3 times a month)</p>,,https://www.latinmass.com/find-latin-mass,2026-05-18T15:02:38.874520
Chapel of St Joseph,"VC7C+93X, Paita, New Caledonia",,,,-22.136512,166.420234,<p>1x a month at 9:00 am</p>,SSPX,SSPX,https://laportelatine.org/lieux/paita,,,<p>1x a month at 9:00 am</p>,,https://www.latinmass.com/find-latin-mass,2026-05-18T15:02:38.874520
Assumption Catholic,"9034 95 Ave NW, Edmonton, AB T6C 1Z3, Canada",,,,53.532128,-113.466011,"<p>Sundays: <br>7:30 am - Low Mass (Assumption )<br><span style=""font-size: 1rem; color: rgba(var(--v-theme-on-surface),var(--v-high-emphasis-opacity));"">12:30 pm - Missa Cantata - Sung High Mass (Assumption )<br></span><span style=""font-size: 1rem; color: rgba(var(--v-theme-on-surface),var(--v-high-emphasis-opacity));"">4:30 pm - Low Mass (St Edmund)</span></p>",FSSP,FSSP,https://vitalgrandinchaplaincy.ca/,,,"<p>Sundays: <br>7:30 am - Low Mass (Assumption )<br><span style=""font-size: 1rem; color: rgba(var(--v-theme-on-surface),var(--v-high-emphasis-opacity));"">12:30 pm - Missa Cantata - Sung High Mass (Assumption )<br></span><span style=""font-size: 1rem; color: rgba(var(--v-theme-on-surface),var(--v-high-emphasis-opacity));"">4:30 pm - Low Mass (St Edmund)</span></p>",,https://www.latinmass.com/find-latin-mass,2026-05-18T15:02:38.874520
St John Cantius,"Adama Mickiewicza 2, 32-650 Kęty, Poland",,,,49.884711,19.22059,<p>1st &amp; 3rd Sunday 11:30am</p>,Diocesan,Diocesan,https://www.facebook.com/msza.trydencka.w.ketach/,,,<p>1st &amp; 3rd Sunday 11:30am</p>,https://media.mapme.com/places/245245b3-4575-4690-bb53-dadb51e98fed/gallery/70a794fe-cc0a-49f7-b4c3-79408ebcbf92.hd,https://www.latinmass.com/find-latin-mass,2026-05-18T15:02:38.874520
Parrocchia Santa Croce,"Via Corte D'Appello, 44, 09124 Cagliari CA, Italy",,,,39.219671,9.114901,"<p>Sunday 8:00am, 9:15am, 11:00am;&nbsp;Daily 7:00pm</p><p><a href=""http://www.parrocchiasantacroce.com/"" target=""_blank"" rel=""noopener noreferrer"">Click for more info</a></p>",Diocesan,Diocesan,,,,"<p>Sunday 8:00am, 9:15am, 11:00am;&nbsp;Daily 7:00pm</p><p><a href=""http://www.parrocchiasantacroce.com/"" target=""_blank"" rel=""noopener noreferrer"">Click for more info</a></p>",,https://www.latinmass.com/find-latin-mass,2026-05-18T15:02:38.874520
St Michael,"211 Harbor Rd, Staten Island, New York 10303, USA",,,,40.63136,-74.160189,<p>3rd Sunday 5:00pm (Sung)</p>,Diocesan,Diocesan,https://www.facebook.com/LatinMassSINY/,,,<p>3rd Sunday 5:00pm (Sung)</p>,https://media.mapme.com/places/b54dfe13-6082-45cc-9ee0-f8444d8848d3/gallery/fc311e9f-a24e-45ae-9cbb-9ae408fd9d61.hd,https://www.latinmass.com/find-latin-mass,2026-05-18T15:02:38.874520
Chapelle St-Hubert,"10 Rue de la Haie aux Vaches, 78690 Les Essarts-le-Roi, France",,,,48.717968,1.869417,"<p>Sunday 8:30am, 10:00am</p>",SSPX,SSPX,https://laportelatine.org/lieux/villepreux/les-essarts,,,"<p>Sunday 8:30am, 10:00am</p>",,https://www.latinmass.com/find-latin-mass,2026-05-18T15:02:38.874520
Cappella di Maria Santissima Immacolata,"Via Eschilo, 28, 20831 Seregno MB, Italy",,,,45.639418,9.200484,"<p>Sunday&nbsp;8:00am, 10:00am, 18:00</p>",SSPX,SSPX,https://fsspx.it/it/cappelle-e-oratori,,,"<p>Sunday&nbsp;8:00am, 10:00am, 18:00</p>",https://media.mapme.com/places/813285e8-5f7e-4563-8146-eeca50f56465/gallery/06f21bf9-582d-4c10-a6b6-90d682e069b1.hd,https://www.latinmass.com/find-latin-mass,2026-05-18T15:02:38.874520
Sint-Michaëlskapel,"Caelenbergstraat 40, 3665 As, Belgium",,,,51.031068,5.606458,<p><br></p>,Other,Other,https://www.michaelskapel.be/,,,<p><br></p>,https://media.mapme.com/places/c112b852-f142-45f9-9954-42b8160b1ffa/gallery/deda36ec-49e3-4012-abd9-8a476c58e4d3.hd,https://www.latinmass.com/find-latin-mass,2026-05-18T15:02:38.874520
"R. Maj. Claudiano, 1488","R. Maj. Claudiano, 1488 - Centro, Franca - SP, 14400-690, Brazil",,,,-20.541229,-47.401069,,FSSP,FSSP,,,,,,https://www.latinmass.com/find-latin-mass,2026-05-18T15:02:38.874520
Chapel of San Felipe de Jesus,"738 Geraghty Ave, Los Angeles, California 90063, USA",,,,34.044982,-118.182861,<p>Sunday 10:30am</p>,FSSP,FSSP,,,,<p>Sunday 10:30am</p>,,https://www.latinmass.com/find-latin-mass,2026-05-18T15:02:38.874520
St Bernard Roman Catholic Church,"22 St Bernards Rd, Wharton, New Jersey 07885, USA",,,,40.918906,-74.549428,<p>Sunday 12pm; Monday-Saturday 7:30am</p>,Diocesan,Diocesan,https://www.stbernardmthope.org/,,,<p>Sunday 12pm; Monday-Saturday 7:30am</p>,https://media.mapme.com/places/1dfd5df5-4445-4fd9-89cc-30a5e28d5560/gallery/37063ccc-34f2-492f-af50-b3cda335f61a.hd,https://www.latinmass.com/find-latin-mass,2026-05-18T15:02:38.874520
Mater Dei,"21 Ste Anne Rd, Greater Sudbury, ON P3C 5P6, Canada",,,,46.494667,-80.995452,<p>Check the website for Mass schedule</p>,Diocesan,Diocesan,https://materdeiparish.ca/holy-mass-schedule/,,,<p>Check the website for Mass schedule</p>,https://media.mapme.com/places/15000aee-f998-436c-9fdd-c1c0a3c28821/gallery/45985787-8d57-4954-8ba4-160983e28fc5.hd,https://www.latinmass.com/find-latin-mass,2026-05-18T15:02:38.874520
St Joseph,"Allee nach Sanssouci 7, 14471 Potsdam, Germany",,,,52.398955,13.043757,<p>Sundays &amp; Holy Days 5pm</p>,Diocesan,Diocesan,https://suscipiat.jimdofree.com/,,,<p>Sundays &amp; Holy Days 5pm</p>,,https://www.latinmass.com/find-latin-mass,2026-05-18T15:02:38.874520
Chapel of St Jacek,"Uniczowska 13, 40-748 Katowice, Poland",,,,50.176885,18.968347,"<p>Sunday 8:30am, 6pm; Saturday 6pm, 1st Friday 7pm; 1st Saturday 9am</p>",SSPX,SSPX,https://piusx.org.pl/kaplice/katowice,,,"<p>Sunday 8:30am, 6pm; Saturday 6pm, 1st Friday 7pm; 1st Saturday 9am</p>",,https://www.latinmass.com/find-latin-mass,2026-05-18T15:02:38.874520
Marian Franciscan Mass,"The Presbytery, 20 St Colmans Ave, Cosham, Portsmouth PO6 2JJ, UK",,,,50.847591,-1.061824,"<p>Sunday 11:00am <br>Currently at St Colemans due to roof leaks, Normally at St Joseph of Portsmouth</p>",Other,Other,https://www.themarianfranciscans.org/,,,"<p>Sunday 11:00am <br>Currently at St Colemans due to roof leaks, Normally at St Joseph of Portsmouth</p>",,https://www.latinmass.com/find-latin-mass,2026-05-18T15:02:38.874520
St Assumption of the Blessed Virgin Mary,"Kościelna 1, 44-300 Wodzisław Śląski, Poland",,,,50.003887,18.462294,<p>4th Sunday 1:00pm</p>,Diocesan,Diocesan,https://trydencka-wodzislaw.blogspot.com,,,<p>4th Sunday 1:00pm</p>,,https://www.latinmass.com/find-latin-mass,2026-05-18T15:02:38.874520
St Jacob,"plac Dominikański 1, 47-400 Racibórz, Poland",,,,50.092033,18.220616,<p>3rd Sunday 2:00pm</p>,Diocesan,Diocesan,https://www.facebook.com/trydencka.raciborz/,,,<p>3rd Sunday 2:00pm</p>,https://media.mapme.com/places/63ecd806-0b37-4313-a721-35f85363b606/gallery/f1e0be1f-40c6-4629-8a79-8cd563b2a5f1.hd,https://www.latinmass.com/find-latin-mass,2026-05-18T15:02:38.874520
Our Lady of Sorrows,"Franciszka Rybnickiego 2, 44-200 Rybnik, Poland",,,,50.097547,18.542115,,Diocesan,Diocesan,"https://www.bolesna-rybnik.pl/start,i1.html",,,,,https://www.latinmass.com/find-latin-mass,2026-05-18T15:02:38.874520
Chapel of St Mary Magdalene,"Łukasińskiego 32, 57-304 Kłodzko, Poland",,,,50.442541,16.656844,"<p><a href=""http://www.tradycja-swidnica.org.pl/"" target=""_blank"" rel=""noopener noreferrer"">Click for More Info</a></p>",Diocesan,Diocesan,,,,"<p><a href=""http://www.tradycja-swidnica.org.pl/"" target=""_blank"" rel=""noopener noreferrer"">Click for More Info</a></p>",https://media.mapme.com/places/ca28a0bd-3313-4abe-adbb-7ada3616811e/gallery/5934c654-3c09-4ac6-9b24-590d9ce0d382.hd,https://www.latinmass.com/find-latin-mass,2026-05-18T15:02:38.874520
Holy Cross,"Westerplatte 2, 58-100 Świdnica, Poland",,,,50.841024,16.494172,"<p><a href=""http://www.tradycja-swidnica.org.pl"" target=""_blank"" rel=""noopener noreferrer"">Click for More Info</a></p>",Diocesan,Diocesan,,,,"<p><a href=""http://www.tradycja-swidnica.org.pl"" target=""_blank"" rel=""noopener noreferrer"">Click for More Info</a></p>",,https://www.latinmass.com/find-latin-mass,2026-05-18T15:02:38.874520
Sanctuary of Our Lady of Sorrows,"plac Kościelny, 58-300 Wałbrzych, Poland",,,,50.765243,16.280702,"<p>3rd Sunday 15.00<br><a href=""http://www.tradycja-swidnica.org.pl"" target=""_blank"" rel=""noopener noreferrer"">Click for More Info</a></p>",Diocesan,Diocesan,,,,"<p>3rd Sunday 15.00<br><a href=""http://www.tradycja-swidnica.org.pl"" target=""_blank"" rel=""noopener noreferrer"">Click for More Info</a></p>",,https://www.latinmass.com/find-latin-mass,2026-05-18T15:02:38.874520
Chapel of the Blessed Bronisława,"Nadbrzeżna 3, 59-220 Legnica, Poland",,,,51.210176,16.173427,"<p><a href=""https://www.facebook.com/tridentina.diecezja.legnicka"" target=""_blank"" rel=""noopener noreferrer"">Click for More Info</a></p>",Diocesan,Diocesan,,,,"<p><a href=""https://www.facebook.com/tridentina.diecezja.legnicka"" target=""_blank"" rel=""noopener noreferrer"">Click for More Info</a></p>",https://media.mapme.com/places/544d505f-451a-4af1-a637-26e61dfa815e/gallery/55be0c34-750c-43b4-aa6a-0c6718707271.hd,https://www.latinmass.com/find-latin-mass,2026-05-18T15:02:38.874520
St Bartholomew,"Kościelna 1, 62-500 Konin, Poland",,,,52.209643,18.255138,"<p>3rd Sunday 16.00&nbsp;<br><a href=""https://www.facebook.com/profile.php?id=100080318829979"" target=""_blank"" rel=""noopener noreferrer"">Click for More Info</a></p>",Diocesan,Diocesan,,,,"<p>3rd Sunday 16.00&nbsp;<br><a href=""https://www.facebook.com/profile.php?id=100080318829979"" target=""_blank"" rel=""noopener noreferrer"">Click for More Info</a></p>",https://media.mapme.com/places/ea2678c8-4f65-4ad1-bd8b-385f218f1a58/gallery/43eda087-19dd-4b8e-be51-a4553f3bc174.hd,https://www.latinmass.com/find-latin-mass,2026-05-18T15:02:38.874520
St Jacob,"Senatorska 11, 96-100 Skierniewice, Poland",,,,51.957706,20.141037,<p>2nd Sunday 3:00pm</p>,Diocesan,Diocesan,https://jakub.skierniewice.com.pl,,,<p>2nd Sunday 3:00pm</p>,,https://www.latinmass.com/find-latin-mass,2026-05-18T15:02:38.874520
St Joseph,"świętego Maksymiliana Kolbe 2, 96-100 Skierniewice, Poland",,,,51.982413,20.216911,"<p>Sunday 1:00pm; 4th Sunday 3:00pm<br><a href=""http://www.tradycja.koszalin.opoka.org.pl/"" target=""_blank"" rel=""noopener noreferrer"">Click for More Info</a></p>",Diocesan,Diocesan,,,,"<p>Sunday 1:00pm; 4th Sunday 3:00pm<br><a href=""http://www.tradycja.koszalin.opoka.org.pl/"" target=""_blank"" rel=""noopener noreferrer"">Click for More Info</a></p>",https://media.mapme.com/places/e63cd11e-c0f2-4ce9-a6cb-40cda62326f2/gallery/48398a1d-17ca-4910-87ab-e9747dbcf8e5.hd,https://www.latinmass.com/find-latin-mass,2026-05-18T15:02:38.874520
Holy Name of Mary,"400 Verret St, New Orleans, Louisiana 70114, USA",,,,29.95187,-90.050468,<p>Sunday 9:15am</p>,Diocesan,Diocesan,https://holynameofmarynola.org/mass-times,,,<p>Sunday 9:15am</p>,https://media.mapme.com/places/a1a3a3a2-cfb1-479a-8439-e8d5198d22a9/gallery/adabc773-2bba-4942-b5cc-1c090184da12.hd,https://www.latinmass.com/find-latin-mass,2026-05-18T15:02:38.874520
Iglesia de Nuestra Señora de la Victoria,"Bellavista 37, 8420524 Recoleta, Providencia, Región Metropolitana, Chile",,,,-33.434741,-70.636593,<p>2nd Sunday</p>,Diocesan,Diocesan,https://asociacionliturgicamagnificat.blogspot.com/?m=1,,,<p>2nd Sunday</p>,,https://www.latinmass.com/find-latin-mass,2026-05-18T15:02:38.874520
London Brompton Oratory,"Brompton Rd, London SW7 2RP, UK",,,,51.497075,-0.16952,"<p>Sunday 9am, 11am; Daily 8am, 6pm</p>",Other,Other,https://www.bromptonoratory.co.uk/#about,,,"<p>Sunday 9am, 11am; Daily 8am, 6pm</p>",,https://www.latinmass.com/find-latin-mass,2026-05-18T15:02:38.874520
Chapelle de la Présentation de Marie,"Chem. de Montolivet 19, 1006 Lausanne, Switzerland",,,,46.510316,6.637615,<p>Sunday 10:00am</p>,SSPX,SSPX,https://lausanne.fsspx.ch/fr,,,<p>Sunday 10:00am</p>,,https://www.latinmass.com/find-latin-mass,2026-05-18T15:02:38.874520
Chapelle Notre-Dame Gardienne de la Foi,"Rte du Coteau 6, 1763 Granges-Paccot, Switzerland",,,,46.81704,7.138859,<p>Sunday 9:30am</p>,SSPX,SSPX,https://fsspx.ch/fr/granges-paccot-chapelle-notre-dame-gardienne-la-foi-32467,,,<p>Sunday 9:30am</p>,,https://www.latinmass.com/find-latin-mass,2026-05-18T15:02:38.874520
Kristi Förklarings Kapell,"Jons väg 44, 433 75 Jonsered, Sweden",,,,57.74507,12.171096,<p>Sunday 12:00pm</p>,Other,Other,https://paxetbonum.se/hem/gudstj%C3%A4nsttider.html,,,<p>Sunday 12:00pm</p>,,https://www.latinmass.com/find-latin-mass,2026-05-18T15:02:38.874520
St Blaise,"prilaz Gjure Deželića 64, 10000, Zagreb, Croatia",,,,45.81086,15.960411,<p>Sunday 4:45pm</p>,Diocesan,Diocesan,https://www.svblaz.hr/,,,<p>Sunday 4:45pm</p>,,https://www.latinmass.com/find-latin-mass,2026-05-18T15:02:38.874520
Prieuré St Nicolas – Chapelle du Sacré-Cœur,"65 Rue du Maréchal Oudinot, 54000 Nancy, France",,,,48.675382,6.183258,<p>Sunday&nbsp;10h30</p>,SSPX,SSPX,https://laportelatine.org/lieux/nancy,,,<p>Sunday&nbsp;10h30</p>,,https://www.latinmass.com/find-latin-mass,2026-05-18T15:02:38.874520
Unbeflecktes Herz Mariens,"Bodelsberg 5, 87477 Sulzberg, Germany",,,,47.678924,10.407536,<p>Sunday&nbsp;09.00 </p>,SSPX,SSPX,https://fsspx.today/chapel/bodelsberg/informationen/,,,<p>Sunday&nbsp;09.00 </p>,,https://www.latinmass.com/find-latin-mass,2026-05-18T15:02:38.874520
St Michael Parish,"460 Dryburgh St, North Melbourne VIC 3051, Australia",,,,-37.793999,144.945543,<p>Sunday 5pm</p>,Diocesan,Diocesan,https://www.facebook.com/people/Latin-Mass-North-Melbourne/100069875481896/?ref=page_internal,,,<p>Sunday 5pm</p>,https://media.mapme.com/places/830cdd0d-bd2e-47df-9d5c-a5c2d59e56c3/gallery/ae859817-d4d8-477a-83a0-13cd4e7a82e7.hd,https://www.latinmass.com/find-latin-mass,2026-05-18T15:02:38.874520
St Thomas Aquinas,"Piotra Skargi 13, 05-420 Józefów, Poland",,,,52.13887,21.227359,"<p>Sunday 9:00am, 11:00pm</p>",SSPX,SSPX,https://www.facebook.com/photo/?fbid=166211096070007&set=a.166211099403340,,,"<p>Sunday 9:00am, 11:00pm</p>",https://media.mapme.com/places/e9159e9a-7ace-41fc-a902-284663b00f9e/gallery/f68b2f96-2e09-486c-b251-cbb590bc33b1.hd,https://www.latinmass.com/find-latin-mass,2026-05-18T15:02:38.874520
St Cuthbert,"6 Belford Park, Edinburgh EH4 3DP, UK",,,,55.950239,-3.225196,<p>Sunday 9:00am; Monday-Friday 18:00&nbsp;</p>,FSSP,FSSP,https://fsspscotland.org/#masses,,,<p>Sunday 9:00am; Monday-Friday 18:00&nbsp;</p>,https://media.mapme.com/places/90ef12b3-afcd-4bd9-a382-c2ea5782ff8c/gallery/9686a505-8a0d-45f7-b268-395ce295cbfe.hd,https://www.latinmass.com/find-latin-mass,2026-05-18T15:02:38.874520
St Maximilian Kolbe,"Wyspiańskiego 1, 86-302 Grudziądz, Poland",,,,53.462009,18.73365,<p>Every other Sunday 4:15pm</p>,Diocesan,Diocesan,https://www.facebook.com/people/Duszpasterstwo-Tradycji-%C5%81aci%C5%84skiej-w-Grudzi%C4%85dzu/100081594083373/,,,<p>Every other Sunday 4:15pm</p>,,https://www.latinmass.com/find-latin-mass,2026-05-18T15:02:38.874520
Monastery of the Most Holy Trinity Discalced Carmelite Nuns,"5801 Mt. Carmel Dr, Arlington, Texas 76017, USA",,,,32.652555,-97.148616,"<p>Daily 7:30am<br><a href=""http://www.carmelnuns.com/"" target=""_blank"" rel=""noopener noreferrer"">Click for More Info</a></p>",SSPX,SSPX,https://www.carmelnuns.com/,,,"<p>Daily 7:30am<br><a href=""http://www.carmelnuns.com/"" target=""_blank"" rel=""noopener noreferrer"">Click for More Info</a></p>",,https://www.latinmass.com/find-latin-mass,2026-05-18T15:02:38.874520
"Karmel, Glumslöv","Fortunavägen 55, 257 30 Rydebäck, Sweden",,,,55.957675,12.783724,,Diocesan,Diocesan,https://karmel.se/,,,,,https://www.latinmass.com/find-latin-mass,2026-05-18T15:02:38.874520
Shrine  of St Walburge,"Pedder St, Ashton-on-Ribble, Preston, UK",,,,53.762734,-2.714115,"<p>Sunday 10:30am, 6:30pm; Monday 8:30am; Tuesday 8:30am; Wednesday 8:30am, 12:00pm; Thursday 8:30am; Friday 8:30am; Saturday 8:30am, 12:00pm</p>",Institute of Christ the King,ICKSP,https://icksp.org.uk/preston/,,,"<p>Sunday 10:30am, 6:30pm; Monday 8:30am; Tuesday 8:30am; Wednesday 8:30am, 12:00pm; Thursday 8:30am; Friday 8:30am; Saturday 8:30am, 12:00pm</p>",,https://www.latinmass.com/find-latin-mass,2026-05-18T15:02:38.874520
Lar dos Meninos Monsenhor Pitaluga,"Av. Brasil Sul, 3.639 - St. Sul Jamil Miguel I e II, Anápolis - GO, 75124-145, Brazil",,,,-16.354796,-48.959971,,Diocesan,Diocesan,https://www.diocesedeanapolis.org.br/lar-dos-meninos-monsenhor-pitaluga/,,,,,https://www.latinmass.com/find-latin-mass,2026-05-18T15:02:38.874520
Capela Santa Teresinha,"Praça Des. Araújo Jorge - Barra da Tijuca, Rio de Janeiro - RJ, 22611-220, Brazil",,,,-23.010538,-43.297043,,Other,Other,https://www.instagram.com/missatridentinanorj/?igsh=MXNlajk4aXp5bGxjaA%3D%3D,,,,,https://www.latinmass.com/find-latin-mass,2026-05-18T15:02:38.874520
Capela N.S. da Imaculada Conceição,"R. Monsenhor Bacelar, 590 - Centro, Petrópolis - RJ, 25685-113, Brazil",,,,-22.515853,-43.18582,<p>Santa Missa todos os Domingos às 17h. Mas pedimos que fique atento ao nosso Instagram para qualquer mudança no horário da Missa ou para Missas especiais celebradas em outros dias.</p>,Diocesan,Diocesan,https://www.instagram.com/missaemlatimpetropolis?igsh=MXAwbW54YzZqdzgzZg==,,,<p>Santa Missa todos os Domingos às 17h. Mas pedimos que fique atento ao nosso Instagram para qualquer mudança no horário da Missa ou para Missas especiais celebradas em outros dias.</p>,https://media.mapme.com/places/cc61ec6a-caca-4c54-a24e-63de84d66a1e/gallery/9c03eb6d-829c-4eca-957b-04406c665cf6.hd,https://www.latinmass.com/find-latin-mass,2026-05-18T15:02:38.874520
Confraria Nossa Senhora da Conceição,"R. da Conceição, 216 - Centro, Niterói - RJ, 24020-080, Brazil",,,,-22.894555,-43.118691,<p>Às 17h de domingo (conferir horário e local sempre antes no Facebook)</p>,Diocesan,Diocesan,https://www.facebook.com/share/SWeuswWpLxQzTU1w/?mibextid=LQQJ4d,,,<p>Às 17h de domingo (conferir horário e local sempre antes no Facebook)</p>,,https://www.latinmass.com/find-latin-mass,2026-05-18T15:02:38.874520
Capela São José,"Rua Carlos Baltazar da Silveira, 34 - Vila Nova, Nova Friburgo - RJ, 28625-800, Brazil",,,,-22.270972,-42.53511,<p>&nbsp;1º e 3º Domingo do mês (sempre conferir possíveis alterações através do Instagram)</p>,Other,Other,https://www.instagram.com/missatridentinanovafriburgo?igsh=c3gwdnpjNDNoZ3J5,,,<p>&nbsp;1º e 3º Domingo do mês (sempre conferir possíveis alterações através do Instagram)</p>,,https://www.latinmass.com/find-latin-mass,2026-05-18T15:02:38.874520
Capelania Pessoal Nossa Senhora do Perpétuo Socorro,"R. Dr. Miguel Couto - Jardim Amalia, Volta Redonda - RJ, 27251-260, Brazil",,,,-22.512045,-44.080279,"<p>Domingo, às 19h (sempre conferir quaisquer alterações antes através da página do Facebook)</p>",Other,Other,https://www.facebook.com/share/xFdy2LqacAQZAM3Q/?mibextid=LQQJ4d,,,"<p>Domingo, às 19h (sempre conferir quaisquer alterações antes através da página do Facebook)</p>",,https://www.latinmass.com/find-latin-mass,2026-05-18T15:02:38.874520
St Joseph Convent,"1250 Hackberry Rd, Redfield, Kansas 66769, USA",,,,37.77413,-94.875026,<p>Daily 7:30am</p>,Other Community,Other,https://filiae.org/,,,<p>Daily 7:30am</p>,,https://www.latinmass.com/find-latin-mass,2026-05-18T15:02:38.874520
Our Lady Help of Christians,"Vamenta Blvd, Cagayan de Oro, Misamis Oriental, Philippines",,,,8.47873,124.637853,"<p>Sunday 6:30am, 8:00am; 1st Friday and Saturday 5:30pm</p>",SSPX,SSPX,https://fsspx.asia/en,,,"<p>Sunday 6:30am, 8:00am; 1st Friday and Saturday 5:30pm</p>",,https://www.latinmass.com/find-latin-mass,2026-05-18T15:02:38.874520
St Charles Borromeo,"221 N Bailey St, Cheboygan, Michigan 49721, USA",,,,45.645476,-84.480385,"<p>Sundays 10:30am; M, Tu, W, F, Sa 12:00pm; Thursdays 5:15pm</p>",SSPX,SSPX,https://Stcharlescheboygan.com,,,"<p>Sundays 10:30am; M, Tu, W, F, Sa 12:00pm; Thursdays 5:15pm</p>",,https://www.latinmass.com/find-latin-mass,2026-05-18T15:02:38.874520
Holy Name of Mary,"500 Eliza St, New Orleans, Louisiana 70114, USA",,,,29.951137,-90.05017,<p>Sunday&nbsp;9:15am; Mon-Fri 8:00am</p>,Diocesan,Diocesan,https://holynameofmarynola.org/,,,<p>Sunday&nbsp;9:15am; Mon-Fri 8:00am</p>,,https://www.latinmass.com/find-latin-mass,2026-05-18T15:02:38.874520
Instituto Gregoriano de Curitiba - Capela São José Chambery,"Av. São José, 199 - Cristo Rei, Curitiba - PR, 80050-350, Brazil",,,,-25.435469,-49.247715,<p>Sunday 17:00</p>,Other,Other,https://institutogregorianodecuritiba.org/,,,<p>Sunday 17:00</p>,,https://www.latinmass.com/find-latin-mass,2026-05-18T15:02:38.874520
St Andrew the Apostle,"6415 NE Antioch Rd, Gladstone, Missouri 64119, USA",,,,39.210015,-94.547411,<p>1st and 3rd Saturday 8:00am</p>,Diocesan,Diocesan,https://sataps.com/,,,<p>1st and 3rd Saturday 8:00am</p>,,https://www.latinmass.com/find-latin-mass,2026-05-18T15:02:38.874520
Our Lady of the Caves,"1010 S Dixie St, Horse Cave, Kentucky 42749, USA",,,,37.166366,-85.915994,"<p>1st, 3rd, 5th Sunday 10:30am</p>",Diocesan,Diocesan,https://www.facebook.com/STHELENOLC/,,,"<p>1st, 3rd, 5th Sunday 10:30am</p>",,https://www.latinmass.com/find-latin-mass,2026-05-18T15:02:38.874520
Igreja Nossa Senhora do Perpétuo Socorro e São Judas Tadeu,"R. Taubaté, 12 - Rodilândia, Nova Iguaçu - RJ, 26083-070, Brazil",,,,-22.739399,-43.502321,"<p>Domingo, às 9:30 na Igreja do Perpétuo Socorro e às 7h na Capela de São José (sempre verificar possíveis alterações de horários através do Instagram)</p>",Other,Other,https://www.instagram.com/nsra.perpetuosocorro.ni?igsh=MTFnbHZveDVxeWxz,,,"<p>Domingo, às 9:30 na Igreja do Perpétuo Socorro e às 7h na Capela de São José (sempre verificar possíveis alterações de horários através do Instagram)</p>",,https://www.latinmass.com/find-latin-mass,2026-05-18T15:02:38.874520
Capela Santa Cecília,"Alameda Cristóvão Chiaradia, 265, São Lourenço - MG, 37470-000, Brazil",,,,-22.111975,-45.04286,<p>Domingo (verificar sempre os horários antes através do Instagram)</p>,Other,Other,https://www.instagram.com/cap.santacecilia?igsh=aTFyYnRrcnh1N29x,,,<p>Domingo (verificar sempre os horários antes através do Instagram)</p>,,https://www.latinmass.com/find-latin-mass,2026-05-18T15:02:38.874520
Capela de São Geraldo,"Itaverava, MG, 36440-000, Brazil",,,,-20.666473,-43.653942,<p>Verificar horários através do Instagram</p>,Other,Other,https://www.instagram.com/missatridentinaitaverava?igsh=MW03ZzluMDBhY3BxMQ==,,,<p>Verificar horários através do Instagram</p>,,https://www.latinmass.com/find-latin-mass,2026-05-18T15:02:38.874520
Igreja São Bom Jesus do Querendo,"Bom Jesus do Querendo, Natividade - RJ, 28380-000, Brazil",,,,-20.981686,-41.848061,<p>Verificar horários através do Instagram</p>,Other,Other,https://www.instagram.com/capela_senhor_bom_jesus?igsh=MTV3Ymdzc2d0MDJvdg==,,,<p>Verificar horários através do Instagram</p>,,https://www.latinmass.com/find-latin-mass,2026-05-18T15:02:38.874520
Our Lady & St Wilfrid,"Warwick Bridge, Carlisle CA4 8RX, UK",,,,54.903702,-2.820337,<p>Saturday 10am</p>,Diocesan,Diocesan,https://www.carlislecatholic.org/our-es/our-lady-and-st-wilfrid-s,,,<p>Saturday 10am</p>,,https://www.latinmass.com/find-latin-mass,2026-05-18T15:02:38.874520
Église Notre-Dame de Savigny,"Rte du Manoir, 50210 Savigny, France",,,,49.049822,-1.335577,<p>Sunday 11:00am</p>,Other,Other,https://www.tourisme-coutances.com/the-must-see-places/virtual-tours/-of-savigny/,,,<p>Sunday 11:00am</p>,,https://www.latinmass.com/find-latin-mass,2026-05-18T15:02:38.874520
Golgotha Monastery,"St Magnus Priory Norton, Stronsay, Orkney KW17 2AR, UK",,,,59.148164,-2.585592,<p>Sun 7:00am; Mon-Sat 7:00am</p>,Other,Other,https://www.papastronsay.com/,,,<p>Sun 7:00am; Mon-Sat 7:00am</p>,,https://www.latinmass.com/find-latin-mass,2026-05-18T15:02:38.874520
St Michael Abbey,"St michael abbey press, 280 Farnborough Rd, Farnborough GU14 7NQ, UK",,,,51.297165,-0.749777,<p>Sunday 9:00am; Weekdays 8:00am</p>,Other,Other,https://farnboroughabbey.org/,,,<p>Sunday 9:00am; Weekdays 8:00am</p>,,https://www.latinmass.com/find-latin-mass,2026-05-18T15:02:38.874520
Capilla del Colegio de Huérfanos Ferroviarios,"P.º el Parque, 14, 24005 León, Spain",,,,42.582854,-5.566862,<p>1st Sun 7:00pm</p>,Diocesan,Diocesan,https://www.instagram.com/misagregorianaleon?igsh=dzdqMXIxNDBwZ24z,,,<p>1st Sun 7:00pm</p>,,https://www.latinmass.com/find-latin-mass,2026-05-18T15:02:38.874520
San José Chapel,"Av. España, 1, 29680 Estepona, Málaga, Spain",,,,36.425793,-5.142715,<p>1st Sunday of month 19:00 | Next Monday 8:30</p>,SSPX,SSPX,https://fsspx.es/es,,,<p>1st Sunday of month 19:00 | Next Monday 8:30</p>,,https://www.latinmass.com/find-latin-mass,2026-05-18T15:02:38.874520
Chapel of Our Lady of Suyapa,"3QMR+8GR, Tegucigalpa, Francisco Morazán, Honduras",,,,14.083362,-87.208734,<p>No permanent priest at the moment so it may vary. Check the Parish Facebook for monthly schedules</p>,SSPX,SSPX,https://www.facebook.com/fsspxhn/?locale=es_LA,,,<p>No permanent priest at the moment so it may vary. Check the Parish Facebook for monthly schedules</p>,,https://www.latinmass.com/find-latin-mass,2026-05-18T15:02:38.874520
Most Holy Trinity,"720 Telfair St, Augusta, Georgia 30901, USA",,,,33.471722,-81.966803,<p>4th Sunday 12:30pm</p>,Diocesan,Diocesan,https://augustalatinmass.org,,,<p>4th Sunday 12:30pm</p>,,https://www.latinmass.com/find-latin-mass,2026-05-18T15:02:38.874520
St John the Baptist,"8 Cathedral St, Maitland NSW 2320, Australia",,,,-32.734223,151.55916,<p>Sunday 9:30am (Low Mass)</p>,FSSP,FSSP,https://www.mn.catholic.org.au/places/the-latin-tridentine-chaplaincy/,,,<p>Sunday 9:30am (Low Mass)</p>,,https://www.latinmass.com/find-latin-mass,2026-05-18T15:02:38.874520
Convento de las Concepcionistas,"C. Pedro Muñoz Seca, 45, 11500 El Puerto de Sta María, Cádiz, Spain",,,,36.597161,-6.228106,<p>Everyday 9:30am</p>,Institute of Christ the King,ICKSP,https://icrss.es/santa-misa-horarios/,,,<p>Everyday 9:30am</p>,,https://www.latinmass.com/find-latin-mass,2026-05-18T15:02:38.874520
St Josef,"Luzernerstrasse 90, 6014 Luzern, Switzerland",,,,47.051071,8.270069,<p>Sunday 9:30am</p>,SSPX,SSPX,https://fsspx.ch/fr/jeune-abstinence-paques-51114,,,<p>Sunday 9:30am</p>,,https://www.latinmass.com/find-latin-mass,2026-05-18T15:02:38.874520
Christ the King,"Piazza Don Bosco, 11, 39100 Bolzano BZ, Italy",,,,46.488087,11.325538,,Diocesan Parish,Diocesan,https://www.lateinische-messe.tirol/it/luoghi-delle-celebrazioni/bolzano,,,,https://media.mapme.com/places/d83a76a1-c01c-40f9-80cd-1e8907a72498/gallery/cf2b44db-85c5-4f79-884d-dc8b22fa3862.hd,https://www.latinmass.com/find-latin-mass,2026-05-18T15:02:38.874520
Chapel of The Immaculate Conception,"X4XH+WM, Kota Kinabalu, Sabah, Malaysia",,,,5.999812,116.129188,"<p>Available twice a month, Sunday Masses either in the morning or in the evening<br><a href=""https://www.facebook.com/share/1DnZCZEVTA/"" target=""_blank"" rel=""noopener noreferrer"">Click for more info</a></p>",SSPX,SSPX,https://tlmsabah.yolasite.com/,,,"<p>Available twice a month, Sunday Masses either in the morning or in the evening<br><a href=""https://www.facebook.com/share/1DnZCZEVTA/"" target=""_blank"" rel=""noopener noreferrer"">Click for more info</a></p>",https://media.mapme.com/places/74213874-1eb2-46ed-8467-9a4281691300/gallery/2bb2ae6e-db84-4246-9a76-08cceacdc1c2.hd,https://www.latinmass.com/find-latin-mass,2026-05-18T15:02:38.874520
Madonna del Noce,"Via Madonna del Noce, 44, 22070 Grandate CO, Italy",,,,45.771804,9.051562,<p>Thursdays 8.30pm</p>,Other,Other,https://parrocchiagrandate.it/parrocchia-storia/,,,<p>Thursdays 8.30pm</p>,,https://www.latinmass.com/find-latin-mass,2026-05-18T15:02:38.874520
St. Oliver Plunkett,"340 Newfoundland Dr, St. John's, NL A1A 3R9, Canada",,,,47.601888,-52.705592,,Diocesan,Diocesan,https://www.facebook.com/latinmassnewfoundland/,,,,,https://www.latinmass.com/find-latin-mass,2026-05-18T15:02:38.874520
Église Notre-Dame des Armées de Versailles,"4 Imp. des Gendarmes, 78000 Versailles, France",,,,48.800626,2.131009,"<p>Sunday 8:00am, 9:00am, 10:30am, 12:00, 7:00pm; Weekdays 7:00pm</p>",Diocesan,Diocesan,https://notredamedesarmees.fr/,,,"<p>Sunday 8:00am, 9:00am, 10:30am, 12:00, 7:00pm; Weekdays 7:00pm</p>",,https://www.latinmass.com/find-latin-mass,2026-05-18T15:02:38.874520
Oratory of S.s. Pietro and Caterina,"Via dei Mille, 17100 Savona SV, Italy",,,,44.310251,8.48021,Sunday 6:00pm,Diocesan,Diocesan,https://beatottavianocom.wordpress.com/,,,Sunday 6:00pm,https://media.mapme.com/places/7ab2fe4d-7c85-430f-b27f-2b94af38251a/gallery/6e0a47e9-a5b9-4c72-a052-e9887689cc7f.hd,https://www.latinmass.com/find-latin-mass,2026-05-18T15:02:38.874520
St Mary of the Assumption,"103 W 7th St, Oswego, New York 13126, USA",,,,43.456437,-76.518175,Sundays,Institute of Christ the King,ICKSP,https://stmarysoswego.com,,,Sundays,https://media.mapme.com/places/25caf6ef-0f73-4232-8c24-9b2650feff76/gallery/7e9b5ea1-b8b9-481d-b6d9-42a5bf5a1797.hd,https://www.latinmass.com/find-latin-mass,2026-05-18T15:02:38.874520
St Joseph,"1331 7th St, Port Huron, Michigan 48060, USA",,,,42.969701,-82.427725,Sunday 8:00am,Diocesan,Diocesan,,,,Sunday 8:00am,,https://www.latinmass.com/find-latin-mass,2026-05-18T15:02:38.874520
Koenji Catholic,"2-chōme-33-32 Kōenjiminami, Suginami City, Tokyo 166-0003, Japan",,,,35.699511,139.65339,,Other,Other,https://uvj.jp/activities/recent-activities/,,,,,https://www.latinmass.com/find-latin-mass,2026-05-18T15:02:38.874520
St Philip,"60 Junction Rd, Blackburn North VIC 3130, Australia",,,,-37.807737,145.166092,<span>Saturday 9:00am Low Mass</span>,Diocesan,Diocesan,https://stphilipsblackburnnorth.weebly.com/mass-times.html,,,<span>Saturday 9:00am Low Mass</span>,,https://www.latinmass.com/find-latin-mass,2026-05-18T15:02:38.874520
Mount Erin Chapel,"1 Edmondson St, Turvey Park NSW 2650, Australia",,,,-35.120614,147.363776,<span>Sunday 10:00am Sung Mass</span>,Diocesan,Diocesan,https://waggalatinmass.blogspot.com/,,,<span>Sunday 10:00am Sung Mass</span>,,https://www.latinmass.com/find-latin-mass,2026-05-18T15:02:38.874520
St Mary,"102 Urana St, The Rock NSW 2655, Australia",,,,-35.268735,147.115614,<span>Sunday 8:00am Low Mass</span>,Diocesan,Diocesan,https://wagga.catholic.org.au/directory/listing/the-rock/,,,<span>Sunday 8:00am Low Mass</span>,,https://www.latinmass.com/find-latin-mass,2026-05-18T15:02:38.874520
St James,"153 Caswell St, Peak Hill NSW 2869, Australia",,,,-32.729894,148.193809,<span>Sunday 2:00pm Sung Mass (dependent on Bishop schedule)</span>,Diocesan,Diocesan,https://www.wf.catholic.org.au/about-us/latin-mass/,,,<span>Sunday 2:00pm Sung Mass (dependent on Bishop schedule)</span>,,https://www.latinmass.com/find-latin-mass,2026-05-18T15:02:38.874520
St Michael the Archangel,"Pitman Ave, Buronga NSW 2739, Australia",,,,-34.168707,142.180542,<span>3rd Friday 6:00pm Sung Mass; Saturday following 9:00am Low Mass</span>,Diocesan,Diocesan,https://www.fssp.net/locations,,,<span>3rd Friday 6:00pm Sung Mass; Saturday following 9:00am Low Mass</span>,,https://www.latinmass.com/find-latin-mass,2026-05-18T15:02:38.874520
Our Lady of the Angels Chapel,"Armidale NSW 2350, Australia",,,,-30.515834,151.662728,"<span>2nd, 3rd &amp; 4th Mondays 7:00am Low Mass&nbsp;</span>",Diocesan,Diocesan,https://smjcathedral.org.au/schedule-and-mass-times/,,,"<span>2nd, 3rd &amp; 4th Mondays 7:00am Low Mass&nbsp;</span>",,https://www.latinmass.com/find-latin-mass,2026-05-18T15:02:38.874520
Église St Pierre de Clages,"Rue de l'Eglise 15, 1955 Chamoson, Switzerland",,,,46.192184,7.237336,<span>2nd Sunday 17.30</span>,Diocesan,Diocesan,https://www.gregorien.ch/,,,<span>2nd Sunday 17.30</span>,,https://www.latinmass.com/find-latin-mass,2026-05-18T15:02:38.874520
Embry-Riddle Center for Faith and Spirituality,"267 Aerospace Blvd, Daytona Beach, Florida 32114, USA",,,,29.189336,-81.051058,<span>1st and 3rd Tuesdays 6:00pm</span>,SSPX,SSPX,https://campusgroups.erau.edu/ash/home/,,,<span>1st and 3rd Tuesdays 6:00pm</span>,,https://www.latinmass.com/find-latin-mass,2026-05-18T15:02:38.874520
St Mary,"224 W Washington St, Hagerstown, Maryland 21740, USA",,,,39.64462,-77.724979,<span>Sunday 11:00am</span>,Diocesan,Diocesan,https://Stmarysonline.org/,,,<span>Sunday 11:00am</span>,,https://www.latinmass.com/find-latin-mass,2026-05-18T15:02:38.874520
St Georg,"Pfarrer-Miller-Straße 7, 89362 Offingen, Germany",,,,48.485811,10.362931,<span>1st Saturday 7:30am; Tuesdays 6:30pm</span>,Diocesan,Diocesan,https://www2.bistum-augsburg.de/pfarreien/pfarreiengemeinschaften/offingen_id385991,,,<span>1st Saturday 7:30am; Tuesdays 6:30pm</span>,,https://www.latinmass.com/find-latin-mass,2026-05-18T15:02:38.874520
St John the Apostle,"4607 W State Rd 46, Bloomington, Indiana 47404, USA",,,,39.214393,-86.591783,<span>1st Saturday&nbsp;7:30am&nbsp;Dominican Rite</span>,Diocesan,Diocesan,https://www.sjabloomington.org/,,,<span>1st Saturday&nbsp;7:30am&nbsp;Dominican Rite</span>,,https://www.latinmass.com/find-latin-mass,2026-05-18T15:02:38.874520
St Michael,"678 School St, Craig, Colorado 81625, USA",,,,40.517615,-107.55048,<span>Wednesdays 6:30am</span>,Diocesan,Diocesan,https://www.nwtriparish.com/,,,<span>Wednesdays 6:30am</span>,,https://www.latinmass.com/find-latin-mass,2026-05-18T15:02:38.874520
St Lambert,"8148 Karlov Ave, Skokie, Illinois 60076, USA",,,,42.029627,-87.731344,,Other,Other,https://www.sspeterandlambert.org/,,,,,https://www.latinmass.com/find-latin-mass,2026-05-18T15:02:38.874520
Sacred Heart of Jesus Adoration Chapel,"Wyszyńskiego 2, 66-470 Kostrzyn nad Odrą, Poland",,,,52.587927,14.661156,<span>Occasional Sundays 12:00; Masses also in the Ferial Days. Please check the announcements on the Facebook page</span>,Diocesan,Diocesan,https://www.facebook.com/profile.php?id=100078960480392,,,<span>Occasional Sundays 12:00; Masses also in the Ferial Days. Please check the announcements on the Facebook page</span>,,https://www.latinmass.com/find-latin-mass,2026-05-18T15:02:38.874520
Retraitecentrum Klein Sion,"Arnhemsestraat 60, 6974 AK Leuvenheim, Netherlands",,,,52.080132,6.14695,,Diocesan,Diocesan,https://www.kleinsion.nl/,,,,,https://www.latinmass.com/find-latin-mass,2026-05-18T15:02:38.874520
Sint-Salviuskerk,"Pastoor Janssenstraat 14, 6141 AN Limbricht, Netherlands",,,,51.012528,5.839105,<span>Friday 07:00pm; Satuday 09:00am</span>,Diocesan,Diocesan,https://parochieclusterlimbricht.nl/kerk-limbricht/,,,<span>Friday 07:00pm; Satuday 09:00am</span>,,https://www.latinmass.com/find-latin-mass,2026-05-18T15:02:38.874520
Notre-Dame de l'Immaculée Conception,"44 Rue Jean-Jaurès, 86000 Poitiers, France",,,,46.580482,0.346371,"<span>Sundays &amp; Feasts 9:00am, 10:30am; 1st Friday 8:30am; 1st Saturday 9:00am</span><br>",SSPX,SSPX,https://laportelatine.org/lieux/merigny/poitiers,,,"<span>Sundays &amp; Feasts 9:00am, 10:30am; 1st Friday 8:30am; 1st Saturday 9:00am</span><br>",,https://www.latinmass.com/find-latin-mass,2026-05-18T15:02:38.874520
Notre-Dame du Rosaire,"Le Bois, 36220 Mérigny, France",,,,46.654981,0.941451,"<span>Sunday 9:00am, 10:30am; 1st Friday 7:50am, 6:30pm; 1st Saturday&nbsp;7:50am</span>&nbsp;&nbsp;",SSPX,SSPX,https://transfiguration.over-blog.com/2017/04/chapelles.html,,,"<span>Sunday 9:00am, 10:30am; 1st Friday 7:50am, 6:30pm; 1st Saturday&nbsp;7:50am</span>&nbsp;&nbsp;",,https://www.latinmass.com/find-latin-mass,2026-05-18T15:02:38.874520
Holy Ghost,"1900 California St, Denver, Colorado 80202, USA",,,,39.748121,-104.987945,<span>Sunday 10am</span>,Other,Other,https://holyghost.org/,,,<span>Sunday 10am</span>,,https://www.latinmass.com/find-latin-mass,2026-05-18T15:02:38.874520
Chapelle du Bon-Jésus,"1 Rue du Bon Jésus, 13002 Marseille, France",,,,43.300128,5.369105,Dimanche et fête : Messe : 11h00,Other,Other,https://www.institutdubonpasteur.org/nos-apostolats/lieux-dapostolat-dans-le-monde/marseille/,,,Dimanche et fête : Messe : 11h00,,https://www.latinmass.com/find-latin-mass,2026-05-18T15:02:38.874520
Église Ste-Eulalie,"1 Rue de la Merci, 34000 Montpellier, France",,,,43.609736,3.871262,<span>Dimanche et fêtes : 10h30</span><br>,Institute of Christ the King,ICKSP,https://icrspfrance.fr/apostolats/montpellier,,,<span>Dimanche et fêtes : 10h30</span><br>,,https://www.latinmass.com/find-latin-mass,2026-05-18T15:02:38.874520
Église St Médard,"Rue du Chauffour, 02200 Acy, France",,,,49.345762,3.410902,<span>Dimanche : Messe : 10h30</span>,Other,Other,https://www.institutdubonpasteur.org/nos-apostolats/lieux-dapostolat-dans-le-monde/acy/,,,<span>Dimanche : Messe : 10h30</span>,,https://www.latinmass.com/find-latin-mass,2026-05-18T15:02:38.874520
Debrecen Chapel of the Kinderklinik der Medizinischen Universität Debrecen,"Debrecen, Pallagi út, 4002 Hungary",,,,47.571768,21.630609,Sunday masses occassionally&nbsp;<br><br>,SSPX,SSPX,https://fsspx.hu/hu/miserend-46281,,,Sunday masses occassionally&nbsp;<br><br>,,https://www.latinmass.com/find-latin-mass,2026-05-18T15:02:38.874520
St Louis,"12 Rue St Louis, St-Louis 97450, Réunion",,,,-21.290747,55.410141,,SSPX,SSPX,,,,,,https://www.latinmass.com/find-latin-mass,2026-05-18T15:02:38.874520
St Michael,"15 Moli Place, Suva, Fiji",,,,-18.113685,178.474427,"4th Sunday, preceding Saturday",SSPX,SSPX,https://sspx.au/en/childrens-sermons-50724,,,"4th Sunday, preceding Saturday",,https://www.latinmass.com/find-latin-mass,2026-05-18T15:02:38.874520
St-Denis,"Chem. de Grand Canal, Ste-Clotilde 97400, Réunion",,,,-20.903289,55.498728,,SSPX,SSPX,,,,,,https://www.latinmass.com/find-latin-mass,2026-05-18T15:02:38.874520
St Philomena,"7 Neville St, Western Hills, Gqeberha, 6025, South Africa",,,,-33.933693,25.531718,<span>Sunday 9:00am (High Mass); Monday 6:00pm (Low Mass); Saturday 8:00am (Low Mass) Friday 6:00pm (Low Mass)</span><br>,SSPX,SSPX,https://fsspx.africa/en/St-philomenas-chapel-52403,,,<span>Sunday 9:00am (High Mass); Monday 6:00pm (Low Mass); Saturday 8:00am (Low Mass) Friday 6:00pm (Low Mass)</span><br>,,https://www.latinmass.com/find-latin-mass,2026-05-18T15:02:38.874520
Parroquia Nuestra Señora del Carmen,"Av San Jerónimo 310, San Jeronimo, 64640 Monterrey, N.L., Mexico",,,,25.673761,-100.355913,Sunday 9:30am,Diocesan,Diocesan,https://www.instagram.com/liturgiatradimty/,,,Sunday 9:30am,,https://www.latinmass.com/find-latin-mass,2026-05-18T15:02:38.874520
Our Lady Of Lourdes,"9970 California City Blvd, California City, California 93505, USA",,,,35.12561,-117.950545,<span>4th Sunday</span>,Diocesan,Diocesan,https://ollcalcity.org/,,,<span>4th Sunday</span>,,https://www.latinmass.com/find-latin-mass,2026-05-18T15:02:38.874520
Kościół św. Rodziny w Tarnowie,"Krakowska 41, 33-100 Tarnów, Poland",,,,50.008983,20.976322,<span>Sunday and holy days 13:35</span>&nbsp;,Diocesan,Diocesan,https://misjonarzetarnow.pl/,,,<span>Sunday and holy days 13:35</span>&nbsp;,,https://www.latinmass.com/find-latin-mass,2026-05-18T15:02:38.874520
Templo Santo Domingo Savio,"Av. Constituyentes de Nuevo León 205, Linda Vista, 67130 Guadalupe, N.L., Mexico",,,,25.689947,-100.261701,<span>1st and 3rd Sunday 7:30am</span>,Diocesan,Diocesan,https://www.facebook.com/UnaVoceMonterrey/,,,<span>1st and 3rd Sunday 7:30am</span>,,https://www.latinmass.com/find-latin-mass,2026-05-18T15:02:38.874520
Capela São Pedro de Alcântara,"R. Aureo Lino Da Silva, 469 - Boa Esperança, Cuiabá - MT, 78068-545, Brazil",,,,-15.615495,-56.061817,"<span>Missas: o primeiro fim de semana do mês, no Domingo às 10h</span><br><a href=""saopedrodealcantara.capela@gmail.com"">Email</a>",SSPX,SSPX,,,,"<span>Missas: o primeiro fim de semana do mês, no Domingo às 10h</span><br><a href=""saopedrodealcantara.capela@gmail.com"">Email</a>",,https://www.latinmass.com/find-latin-mass,2026-05-18T15:02:38.874520
St Hedwig Kirche,"Kurt-Schumacher-Allee 62, 28327 Bremen, Germany",,,,53.079498,8.901382,<span>Fr. 19pm; every 2nd month</span>,Diocesan,Diocesan,https://www.alte-messe-im-norden.de/,,,<span>Fr. 19pm; every 2nd month</span>,,https://www.latinmass.com/find-latin-mass,2026-05-18T15:02:38.874520
Kapelle Maria Hilfe der Christen,"Hügelweg 8, 6410 Goldau, Switzerland",,,,47.046591,8.55133,<span>Sunday 9:00am; Wednesday&nbsp;7:00pm; 1st Friday 7:00pm;&nbsp;1st Saturday 7:30am</span>&nbsp;&nbsp;&nbsp;&nbsp;&nbsp;&nbsp;&nbsp;&nbsp;,SSPX,SSPX,https://fsspx.ch/de/goldau-kapelle-maria-hilfe-der-christen-31988,,,<span>Sunday 9:00am; Wednesday&nbsp;7:00pm; 1st Friday 7:00pm;&nbsp;1st Saturday 7:30am</span>&nbsp;&nbsp;&nbsp;&nbsp;&nbsp;&nbsp;&nbsp;&nbsp;,,https://www.latinmass.com/find-latin-mass,2026-05-18T15:02:38.874520
"Kirche Herz-Jesu, Oensingen","Staadackerstrasse 4, 4702 Oensingen, Switzerland",,,,47.288714,7.714896,"<span>Sunday 7:15am, 9:15 am; Tuesday, Thursday 7:00pm; 1st Friday 7:00pm; Saturday 8:30am</span>&nbsp;",SSPX,SSPX,https://fsspx.ch/de/oensingen-herz-jesu-kirche-31994,,,"<span>Sunday 7:15am, 9:15 am; Tuesday, Thursday 7:00pm; 1st Friday 7:00pm; Saturday 8:30am</span>&nbsp;",,https://www.latinmass.com/find-latin-mass,2026-05-18T15:02:38.874520
Heilig-Geist-Kirche/ Delsberg,"Rue de la Prévôté 1, 2800 Delémont, Switzerland",,,,47.358917,7.343629,,SSPX,SSPX,https://fsspx.ch/de/delsberg-heilig-geist-kirche-31980,,,,,https://www.latinmass.com/find-latin-mass,2026-05-18T15:02:38.874520
Maison du Cœur Eucharistique,"Les Côtes, 2340 Le Noirmont, Switzerland",,,,47.228753,6.951465,<span>Sunday 10:00am; Monday 10:00am; Tuesday-Friday&nbsp;8:00am; Saturday 6:00pm</span>&nbsp;&nbsp;&nbsp;,Institute of Christ the King,ICKSP,https://institut-christus-koenig.de/diozese-basel/apostolate/le-noirmont/,,,<span>Sunday 10:00am; Monday 10:00am; Tuesday-Friday&nbsp;8:00am; Saturday 6:00pm</span>&nbsp;&nbsp;&nbsp;,,https://www.latinmass.com/find-latin-mass,2026-05-18T15:02:38.874520
St Andreaskerk,"Gelderingen 77, 8341 PV Steenwijkerwold, Netherlands",,,,52.800627,6.05809,<span>Monday-Saturday 7:30am</span>,Diocesan,Diocesan,https://www.youtube.com/@tridentijnsemisnoordnederland,,,<span>Monday-Saturday 7:30am</span>,,https://www.latinmass.com/find-latin-mass,2026-05-18T15:02:38.874520
Our Lady of Fatima,661-665 Belgravia Avenue Glenroy NSW 2640 Australia,,,,-36.057331,146.91313,Sunday 9am; Saturday 5pm; 1st Saturday 830am; 1st Friday 5:30pm,SSPX,SSPX,https://sspx.au/en/list-sspx-chapels-3,,,Sunday 9am; Saturday 5pm; 1st Saturday 830am; 1st Friday 5:30pm,,https://www.latinmass.com/find-latin-mass,2026-05-18T15:02:38.874520
Holy Cross Parish,"3436 Braidwood Rd, Lake Bathurst NSW 2580, Australia",,,,-34.961228,149.666733,,SSPX,SSPX,https://sspx.au/en/parish-bulletins-new-south-wales-42267,,,,,https://www.latinmass.com/find-latin-mass,2026-05-18T15:02:38.874520
Holy Spirit,"550 Prune St, Lavington NSW 2641, Australia",,,,-36.035628,146.936385,<span>Friday 5:30pm</span>,SSPX,SSPX,https://holyspiritlavington.org.au/parish-schedule/,,,<span>Friday 5:30pm</span>,,https://www.latinmass.com/find-latin-mass,2026-05-18T15:02:38.874520
Monastery of Our Mother of Mercy and St Joseph Discalced Carmelites,"221 5th St, Alexandria, South Dakota 57311, USA",,,,43.654158,-97.785007,Everyday 7:30am,Other,Other,https://holyfacechapel.org/,,,Everyday 7:30am,,https://www.latinmass.com/find-latin-mass,2026-05-18T15:02:38.874520
Sacred Heart Seminary Port Harcourt,"Obia, Port Harcourt 500102, Rivers, Nigeria",,,,4.843841,7.052533,Sunday 10:00am,Diocesan,Diocesan,https://www.ciwa.edu.ng/,,,Sunday 10:00am,,https://www.latinmass.com/find-latin-mass,2026-05-18T15:02:38.874520
Santa Lucia Chapel,"XJGP+4QJ, Butuan City, Agusan Del Norte, Philippines",,,,8.975348,125.636886,<span>Sundays 6:00pm</span>,SSPX,SSPX,https://fsspx.asia/en/list-sspx-chapels-1,,,<span>Sundays 6:00pm</span>,,https://www.latinmass.com/find-latin-mass,2026-05-18T15:02:38.874520
St Joseph,"23 Fraser St, Rochester VIC 3561, Australia",,,,-36.364322,144.701918,<span>Sunday 12:00</span>pm,Diocesan,Diocesan,https://www.facebook.com/StJosephsRochesterVicAU/,,,<span>Sunday 12:00</span>pm,,https://www.latinmass.com/find-latin-mass,2026-05-18T15:02:38.874520
Notre Dame Priory,"2495 Colebrook Rd, Colebrook TAS 7027, Australia",,,,-42.563193,147.378581,Daily 10:00am,Other,Other,https://www.notredamemonastery.org/,,,Daily 10:00am,,https://www.latinmass.com/find-latin-mass,2026-05-18T15:02:38.874520
Oratório da Imaculada Conceição,"R. de Santo António, 7250 Ferreira de Capelins, Portugal",,,,38.568257,-7.361951,<span>Sundays and Holy Days 11:30am</span>&nbsp;,Other,Other,https://www.institutdubonpasteur.org/nos-apostolats/lieux-dapostolat-dans-le-monde/ferreira-de-capelins/,,,<span>Sundays and Holy Days 11:30am</span>&nbsp;,,https://www.latinmass.com/find-latin-mass,2026-05-18T15:02:38.874520
Capela de Nossa Senhora das Graças,"R. Araújo Carandá 100, 4715-005 Braga, Portugal",,,,41.544728,-8.417613,Masses at this chapel are only occasionally celebrated. Check or contact the Facebook page beforehand,Other,Other,https://www.facebook.com/missatridentinaembraga,,,Masses at this chapel are only occasionally celebrated. Check or contact the Facebook page beforehand,,https://www.latinmass.com/find-latin-mass,2026-05-18T15:02:38.874520
Capela de São Lucas,"R. Mario Alves, 62 - Icaraí, Niterói - RJ, 24220-270, Brazil",,,,-22.900928,-43.107995,<span>Domingos 8h ou 10h (conferir nas Redes Sociais)</span>,Diocesan,Diocesan,https://www.instagram.com/missatridentinaemniteroi/?hl=en,,,<span>Domingos 8h ou 10h (conferir nas Redes Sociais)</span>,,https://www.latinmass.com/find-latin-mass,2026-05-18T15:02:38.874520
Heilige Antonius van Padua - Nijnsel,"Lieshoutseweg 9A, 5492 HS Sint-Oedenrode, Netherlands",,,,51.552503,5.48281,Friday 9:00am,Diocesan,Diocesan,https://www.heiligeodaparochie.nl/vieringen/alle-vieringen/nijnsel/,,,Friday 9:00am,,https://www.latinmass.com/find-latin-mass,2026-05-18T15:02:38.874520
Niepokalanego Poczęcia Najświętszej  Maryi Panny,"Katedralna 37, 78-100 Kołobrzeg, Poland",,,,54.174855,15.572573,<span>Niedziela 15.00; Sunday 3:00pm</span><br>,Diocesan,Diocesan,https://www.facebook.com/share/1ARwekypje/,,,<span>Niedziela 15.00; Sunday 3:00pm</span><br>,,https://www.latinmass.com/find-latin-mass,2026-05-18T15:02:38.874520
Capela Santo Atanásio,"6Q49+6X - Brasília, Federal District, Brazil",,,,-15.794438,-48.230063,"<span>Sundays 7:30, 19:30; Monday - Saturday 19:30; </span>",SSPX,SSPX,https://www.instagram.com/csantoatanasio/,,,"<span>Sundays 7:30, 19:30; Monday - Saturday 19:30; </span>",,https://www.latinmass.com/find-latin-mass,2026-05-18T15:02:38.874520
St Irene,"576 Main St, Dundee, Michigan 48131, USA",,,,41.956947,-83.649676,Sunday 1<span>:00pm</span>,Diocesan,Diocesan,https://www.aodfinder.org/parishes/7727,,,Sunday 1<span>:00pm</span>,,https://www.latinmass.com/find-latin-mass,2026-05-18T15:02:38.874520
Capela Nossa Senhora do Desterro,"R. Pref. Tonico de Barros, 54 - Centro, Botucatu - SP, 18600-110, Brazil",,,,-22.890939,-48.442546,<span>Missas: Todos os domingos às 10h30</span>,Other,Other,https://fradesmenores.com/nosso-apostolado/,,,<span>Missas: Todos os domingos às 10h30</span>,,https://www.latinmass.com/find-latin-mass,2026-05-18T15:02:38.874520
Iglesia de las Carmelitas Descalzas de la Purísima Concepción,"C. la Imagen, 7, 28801 Alcalá de Henares, Madrid, Spain",,,,40.482487,-3.367652,<span>October to April 1st Sunday 18:00<br>May to September&nbsp;19:00</span>&nbsp;&nbsp;,Institute of Christ the King,ICKSP,https://icrss.es/santa-misa-horarios/,,,<span>October to April 1st Sunday 18:00<br>May to September&nbsp;19:00</span>&nbsp;&nbsp;,,https://www.latinmass.com/find-latin-mass,2026-05-18T15:02:38.874520
Shrine of Our Lady of Pompeii,"Via Cernaia, 14/B, 00185 Roma RM, Italy",,,,41.906669,12.500324,Monday - Friday 07:30am<br>Saturday &amp; Sunday 08:30am<br>Holy Days 08:30am<br>Christmas Eve 12:00am,Diocesan,Diocesan,https://domusaustraliachapel.com/,,,Monday - Friday 07:30am<br>Saturday &amp; Sunday 08:30am<br>Holy Days 08:30am<br>Christmas Eve 12:00am,,https://www.latinmass.com/find-latin-mass,2026-05-18T15:02:38.874520
Immaculate High School Chapel,"73 Southern Blvd, Danbury, Connecticut 06810, USA",,,,41.382439,-73.453274,<span>12:30pm Low Mass</span>,High School - Diocesan,Diocesan,https://www.immaculatehs.org/,,,<span>12:30pm Low Mass</span>,,https://www.latinmass.com/find-latin-mass,2026-05-18T15:02:38.874520
Our Lady of Sorrows,"75 Claremont Ave, Jersey City, New Jersey 07305, USA",,,,40.70747,-74.076953,<span>Sunday 9:00am</span>,Other,Other,https://latinmassjc.com/,,,<span>Sunday 9:00am</span>,,https://www.latinmass.com/find-latin-mass,2026-05-18T15:02:38.874520
Paroisse Saint François de Paule,"Place Louis Blanc 83000 Toulon, France",,,,43.119878,5.933897,Dimanche: 9h00 et 10h30; en semaine chaque soir à 18h30; mercredi: 7h00; jeudi: 8h45; vendredi: 12h15; samedi: 12h15,Diocesan,Diocesan,https://saintfrancoisdepaule.org/,,,Dimanche: 9h00 et 10h30; en semaine chaque soir à 18h30; mercredi: 7h00; jeudi: 8h45; vendredi: 12h15; samedi: 12h15,,https://www.latinmass.com/find-latin-mass,2026-05-18T15:02:38.874520
H. Maria Onbevlekt Ontvangen Kerk,"Dorpsdijk 51, 6915 AH Lobith",,,,51.85987,6.121607,To be announced,FSSP,FSSP,https://www.agneskerk.org/?m=1,,,To be announced,,https://www.latinmass.com/find-latin-mass,2026-05-18T15:02:38.874520
Saint Philomena Chapel,7 Neville Street Western Hills Port Elizabeth 6025 South Africa,,,,-33.933693,25.531718,Sunday 9:00 High Mass; Monday 18:00 High Mass; Friday 18:00 Low Mass; Saturday 8:00 Low Mass,SSPX,SSPX,https://fsspx.africa/en/saint-philomenas-chapel-52403,,,Sunday 9:00 High Mass; Monday 18:00 High Mass; Friday 18:00 Low Mass; Saturday 8:00 Low Mass,,https://www.latinmass.com/find-latin-mass,2026-05-18T15:02:38.874520
Our Lady of Fatima Church,661-665 Belgravia Avenue Glenroy NSW 2640 Australia,,,,-36.057481,146.913096,Sunday 9am; Saturday 5pm; 1st Saturday 8:30am; 1st Friday 5:30pm,SSPX,SSPX,https://sspx.au/en/list-sspx-chapels-3,,,Sunday 9am; Saturday 5pm; 1st Saturday 8:30am; 1st Friday 5:30pm,,https://www.latinmass.com/find-latin-mass,2026-05-18T15:02:38.874520
San Giorgio in Sopramuro,"Via Sopramuro, 61, 29121 Piacenza (PC) - Italy",,,,45.050555,9.695149,"Sundays and 9am, 10:30am (High Mass), 6pm; Monday 6pm; Tuesday, Thursday, Friday 7:30am; Wednesday 7pm; Saturday 11am",Institute of Christ the King,ICKSP,https://www.icrss.it/piacenza/,,,"Sundays and 9am, 10:30am (High Mass), 6pm; Monday 6pm; Tuesday, Thursday, Friday 7:30am; Wednesday 7pm; Saturday 11am",,https://www.latinmass.com/find-latin-mass,2026-05-18T15:02:38.874520
Paróquia de Dornes,"R. Nossa Sra. do Pranto 10, 2240-611 Dornes",,,,39.77218,-8.269589,Thursday 7pm,Diocesan,Diocesan,https://www.facebook.com/profile.php?id=100082992804468,,,Thursday 7pm,,https://www.latinmass.com/find-latin-mass,2026-05-18T15:02:38.874520
Holy Spirit Catholic Church,"1000 W Lantana Rd, Lantana, Florida 33462",,,,26.586361,-80.061039,Sunday 2pm,Diocesan,Diocesan,https://holyspiritlantana.com/,,,Sunday 2pm,,https://www.latinmass.com/find-latin-mass,2026-05-18T15:02:38.874520
St. Rita of Cascia Catholic Church,"3815 Russell Road, Alexandria, Virginia 22305",,,,38.838953,-77.063487,Sunday 9:15am (High Mass) except 2nd Sunday of the month; Tuesday Thursday 7:30pm (Low Mass),Diocesan,Diocesan,https://stritaalexandria.com/mass-schedule/,,,Sunday 9:15am (High Mass) except 2nd Sunday of the month; Tuesday Thursday 7:30pm (Low Mass),,https://www.latinmass.com/find-latin-mass,2026-05-18T15:02:38.874520
Cathedral Church of St Barnabas,"North Circus St, Nottingham NG1 5AE, United Kingdom",,,,52.954746,-1.156426,3rd Wednesday of the month in the Blessed Sacrament Chapel,Diocesan,Diocesan,https://www.stbarnabascathedral.org.uk/,,,3rd Wednesday of the month in the Blessed Sacrament Chapel,,https://www.latinmass.com/find-latin-mass,2026-05-18T15:02:38.874520
Monasterio de la Inmaculada. Oasis de Jesús Sacerdote,"Veinat Geimir, 11, 08319 Dosrius, Barcelona, Spain",,,,41.594166,2.406669,"Sundays 10:30am (Sung Mass, usually High Mass); Daily 7am (Low)",FSSP,FSSP,https://oasisdejesussacerdote.org/,,,"Sundays 10:30am (Sung Mass, usually High Mass); Daily 7am (Low)",,https://www.latinmass.com/find-latin-mass,2026-05-18T15:02:38.874520
"St. Mary, Queen of Heaven","1043 Isabella Street, Linwood ON, N0B2A0",,,,43.580868,-80.725018,"Sunday 9:00am (October-May), 10:00am (June-September); Tuesday 7:00om; Wednesday 9:00am; Thursday 7:00pm; Friday 9:00am; Saturday 9:00am",Diocesan,Diocesan,https://stmaryslmc.ca/,,,"Sunday 9:00am (October-May), 10:00am (June-September); Tuesday 7:00om; Wednesday 9:00am; Thursday 7:00pm; Friday 9:00am; Saturday 9:00am",,https://www.latinmass.com/find-latin-mass,2026-05-18T15:02:38.874520
Armidale Mission,"Hughes House 141 Faulkner Street Armidale, NSW 2350",,,,-30.516362,151.666434,4th Sunday 9:30am (except December on 2nd Sunday) Check website for monthly Mass Time,SSPX,SSPX,https://sspx.au/en/list-sspx-chapels-3,,,4th Sunday 9:30am (except December on 2nd Sunday) Check website for monthly Mass Time,,https://www.latinmass.com/find-latin-mass,2026-05-18T15:02:38.874520
Sacred Heart of Jesus and Mary Church,37 Elizabeth Street Singleton NSW 2330 Australia,,,,-32.563128,151.173724,Sunday 10:00am or 4:00pm (please check bulletin),SSPX,SSPX,https://sspx.au/en/list-sspx-chapels-3,,,Sunday 10:00am or 4:00pm (please check bulletin),,https://www.latinmass.com/find-latin-mass,2026-05-18T15:02:38.874520
Capilla San Antonio,"97303 Merida, Yucatan, Mexico",,,,21.117345,-89.719213,4th Sunday: 18:30 (4º Domingo: 18:30),SSPX,SSPX,https://fsspx.mx/es/capillas-2,,,4th Sunday: 18:30 (4º Domingo: 18:30),,https://www.latinmass.com/find-latin-mass,2026-05-18T15:02:38.874520
Holy Cross Parish,"3436 Braidwood Road, Lake Bathurst, NSW, 2580",,,,-34.961228,149.666733,"Sunday 8:00am, 10:00am; Monday-Saturday 7:15am check parish bulletin for mass times",SSPX,SSPX,https://sspx.au/en/list-sspx-chapels-3,,,"Sunday 8:00am, 10:00am; Monday-Saturday 7:15am check parish bulletin for mass times",,https://www.latinmass.com/find-latin-mass,2026-05-18T15:02:38.874520
Holy Angels Parish,"180 S. Russell Ave. Aurora, Illinois 60506",,,,41.757489,-88.333667,1st & 3rd Sunday 8am,Diocesan,Diocesan,https://www.holy-angels.org/home/index.php,,,1st & 3rd Sunday 8am,,https://www.latinmass.com/find-latin-mass,2026-05-18T15:02:38.874520
"Église Saint-Jacques-le-Majeur, dite du Gesù","1 Rue du Jésus, 06300 Nice, France",,,,43.696847,7.277074,"Dimanche et fêtes : Messes chantées à 9h et 18h; Mardi, Mercredi et Jeudi : 10h<br><br>https://icrsp-nice.fr/<br>",Institute of Christ the King,ICKSP,,,,"Dimanche et fêtes : Messes chantées à 9h et 18h; Mardi, Mercredi et Jeudi : 10h<br><br>https://icrsp-nice.fr/<br>",,https://www.latinmass.com/find-latin-mass,2026-05-18T15:02:38.874520
Capilla San José,"3a Norte Poniente # 1350, Local 6, Col. Moctezuma, 29020 Tuxtla Gutiérrez, Chiapas, Mexico",,,,16.757962,-93.126443,2nd Sunday (2nd domingo),SSPX,SSPX,https://fsspx.mx/es/capillas-2,,,2nd Sunday (2nd domingo),,https://www.latinmass.com/find-latin-mass,2026-05-18T15:02:38.874520
Church of the Transfiguration,"64-25 Perry Ave Maspeth, New York 11378",,,,40.724115,-73.90109,Sunday 12:30pm,Diocesan,Diocesan,https://transtans.org/mass-schedule/,,,Sunday 12:30pm,,https://www.latinmass.com/find-latin-mass,2026-05-18T15:02:38.874520
Igreja Matriz de Santo Aleixo (Beco),"Rua Doutor José Manuel Garcéz da Cunha, Beco",,,,39.768479,-8.306202,Friday 7pm,Diocesan,Diocesan,https://www.facebook.com/igreja.beco,,,Friday 7pm,,https://www.latinmass.com/find-latin-mass,2026-05-18T15:02:38.874520
Oratory of St. Joseph Catholic Church,"5450 Equity Ave, Reno, Nevada 89502",,,,39.509673,-119.749045,"Sunday, Saturday 9:00am; Monday-Friday 8:00am",Institute of Christ the King,ICKSP,https://institute-christ-king.org/reno-home,,,"Sunday, Saturday 9:00am; Monday-Friday 8:00am",,https://www.latinmass.com/find-latin-mass,2026-05-18T15:02:38.874520
Hill End,18 Denison Street Hill End NSW 2850 Australia,,,,-33.037091,149.41641,check for monthly Mass times,SSPX,SSPX,https://sspx.au/en/list-sspx-chapels-3,,,check for monthly Mass times,,https://www.latinmass.com/find-latin-mass,2026-05-18T15:02:38.874520
St Louis Chapel,"lot III - 47B (en face de ""Bat Pro"" et ""Zolan"") Soanierana Tananarive Madagascar",,,,-18.935368,47.521468,Sunday 10:00am every 2 months,SSPX,SSPX,https://fsspx.africa/en/list-sspx-chapels-2,,,Sunday 10:00am every 2 months,,https://www.latinmass.com/find-latin-mass,2026-05-18T15:02:38.874520
Dubbo,Soldier's Memorial Hall RFGG+H6 Rawsonville NSW 2830 Australia,,,,-32.173563,148.475562,2nd Sunday 9:00am (please see bulletin),SSPX,SSPX,https://sspx.au/en/list-sspx-chapels-3,,,2nd Sunday 9:00am (please see bulletin),,https://www.latinmass.com/find-latin-mass,2026-05-18T15:02:38.874520
Parrocchia dello Spirito Santo,"Via Fratelli Rosselli, 180, 41125 Modena (MO) - Italy",,,,44.630122,10.91679,Sundays 5pm (September - June); 6pm (July - August),Diocesan,Diocesan,https://www.spiritosantomodena.com/,,,Sundays 5pm (September - June); 6pm (July - August),,https://www.latinmass.com/find-latin-mass,2026-05-18T15:02:38.874520
Iglesia del Antiguo Colegio de las Adoratrices,"Paseo de la Estación, 17, Alcala de Henares",,,,40.488753,-3.365028,"Third Sunday of the month, at 19h",Institute of Christ the King,ICKSP,https://icrss.es/santa-misa-horarios/,,,"Third Sunday of the month, at 19h",,https://www.latinmass.com/find-latin-mass,2026-05-18T15:02:38.874520
Templo de Jesús Adolescente Tijuana,"San Blas 10, 22455 Tijuana, Campestre Murua",,,,32.518037,-116.93469,Sunday 9:30am,Diocesan,Diocesan,https://ecumenicasdeguadalupe.org/,,,Sunday 9:30am,https://media.mapme.com/places/20f32a7e-28bd-458c-bdfb-ab0f37058c7c/gallery/35744fcb-0658-4a98-9487-b2c3843746f8.hd,https://www.latinmass.com/find-latin-mass,2026-05-18T15:02:38.874520
Capela do Instituto Bom Pastor de Curitiba,"R. Lamenha Lins, 2115 - Centro, Curitiba - PR, 80220-080, Brazil",,,,-25.454236,-49.268395,"<span>Sunday 8:30am Low Mass, 10:00am Sung Mass, 7:00pm Low Mass;&nbsp;Thursday 7:30pm; Friday 7:30pm; Saturday 8:30am;</span>&nbsp;",Other,Other,https://ibpamericalatina.org/casa/curitiba,,,"<span>Sunday 8:30am Low Mass, 10:00am Sung Mass, 7:00pm Low Mass;&nbsp;Thursday 7:30pm; Friday 7:30pm; Saturday 8:30am;</span>&nbsp;",,https://www.latinmass.com/find-latin-mass,2026-05-18T15:02:38.874520
St. Peter,"Biskupská 1137/13, Nové Město, 110 00 Praha-Praha 1, Czechia",,,,50.090981,14.433865,<span>Saturday 8:00am</span>,Diocesan,Diocesan,https://www.farnostpetr.cz/,,,<span>Saturday 8:00am</span>,,https://www.latinmass.com/find-latin-mass,2026-05-18T15:02:38.874520
House of St. John,"South Korea, Gyeonggi-do, Gunpo-si, Dang-dong, Gunpo-ro 456beon-gil, 19-4 4층",,,,37.346752,126.945811,"<span>Low/sung mass every Sunday except the last Sunday</span><br><br><a href=""ksesano@naver.com"">Email</a>",Diocesan,Diocesan,,,,"<span>Low/sung mass every Sunday except the last Sunday</span><br><br><a href=""ksesano@naver.com"">Email</a>",,https://www.latinmass.com/find-latin-mass,2026-05-18T15:02:38.874520
Sant Joan Baptista,"Carrer de Massenet, 43, 08922 Santa Coloma de Gramenet, Barcelona, Spain",,,,41.450077,2.218325,<span>Sundays and feasts 10:30am;&nbsp;Weekdays 7:00am</span><br>,Diocesan,Diocesan,https://esglesia.barcelona/es/parroquies/sant-joan-baptista-2/,,,<span>Sundays and feasts 10:30am;&nbsp;Weekdays 7:00am</span><br>,,https://www.latinmass.com/find-latin-mass,2026-05-18T15:02:38.874520
Shrine and Parish Church of The Holy Innocents,"128 W 37th St, New York, New York 10018, USA",,,,40.752279,-73.988241,"<span>Sunday 9:00am Low, 10:30am High; Monday-Friday 6<span>:00pm; Saturday 1<span>:00pm</span></span></span>",Diocesan,Diocesan,https://shrineofholyinnocents.org/,,,"<span>Sunday 9:00am Low, 10:30am High; Monday-Friday 6<span>:00pm; Saturday 1<span>:00pm</span></span></span>",,https://www.latinmass.com/find-latin-mass,2026-05-18T15:02:38.874520
St Joseph's,"High W St, Gateshead NE8 1LX, UK",,,,54.961418,-1.603167,<span>Saturday 11:00am</span>,Diocesan,Diocesan,https://www.stjosephscatholicchurchgateshead.org.uk/,,,<span>Saturday 11:00am</span>,,https://www.latinmass.com/find-latin-mass,2026-05-18T15:02:38.874520
Basilica of Sts. Peter and Paul,"122 Ash St, Lewiston, Maine 04240, USA",,,,44.098521,-70.212507,Sunday 8:30am; Holy days of obligation 6:30pm,Diocesan,Diocesan,https://latinmassme.com/,,,Sunday 8:30am; Holy days of obligation 6:30pm,,https://www.latinmass.com/find-latin-mass,2026-05-18T15:02:38.874520
St. Joseph Oratory,"673 Stevens Ave, Portland, Maine 04103, USA",,,,43.681691,-70.293371,Sundays 10:30am,Diocesan,Diocesan,https://www.stjosephoratoryme.org/,,,Sundays 10:30am,,https://www.latinmass.com/find-latin-mass,2026-05-18T15:02:38.874520
Holy Martyrs Church,"266 Foreside Rd, Falmouth, Maine 04105, USA",,,,43.73453,-70.209451,1st Saturday 09:00am,Diocesan,Diocesan,https://www.pothe.org/traditional-latin-mass,,,1st Saturday 09:00am,,https://www.latinmass.com/find-latin-mass,2026-05-18T15:02:38.874520
Holy Family Church,"429 Main St, Old Town, Maine 04468, USA",,,,44.930216,-68.645191,"1st Saturday 10:00am at <br>Our Lady of Wisdom Church<br>83 College Avenue Orono, ME 04473<br>",Diocesan,Diocesan,https://latinmassme.com/,,,"1st Saturday 10:00am at <br>Our Lady of Wisdom Church<br>83 College Avenue Orono, ME 04473<br>",,https://www.latinmass.com/find-latin-mass,2026-05-18T15:02:38.874520
Holy Redeemer Church,"56 Mt Desert St, Bar Harbor, Maine 04609, USA",,,,44.386294,-68.208157,1st Saturday 10:00am,Diocesan,Diocesan,https://www.queenoftheangels.org,,,1st Saturday 10:00am,,https://www.latinmass.com/find-latin-mass,2026-05-18T15:02:38.874520
Our Lady of Wisdom Church - Newman Center,"83 College Ave, Orono, Maine 04473, USA",,,,44.893469,-68.673186,1st Saturday 10:00am,Diocesan,Diocesan,https://resurrectionofthelord.org/mass-times,,,1st Saturday 10:00am,,https://www.latinmass.com/find-latin-mass,2026-05-18T15:02:38.874520
Friars of St. Anthony Franciscan Monastery,"8 Beach Ave, Kennebunk, Maine 04043, USA",,,,43.358931,-70.480796,"3rd Sundays (from September to April)&nbsp;9:15am<br><br>Before making plans to attend:
<br>It is best to confirm the Friday before that the Latin Mass will be offered by contacting <br>the Monastery secretary at 207-967-2011, <br>Mon-Fri, 9pm-12pm and 1pm-4pm.
<br><br>
Contact:
franciscanmonastery@yahoo.com
<br>(207) 967-2011
<br>PO Box 980
Kennebunkport, ME 04046<br>",Diocesan,Diocesan,https://www.framon.net/,,,"3rd Sundays (from September to April)&nbsp;9:15am<br><br>Before making plans to attend:
<br>It is best to confirm the Friday before that the Latin Mass will be offered by contacting <br>the Monastery secretary at 207-967-2011, <br>Mon-Fri, 9pm-12pm and 1pm-4pm.
<br><br>
Contact:
franciscanmonastery@yahoo.com
<br>(207) 967-2011
<br>PO Box 980
Kennebunkport, ME 04046<br>",,https://www.latinmass.com/find-latin-mass,2026-05-18T15:02:38.874520
St. Stanislaus Parish,"80 Richmond Rd, Winchester, New Hampshire 03470, USA",,,,42.770158,-72.376572,"<p class="""">Mass is typically offered every day of the week. Their schedule may change from time to time, especially heading into and out of the Summer season.</p><p class="""">Please check their <a href=""https://www.winchesterlatinmass.com/"" target=""_blank"">website</a> for the most up-to-date Mass schedule.</p>",Diocesan Parish,Diocesan,https://www.winchesterlatinmass.com/,,,"<p class="""">Mass is typically offered every day of the week. Their schedule may change from time to time, especially heading into and out of the Summer season.</p><p class="""">Please check their <a href=""https://www.winchesterlatinmass.com/"" target=""_blank"">website</a> for the most up-to-date Mass schedule.</p>",,https://www.latinmass.com/find-latin-mass,2026-05-18T15:02:38.874520
St. Stanislaus Catholic Church,"43 Franklin St, Nashua, New Hampshire 03064, USA",,,,42.763674,-71.469338,"Please visit their <a href=""https://www.latinmassnashua.org/"" target=""_blank"">website</a> for the most up-to-date Mass times.",FSSP,FSSP,https://www.latinmassnashua.org/,,,"Please visit their <a href=""https://www.latinmassnashua.org/"" target=""_blank"">website</a> for the most up-to-date Mass times.",,https://www.latinmass.com/find-latin-mass,2026-05-18T15:02:38.874520
Holy Name of Mary Church,"681 McEwan Ave, Windsor, ON N9B 1H8, Canada",,,,42.306534,-83.054638,"St. Benedict Tridentine Catholic Community<br>Sundays 2:00pm (High Mass)<br><a href=""http://www.windsorlatinmass.org/"">website</a>",Diocesan,Diocesan,,,,"St. Benedict Tridentine Catholic Community<br>Sundays 2:00pm (High Mass)<br><a href=""http://www.windsorlatinmass.org/"">website</a>",,https://www.latinmass.com/find-latin-mass,2026-05-18T15:02:38.874520
Old St. Patrick,"5671 Whitmore Lake Rd, Ann Arbor, Michigan 48105, USA",,,,42.357765,-83.750566,Sunday 12:30pm (High Mass),Diocesan,Diocesan,https://stpatricka2.org/,,,Sunday 12:30pm (High Mass),,https://www.latinmass.com/find-latin-mass,2026-05-18T15:02:38.874520
St. Mary,"210 W Main St, Manchester, Michigan 48158, USA",,,,42.148961,-84.042594,,Diocesan,Diocesan,https://stmarymanchester.org/,,,,,https://www.latinmass.com/find-latin-mass,2026-05-18T15:02:38.874520
Iglesia de las Siervas de María,"C. Viera y Clavijo, 48, 38004 Santa Cruz de Tenerife, Spain",,,,28.469969,-16.254761,Sunday 12:30pm BEFORE OCT 5TH 2025: not here but at Ermita de Regla (same time),Diocesan,Diocesan,https://misagregorianagrancanaria.wordpress.com/,,,Sunday 12:30pm BEFORE OCT 5TH 2025: not here but at Ermita de Regla (same time),,https://www.latinmass.com/find-latin-mass,2026-05-18T15:02:38.874520
St. Joseph Chapel,"Novačka 317, 10000, Zagreb, Croatia",,,,45.8561,16.033316,"Sundays 8:00am, 10:00am",SSPX,SSPX,https://fsspx.hr/svete-mise/#zagreb1,,,"Sundays 8:00am, 10:00am",,https://www.latinmass.com/find-latin-mass,2026-05-18T15:02:38.874520
Fraternità San Pio X,"Via Trilussa, 45, 00041 Albano Laziale RM, Italy",,,,41.723557,12.659291,"Sunday 8:00am, 10:30am; Daily 7:15am",SSPX,SSPX,https://fsspx.it/it/la-casa-del-distretto-albano-laziale-32592,,,"Sunday 8:00am, 10:30am; Daily 7:15am",,https://www.latinmass.com/find-latin-mass,2026-05-18T15:02:38.874520
Saint Anthony,"700 3rd Ave, Laurel, Montana 59044, USA",,,,45.675888,-108.774859,Tuesday 5:30pm (Low Mass); Wednesday-Saturday 9:00am (Low Mass),Diocesan,Diocesan,https://saintanthonycatholicchurch.org/,,,Tuesday 5:30pm (Low Mass); Wednesday-Saturday 9:00am (Low Mass),,https://www.latinmass.com/find-latin-mass,2026-05-18T15:02:38.874520
St Francis of Assisi Oratory,"1145 South St, Lincoln, Nebraska 68502, USA",,,,40.79124,-96.703918,"Sunday 8:00am (Low), 10:00am (High), 12:00pm (Low); Monday-Thursday, Sat 8:00am (Low); Friday 12:30pm, 6:00pm (Low)<br>",FSSP,FSSP,https://www.stfrancislincoln.org/,,,"Sunday 8:00am (Low), 10:00am (High), 12:00pm (Low); Monday-Thursday, Sat 8:00am (Low); Friday 12:30pm, 6:00pm (Low)<br>",,https://www.latinmass.com/find-latin-mass,2026-05-18T15:02:38.874520
Cathedral of the Transfiguration,"10350 Victoria Square Blvd, Markham, ON L6C 0J8, Canada",,,,43.89372,-79.372494,Sunday 4:00pm,SSPX,SSPX,https://ontario.sspx.ca/en/schedule-mass-and-announcements-markham-50248,,,Sunday 4:00pm,,https://www.latinmass.com/find-latin-mass,2026-05-18T15:02:38.874520
Priorat Mariä Verkündigung,"Schwandegg, 6313 Finstersee, Switzerland",,,,47.167383,8.606007,"Sonntags : 07:30 Hl. Messe, 09:30 gesungenes Amt, 17:30 Vesper/Andacht Wochentags: 07:15 Hl. Messe, first friday 19:30",SSPX Priory,SSPX,https://fsspx.ch/de/menzingen-priorat-mariae-verkuendigung-31990,,,"Sonntags : 07:30 Hl. Messe, 09:30 gesungenes Amt, 17:30 Vesper/Andacht Wochentags: 07:15 Hl. Messe, first friday 19:30",,https://www.latinmass.com/find-latin-mass,2026-05-18T15:02:38.874520
Priorat St. Niklaus von Flüe,"Solothurnerstrasse 11, 4613 Rickenbach, Switzerland",,,,47.340043,7.85776,Werktags 07:15 Hl. Messe,SSPX Priory,SSPX,https://rickenbach.fsspx.ch/de,,,Werktags 07:15 Hl. Messe,,https://www.latinmass.com/find-latin-mass,2026-05-18T15:02:38.874520
Oratoire Saint Joseph,"Av. Cardinal-Mermillod 9, 1227 Carouge, Switzerland",,,,46.186105,6.143074,"Dimanche -&gt; 08h00 : Messe lue, 09h30 : Messe chantée, 11h15 : Messe lue, 18h30 : Messe lue. En semaine -&gt; du lundi au vendredi : 18h30 samedi : 08h30<br>",SSPX,SSPX,https://fsspx.ch/fr/carouge-oratoire-saint-joseph-31979,,,"Dimanche -&gt; 08h00 : Messe lue, 09h30 : Messe chantée, 11h15 : Messe lue, 18h30 : Messe lue. En semaine -&gt; du lundi au vendredi : 18h30 samedi : 08h30<br>",,https://www.latinmass.com/find-latin-mass,2026-05-18T15:02:38.874520
Chapelle de l'Ascension,"Rue Gaudy-Le-Fort 23, 1213 Onex, Switzerland",,,,46.182432,6.09935,Weekdays 7:15,SSPX,SSPX,https://geneve.fsspx.ch/fr,,,Weekdays 7:15,,https://www.latinmass.com/find-latin-mass,2026-05-18T15:02:38.874520
Marie-Reine des Anges,"Chem. des Curnilles 30, 1071 Chardonne, Switzerland",,,,46.48206,6.799156,Sundays 7:45 (High Mass);&nbsp;Weekdays 8:00,SSPX,SSPX,https://fsspx.ch/fr/chexbres-carmel-marie-reine-des-anges-35573,,,Sundays 7:45 (High Mass);&nbsp;Weekdays 8:00,,https://www.latinmass.com/find-latin-mass,2026-05-18T15:02:38.874520
Prieure Notre-Dame,"Chem. de Bellière 4, 1808 Corsier-sur-Vevey, Switzerland",,,,46.513095,6.891329,Monday-Friday 7:15; Saturday 8:00,SSPX Priory,SSPX,https://lausanne.fsspx.ch/fr,,,Monday-Friday 7:15; Saturday 8:00,,https://www.latinmass.com/find-latin-mass,2026-05-18T15:02:38.874520
Eglise Notre-Dame de Lépante,"Rue de la Gare 24, 1820 Montreux, Switzerland",,,,46.436213,6.911244,Dimanche : 10h15 : messe chantée Semaine : Mardi et Jeudi : 18h30 1er vendredi et 1er samedi du mois : 18h30,SSPX,SSPX,https://fsspx.ch/fr/montreux-notre-dame-lepante-31992,,,Dimanche : 10h15 : messe chantée Semaine : Mardi et Jeudi : 18h30 1er vendredi et 1er samedi du mois : 18h30,,https://www.latinmass.com/find-latin-mass,2026-05-18T15:02:38.874520
Our Lady Help of Christians Chapel,"502 W Broadway St apt 108, Griffin, Georgia 30223, USA",,,,33.253332,-84.271478,Monday-Saturday&nbsp;8:30am,Other,Other,https://www.ourladyhelpofchristianschapel.org/,,,Monday-Saturday&nbsp;8:30am,,https://www.latinmass.com/find-latin-mass,2026-05-18T15:02:38.874520
Our Lady Help of Christians,"10170 US-19, Zebulon, Georgia 30295, USA",,,,33.123572,-84.327529,Sunday 10am,Other,Other,https://www.ourladyhelpofchristianschapel.org/,,,Sunday 10am,,https://www.latinmass.com/find-latin-mass,2026-05-18T15:02:38.874520
Igreja Nossa Senhora do Rosário,"R. do Rosário, 339-361 - Serro, MG, 39150-000, Brazil",,,,-18.606063,-43.37672,17 h – todo 1º e 3º Domingo do mês,Other,Other,https://www.missatridentina.com.br/minas-gerais/,,,17 h – todo 1º e 3º Domingo do mês,,https://www.latinmass.com/find-latin-mass,2026-05-18T15:02:38.874520
Catedral Santa Terezinha e Capela de São Judas,"Praça Tubal Vilela, s/n - Centro, Uberlândia - MG, 38400-186, Brazil",,,,-18.920811,-48.278659,Domingos – 15h30,Other,Other,https://www.missatridentina.com.br/minas-gerais/,,,Domingos – 15h30,,https://www.latinmass.com/find-latin-mass,2026-05-18T15:02:38.874520
Capela da Casa São Vicente de Paula,Rua São Sebastião 454 Centro,,,,-21.756902,-43.348539,Domingo ás 11:00h,Other,Other,https://missatridentinajf.blogspot.com/,,,Domingo ás 11:00h,,https://www.latinmass.com/find-latin-mass,2026-05-18T15:02:38.874520
Capela do Lar dos Meninos Monsenhor Pitaluga,"I e II - Av. Brasil Sul, 3.639 - 16°23'38.0""S 49°04'42 - St. Sul Jamil Miguel, Anápolis - GO, 75124-145, Brazil",,,,-16.354796,-48.959971,Domingo 9:30h,Other,Other,https://www.diocesedeanapolis.org.br/lar-dos-meninos-monsenhor-pitaluga/,,,Domingo 9:30h,,https://www.latinmass.com/find-latin-mass,2026-05-18T15:02:38.874520
Capela São José,"Avenida Padre Wendel, Qd. XI Lt. 26, Vila São José",,,,-23.59072,-46.616243,Domingo 9:30h,Other,Other,https://www.facebook.com/capelasaojoseph,,,Domingo 9:30h,,https://www.latinmass.com/find-latin-mass,2026-05-18T15:02:38.874520
Igreja do Santo Calvário,"BR 153, Km 1209 – Bairro Cidade Missionária do Santíssimo Crucifixo",,,,-16.254431,-48.99915,todos os domingos às 7:00AM,Other,Other,https://paroquiadocalvario.org.br/,,,todos os domingos às 7:00AM,,https://www.latinmass.com/find-latin-mass,2026-05-18T15:02:38.874520
Capela do Divino Espirito Santo,"R. Maestro Batista Lopes, 140 - Águas Férreas (Tejuco), São João del Rei - MG, 36300-176, Brazil",,,,-21.136111,-44.263747,"<p>Próxima a Basilica de NS.do Pilar</p>
<p>1a quarta-feira do mês ás 17h00</p>",Other,Other,https://pilarouropreto.com.br/,,,"<p>Próxima a Basilica de NS.do Pilar</p>
<p>1a quarta-feira do mês ás 17h00</p>",,https://www.latinmass.com/find-latin-mass,2026-05-18T15:02:38.874520
Missão da Fraternidade São Pio X,Rua Aguas de Lindoia 579 Bairro Muarama,,,,-20.73322,-46.616187,Missas em todo 2º fim de semana do mês: Domingo às 10:00; sexta-feira e sábado às 19:30h,SSPX,SSPX,,,,Missas em todo 2º fim de semana do mês: Domingo às 10:00; sexta-feira e sábado às 19:30h,,https://www.latinmass.com/find-latin-mass,2026-05-18T15:02:38.874520
Sede do Grupo Cultural Lesieux,"SQ 12, Quadra 10, Nº 33",,,,-8.863931,-36.4913093,Domingo 9:30h,Other,Other,,,,Domingo 9:30h,,https://www.latinmass.com/find-latin-mass,2026-05-18T15:02:38.874520
Igreja Nossa Senhora de Fátima,"Av. Damião Junqueira de Souza, 386, São Lourenço - MG, 37470-000, Brazil",,,,-22.117381,-45.049492,Domingos ás 16:00h. Confissões ás 15h,Other,Other,https://www.missatridentina.com.br/minas-gerais/,,,Domingos ás 16:00h. Confissões ás 15h,,https://www.latinmass.com/find-latin-mass,2026-05-18T15:02:38.874520
Capela Santa Maria das Vitórias,"Capela Santa Maria das Vitórias, Rua Espírito Santo, SN Qd E, Lt 26 e 27 - Vila Santa RITA, Anápolis - GO, 75120-681, Brazil",,,,-16.350304,-48.960169,"aos domingos às 10h ,às terças, quartas e quintas às 7.30h, às segundas, sextas e sádabos às 18.30h",Other,Other,https://www.santamariadasvitorias.org/,,,"aos domingos às 10h ,às terças, quartas e quintas às 7.30h, às segundas, sextas e sádabos às 18.30h",,https://www.latinmass.com/find-latin-mass,2026-05-18T15:02:38.874520
Fraternidade Arca de Maria,"R. Anapolis Q 1, 7 - Sitios De Recreio - Sítios de Recreio Vale das Laranjeiras, Anápolis - GO, 75135-760, Brazil",,,,-16.393838,-48.986116,"Domingo e Segunda-Feira 7:00AM. e Sexta-Feira e Quinta-Feira 11:00AM
Contato:(62) 3224-0991",Other,Other,https://arcademaria.com/,,,"Domingo e Segunda-Feira 7:00AM. e Sexta-Feira e Quinta-Feira 11:00AM
Contato:(62) 3224-0991",,https://www.latinmass.com/find-latin-mass,2026-05-18T15:02:38.874520
Capela Santa Cecília,"Alameda Cristóvão Chiaradia, 265, São Lourenço - MG, 37470-000, Brazil",,,,-22.111865,-45.042894,Domingos ás 8:00h e 18h. Segunda a sábado ás 18h,Other,Other,https://www.missatridentina.com.br/minas-gerais/,,,Domingos ás 8:00h e 18h. Segunda a sábado ás 18h,,https://www.latinmass.com/find-latin-mass,2026-05-18T15:02:38.874520
Santuário do Senhor Bom Jesus,"a do Chumbo, número 304, bairro Niterói",,,,-20.914736,-41.198917,Todo segundo e quarto domingo de cada mês,Other,Other,https://diocesedivinopolis.org.br/templo/senhor-bom-jesus-divinopolis/,,,Todo segundo e quarto domingo de cada mês,,https://www.latinmass.com/find-latin-mass,2026-05-18T15:02:38.874520
Missão Santa Gema Galgani,"R. Me. Paulina, 48 - Diamante, Belo Horizonte - MG, 30660-630, Brazil",,,,-19.984877,-44.032821,Sr. Marcos Antônio ou sra. Renata: (35) 3555-4197 e (35) 98439-8626 ou pelo e-mail: map.5p@hotmail.com. Ou acesse http://farfalline.blogspot.com.br/p/missas-no-brasil.html,Diocesan,Diocesan,https://paroquiasantagemmabh.com.br/,,,Sr. Marcos Antônio ou sra. Renata: (35) 3555-4197 e (35) 98439-8626 ou pelo e-mail: map.5p@hotmail.com. Ou acesse http://farfalline.blogspot.com.br/p/missas-no-brasil.html,,https://www.latinmass.com/find-latin-mass,2026-05-18T15:02:38.874520
Missão Nossa Senhora das Graças,"Rua Teodoro Fernandes dos Santos, n. 391, Riacho",,,,-19.9489,-44.044059,sr. Eugênio: (31) 98894-7208 e (31) 4042-6906 (fixo); eugeniomsl@gmail.com,Other,Other,https://capelansradasgracas.blogspot.com/,,,sr. Eugênio: (31) 98894-7208 e (31) 4042-6906 (fixo); eugeniomsl@gmail.com,,https://www.latinmass.com/find-latin-mass,2026-05-18T15:02:38.874520
Missão Cristo Rei,"Rua Gaivota, n. 31 fundos, Bairro Vila Celeste, 35162-499 Ipatinga/MG",,,,-19.456148,-42.556047,Verificar no site,Other,Other,https://farfalline.blogspot.com/p/missas-no-brasil.html,,,Verificar no site,,https://www.latinmass.com/find-latin-mass,2026-05-18T15:02:38.874520
Catedral Santa Terezinha (Capela Nossa Senhora de Lourdes),"Rua Rafael Rinaldi, 1485 38400-384 Uberlândia, MG, Brazil",,,,-18.907898,-48.291879,Domingo às 9h30; Segunda-feira às 18h; Terça-feira a sábado 19h,Other,Other,https://irmandadedocarmo.org/,,,Domingo às 9h30; Segunda-feira às 18h; Terça-feira a sábado 19h,,https://www.latinmass.com/find-latin-mass,2026-05-18T15:02:38.874520
Santa Montanha,"Vilas Boas, Guiricema - State of Minas Gerais, 36525-000, Brazil",,,,-20.967406,-42.665296,"1º domingo do mês às 10:00h , 3º do mês às 08:30h e todos os Sábadosás 18:30h",Other,Other,https://www.santamontanha.com/,,,"1º domingo do mês às 10:00h , 3º do mês às 08:30h e todos os Sábadosás 18:30h",,https://www.latinmass.com/find-latin-mass,2026-05-18T15:02:38.874520
Missão Sagrada Família,"Rua Maria Geralda de Oliveira (antiga R. 11) n. 274, B. Quinta dos Godoy",,,,-19.787266,-44.018076,Sr. Fernando A. Nunes: (31)3596-5097. Ou escreva para fernandoangelonunes@hotmail.com,Other,Other,https://missaosagradafamilia.blogspot.com/,,,Sr. Fernando A. Nunes: (31)3596-5097. Ou escreva para fernandoangelonunes@hotmail.com,,https://www.latinmass.com/find-latin-mass,2026-05-18T15:02:38.874520
Missão São José,"Rua Ciomara Amaral de Paula, 290, Bairro Medicina, 37.550.000 Pouso Alegre",,,,-22.224152,-45.931104,sr. Dirceu de Melo Braga Filho: (35) 3423-0438 e (35) 99928-4713 ou pelo e-mail dirceumbf@hotmail.com,Other,Other,https://www.facebook.com/missaosaojosepa,,,sr. Dirceu de Melo Braga Filho: (35) 3423-0438 e (35) 99928-4713 ou pelo e-mail dirceumbf@hotmail.com,,https://www.latinmass.com/find-latin-mass,2026-05-18T15:02:38.874520
Igreja Nossa Senhora do Monte Líbano,"R. Pouso Alegre, 659 - Floresta, Belo Horizonte - MG, 31015-065, Brazil",,,,-19.911133,-43.933095,Domingos às 8:00h,Other,Other,https://www.igrejamaronita.org.br/conteudos/?eFh4fDEwOQ==,,,Domingos às 8:00h,,https://www.latinmass.com/find-latin-mass,2026-05-18T15:02:38.874520
Paróquia Paroquia Sagrada Família,"Av. Francisco Coelho Amorim, 180 - José e Maria, Petrolina - PE, 56320-440, Brazil",,,,-9.367598,-40.49553,Domingos às 10h,Other,Other,,,,Domingos às 10h,,https://www.latinmass.com/find-latin-mass,2026-05-18T15:02:38.874520
Capela Nossa Senhora da Glória,"Av. João Gualberto, 565 - Alto da Glória, Curitiba - PR, 82590-300, Brazil",,,,-25.421056,-49.266456,Todos os domingos ás 17h00,Other,Other,https://www.facebook.com/coralgregorianocuritiba/,,,Todos os domingos ás 17h00,,https://www.latinmass.com/find-latin-mass,2026-05-18T15:02:38.874520
Capela Particular dos Sagrados Corações de Jesus e Maria,"R. Pôrto Rico, 734 - Vila Sao Jorge da Lagoa, Campo Grande - MS, 79095-010, Brazil",,,,-20.523255,-54.666161,Domingo 9:30h,Other,Other,https://arquidiocesedecampogrande.org.br/,,,Domingo 9:30h,,https://www.latinmass.com/find-latin-mass,2026-05-18T15:02:38.874520
Capela de Santo Agostinho,"R. Darci Mavignier, R. Dirceu Arcoverde, 780, Parnaíba - PI, 64211-245, Brazil",,,,-2.913474,-41.750698,consultar com o padre responsável ou através do site,Other,Other,https://capelasantoagostinhocom.wordpress.com/,,,consultar com o padre responsável ou através do site,,https://www.latinmass.com/find-latin-mass,2026-05-18T15:02:38.874520
Igreja Matriz,"R. Barão do Serro Azul, 31 - Centro, Curitiba - PR, 80020-180, Brazil",,,,-25.428683,-49.27145,2º Domingo às 19h,Other,Other,https://www.catedralcuritiba.com/,,,2º Domingo às 19h,,https://www.latinmass.com/find-latin-mass,2026-05-18T15:02:38.874520
Paróquia Nossa Senhora Rosa Mística,"Rua Olímpio Dias de Abreu, 513",,,,-16.727307,-43.879832,Sexta-feira 20:00h,Other,Other,https://www.facebook.com/MissaTridentinaEmMontesClaros?ref=hl,,,Sexta-feira 20:00h,,https://www.latinmass.com/find-latin-mass,2026-05-18T15:02:38.874520
Missão Sagrados Corações de Jesus e Maria,"Rua Antônio Loureiro Sobrinho, n. 318, Bairro Lucília, 35930-248",,,,-19.813776,-43.172211,"sr. Sidney Pires: (31) 99377-6879 ou sr. Otavio Paiva (31) 99177-0183, e missaosagradoscoracoes.jm@gmail.com",Other,Other,https://www.facebook.com/profile.php?id=100064748496775,,,"sr. Sidney Pires: (31) 99377-6879 ou sr. Otavio Paiva (31) 99177-0183, e missaosagradoscoracoes.jm@gmail.com",,https://www.latinmass.com/find-latin-mass,2026-05-18T15:02:38.874520
Convento Casa Mariana N. Sra. Aparecida,"Chácaras Miranápolis, Rodovia BR 153, km 1209 Caixa Postal 354",,,,-18.183346,-49.290525,Aos domingos às 9:00h. De segunda a sábado às 7:00h,Other,Other,https://www.immacolata.com/en/home-en/,,,Aos domingos às 9:00h. De segunda a sábado às 7:00h,,https://www.latinmass.com/find-latin-mass,2026-05-18T15:02:38.874520
Capela Nossa Senhora da Fé,"9G3W+54 - Candeias, BA, 43813-400, Brazil",,,,-12.647063,-38.454687,"Domingo e Festas, às 8:00AM. Durante a semana, às 6:30AM",Other,Other,https://www.fbmv.org/p/algumas-indicacoes-para-aqueles-que-tem.html,,,"Domingo e Festas, às 8:00AM. Durante a semana, às 6:30AM",,https://www.latinmass.com/find-latin-mass,2026-05-18T15:02:38.874520
Paróquia Maria Mãe de Deus,"R. Profa. Maria Faria de Vasconcelos, 650 - Jardim Yolanda, São José do Rio Preto - SP, 15061-515, Brazil",,,,-20.807649,-49.35166,"Todos os Domingos ás 7:30h, todo primeioro Sábado do mês às 7h30 e toda quarta-feira às 19:30h",Other,Other,,,,"Todos os Domingos ás 7:30h, todo primeioro Sábado do mês às 7h30 e toda quarta-feira às 19:30h",,https://www.latinmass.com/find-latin-mass,2026-05-18T15:02:38.874520
Paróquia São Paulo Apóstolo,"R. Tobias Barreto, 1320 - Belenzinho, São Paulo - SP, 03176-001, Brazil",,,,-23.547592,-46.585681,"Domingo, terça e quinta às 17h. Segunda, quarta e sexta às 19h",Other,Other,,,,"Domingo, terça e quinta às 17h. Segunda, quarta e sexta às 19h",,https://www.latinmass.com/find-latin-mass,2026-05-18T15:02:38.874520
Igreja da Venerável Ordem Terceira do Carmo,"Av. Rangel Pestana, 230 - Sé, São Paulo - SP, 01017-000, Brazil",,,,-23.546965,-46.626446,"todos os domingos, às 11h30",Other,Other,,,,"todos os domingos, às 11h30",,https://www.latinmass.com/find-latin-mass,2026-05-18T15:02:38.874520
Caplela Menino Jesus de Praga – Sagrada Familia,"Vila Ema, São José dos Campos - State of São Paulo, 12243-010, Brazil",,,,-23.202755,-45.900552,Primeiros sábados ás 19:00h,Other,Other,,,,Primeiros sábados ás 19:00h,,https://www.latinmass.com/find-latin-mass,2026-05-18T15:02:38.874520
Mosteiro de São Bento,"Centro Histórico de São Paulo, São Paulo - State of São Paulo, 01011-100, Brazil",,,,-23.540634,-46.632097,"todos os domingos, às 18:00h",Other,Other,,,,"todos os domingos, às 18:00h",,https://www.latinmass.com/find-latin-mass,2026-05-18T15:02:38.874520
Paróquia São Carlos Borromeu,"Av. Dr. Eugênio Salerno, 166 - Centro, Sorocaba - SP, 18035-430, Brazil",,,,-23.501157,-47.468082,Domingos ás 17:00h,Other,Other,,,,Domingos ás 17:00h,,https://www.latinmass.com/find-latin-mass,2026-05-18T15:02:38.874520
Paróquia Rainha Santa Isabel de Portugal,"R. Artur Nascimento Júnior, 95 - Jardim Satelite, São Paulo - SP, 04815-180, Brazil",,,,-23.703498,-46.691305,"Domingo às 12h
Interlagos Diocese de Santo Amaro",Diocesan,Diocesan,https://diocesedesantoamaro.org.br/paroquias-da-diocese-de-santo-amaro/paroquia-rainha-santa-isabel-de-portugal/,,,"Domingo às 12h
Interlagos Diocese de Santo Amaro",,https://www.latinmass.com/find-latin-mass,2026-05-18T15:02:38.874520
Paróquia São Francisco e Santo Estêvão,"R. Mário Maia, 54 - Jardim Maria Virginia, São Paulo - SP, 05761-330, Brazil",,,,-23.634336,-46.764816,Todo terceiro sábado do mês às 19h,Other,Other,,,,Todo terceiro sábado do mês às 19h,,https://www.latinmass.com/find-latin-mass,2026-05-18T15:02:38.874520
Comunidade Católica Fanuel,"R. Arara Azul, 756 - Recreio da Borda do Campo, Santo André - SP, 09134-230, Brazil",,,,-23.729313,-46.48108,,Other,Other,,,,,,https://www.latinmass.com/find-latin-mass,2026-05-18T15:02:38.874520
Praça Julio Marcucci,"R. Alegre, 59 - Santa Paula, São Caetano do Sul - SP, 09521-310, Brazil",,,,-23.617262,-46.555264,Todos os Domingos ás 10:30h,Other,Other,https://www.facebook.com/capelasantaritaSCS/photos?tab=album&album_id=1803633986567719,,,Todos os Domingos ás 10:30h,,https://www.latinmass.com/find-latin-mass,2026-05-18T15:02:38.874520
Chapel St Joseph,"Av. Dr. Ciro Albuquerque, São Paulo, Brazil",,,,-23.567666,-47.978812,"every last Saturday of the month, at 10am
prioradopeanchieta@fsspx.com.br",SSPX,SSPX,https://fsspx.com.br/pt/priorados-e-capelas-51589,,,"every last Saturday of the month, at 10am
prioradopeanchieta@fsspx.com.br",,https://www.latinmass.com/find-latin-mass,2026-05-18T15:02:38.874520
Capela Nossa Senhora de Lourdes,"R. Maj. Claudiano, 1 - Vila Gea, São Paulo - SP, 04692-030, Brazil",,,,-23.676112,-46.689517,Sábado às 15h,Other,Other,https://pt-br.facebook.com/Missa-Tridentina-em-Franca-SP-1679118945671341/,,,Sábado às 15h,,https://www.latinmass.com/find-latin-mass,2026-05-18T15:02:38.874520
Carmel Marie-Reine des Anges,"Chem. des Curnilles 30, 1071 Chexbres, Switzerland",,,,46.48151,6.801256,Dimanche : 7h45 : messe chantée Semaine : 8h00 : messe lue,SSPX,SSPX,https://fsspx.ch/fr/chexbres-carmel-marie-reine-des-anges-35573,,,Dimanche : 7h45 : messe chantée Semaine : 8h00 : messe lue,,https://www.latinmass.com/find-latin-mass,2026-05-18T15:02:38.874520
St. John the Evangelist Catholic Church,"132 E Bishop St, Bellefonte, Pennsylvania 16823, USA",,,,40.91071,-77.776217,2nd Sunday 4pm&nbsp;<br>http://bellefontecatholicchurch.org/<br>,Diocesan,Diocesan,,,,2nd Sunday 4pm&nbsp;<br>http://bellefontecatholicchurch.org/<br>,,https://www.latinmass.com/find-latin-mass,2026-05-18T15:02:38.874520
Our Lady of Victories,"12 Ashbolt Cres, Lutana TAS 7009, Australia",,,,-42.843112,147.309167,Sunday 11:30am,Diocesan,Diocesan,https://www.facebook.com/share/16D8KT9Z6i/,,,Sunday 11:30am,,https://www.latinmass.com/find-latin-mass,2026-05-18T15:02:38.874520
St Augustine Church,"30 Caputo Rd, North Branford, Connecticut 06471, USA",,,,41.33466,-72.80374,Tuesdays 6pm<br>,Diocesan,Diocesan,https://www.nbcatholics.org/,,,Tuesdays 6pm<br>,,https://www.latinmass.com/find-latin-mass,2026-05-18T15:02:38.874520
St. Theresa of the Child Jesus Chapel,"324 McIntyre Dr, Balmertown, ON P8N 2Y4, Canada",,,,49.739565,-92.84246,Mass times vary 5pm or 6:30pm<br>Served by St Raphael's Priory in Manitoba,SSPX,SSPX,https://sspx.ca/en/our-lady-rosary-church-st-raphaels-priory-30147,,,Mass times vary 5pm or 6:30pm<br>Served by St Raphael's Priory in Manitoba,,https://www.latinmass.com/find-latin-mass,2026-05-18T15:02:38.874520
Dreikönigskapelle,"Parkstrasse 31A, 5400 Baden, Switzerland",,,,47.480993,8.3126,"Sonn- und feiertags: 7.30 Uhr hl. Messe und 9.30 Uhr gesungene Messe; Montag, Mittwoch, Samstag: 9 Uhr hl. Messe; Donnerstag, Freitag: 19 Uhr (18.15 Uhr)",FSSP,FSSP,https://petrusbruderschaft.de/pages/wo-wir-sind/schweiz/niederlassungen/thalwil/baden.php,,,"Sonn- und feiertags: 7.30 Uhr hl. Messe und 9.30 Uhr gesungene Messe; Montag, Mittwoch, Samstag: 9 Uhr hl. Messe; Donnerstag, Freitag: 19 Uhr (18.15 Uhr)",,https://www.latinmass.com/find-latin-mass,2026-05-18T15:02:38.874520
Chapelle Notre Dame de Consolation,"23 Rue Jean Goujon, 75008 Paris, France",,,,48.865494,2.306081,Sunday 9:00 10:15 11:45 18:30,SSPX,SSPX,https://laportelatine.org/lieux/paris-consolation,,,Sunday 9:00 10:15 11:45 18:30,,https://www.latinmass.com/find-latin-mass,2026-05-18T15:02:38.874520
Igreja da Ordem Terceira do Carmo,"Av. Rangel Pestana, 230 - Sé, São Paulo - SP, 01017-000, Brazil",,,,-23.546965,-46.626446,Domingo às 11h30,Other,Other,https://ordemterceira.com.br/,,,Domingo às 11h30,,https://www.latinmass.com/find-latin-mass,2026-05-18T15:02:38.874520
Capela São Pio X,"Rua Vicentina Goulart, 45 - Miriambi, São Gonçalo - State of Rio de Janeiro, Brazil",,,,-22.824548,-42.985013,Sábado 730PM,Other,Other,,,,Sábado 730PM,,https://www.latinmass.com/find-latin-mass,2026-05-18T15:02:38.874520
Igreja São Geraldo,"R. Cap. Nazário Pereira Gomes - Campos dos Goytacazes, RJ, Brazil",,,,-21.730739,-41.329248,Missas aos domingos às 8h30min. Contato: (22) 2722-8112,Other,Other,,,,Missas aos domingos às 8h30min. Contato: (22) 2722-8112,,https://www.latinmass.com/find-latin-mass,2026-05-18T15:02:38.874520
Capela Santa Teresinha,"Rua Amapa, 67 - KM 14, Campos dos Goytacazes - RJ, Brazil",,,,-21.622827,-41.312883,Todos os domingos às 7:30h. Exceto o 1º domingo do mês. Contato: (22) 27482215,Other,Other,,,,Todos os domingos às 7:30h. Exceto o 1º domingo do mês. Contato: (22) 27482215,,https://www.latinmass.com/find-latin-mass,2026-05-18T15:02:38.874520
Capela de São José,"Bairro Caiçara, Av. Antônio Cunha, 1795 - Nova América, Nova Iguaçu - RJ, 26021-191, Brazil",,,,-22.732773,-43.442074,Domingos : 07:00h,Other,Other,,,,Domingos : 07:00h,,https://www.latinmass.com/find-latin-mass,2026-05-18T15:02:38.874520
Capela Nossa Senhora de Guadalupe no Complexo Anchieta,"R. Iolanda Meiber Pimentel, 715 Bairro: Presidente Costa e Silva",,,,-21.188749,-41.903297,Domingo 8:00h e Terça-feira 19:30h,Other,Other,https://adapostolica.org/,,,Domingo 8:00h e Terça-feira 19:30h,,https://www.latinmass.com/find-latin-mass,2026-05-18T15:02:38.874520
Igreja Nossa Sra do Perpétuo Socorro e São Judas Tadeu,"R. Taubaté, 12 - Rodilândia, Nova Iguaçu - RJ, 26083-070, Brazil",,,,-22.739399,-43.502321,"2a à Sábado 07:30h, Domingos às 09:00h. Contato: (21) 3046-1616",Other,Other,,,,"2a à Sábado 07:30h, Domingos às 09:00h. Contato: (21) 3046-1616",,https://www.latinmass.com/find-latin-mass,2026-05-18T15:02:38.874520
Paróquia Nossa Senhora do Rosário e São Benedito,"Rua Noronha Torrezão, no720 - Cubango, Niterói - State of Rio de Janeiro, Brazil",,,,-22.892329,-43.098861,"todos os domingos, às 10:00h",Other,Other,https://www.facebook.com/missatridentinaniteroi/,,,"todos os domingos, às 10:00h",,https://www.latinmass.com/find-latin-mass,2026-05-18T15:02:38.874520
Basílica Nossa Senhora de Lourdes,"Boulevard 28 de Setembro, 200 - Vila Isabel, Rio de Janeiro - State of Rio de Janeiro, Brazil",,,,-22.914731,-43.242821,Domingos às 08:30h,Other,Other,,,,Domingos às 08:30h,,https://www.latinmass.com/find-latin-mass,2026-05-18T15:02:38.874520
Mosteiro da Santa Cruz Sitio Providência,"Alto dos Micheis - Riograndina, Nova Friburgo - RJ, Brazil",,,,-22.161016,-42.550743,Domingo e Festas às 10:00AM; Semana às 11:00AM,SSPX,SSPX,https://www.mosteirodasantacruz.org/,,,Domingo e Festas às 10:00AM; Semana às 11:00AM,,https://www.latinmass.com/find-latin-mass,2026-05-18T15:02:38.874520
"Paróquia Pessoal do Imaculado Coração de Nossa Senhora do Rosário de Fátima
(Igreja Principal da Adm. Apostólica São João Maria","Senac Campos, R. Cora de Alvarenga, 151 - Parque Leopoldina, Campos dos Goytacazes - RJ, 28051-272, Brazil",,,,-21.749691,-41.347718,"Domingos: 7h, 9h15 e 19h00; 2a, 4a, 5a e 6a às 19h; 3a e Sábado às 6h30. No Primeiro Sábado do mês a Missa é transferida para as 19h Na Primeira Sexta-Feira também há Missa as 6:30h da manhã. Contato: (22) 2732-6852",Other,Other,https://www.facebook.com/igrejaprincipal,,,"Domingos: 7h, 9h15 e 19h00; 2a, 4a, 5a e 6a às 19h; 3a e Sábado às 6h30. No Primeiro Sábado do mês a Missa é transferida para as 19h Na Primeira Sexta-Feira também há Missa as 6:30h da manhã. Contato: (22) 2732-6852",,https://www.latinmass.com/find-latin-mass,2026-05-18T15:02:38.874520
Capela de Santo Antônio,"R. São Lourenço - São Lourenço, Niterói - RJ, 24060-008, Brazil",,,,-22.886507,-43.112202,"todos os domingos, às 10:00h",Other,Other,https://www.facebook.com/missatridentinaniteroi/,,,"todos os domingos, às 10:00h",,https://www.latinmass.com/find-latin-mass,2026-05-18T15:02:38.874520
Capela de São Sebastião,"Estr. da Palhada - Valverde, Nova Iguaçu - RJ, Brazil",,,,-22.762782,-43.521181,4º Domingo às 07:00h,Other,Other,,,,4º Domingo às 07:00h,,https://www.latinmass.com/find-latin-mass,2026-05-18T15:02:38.874520
Missão da Fraternidade São Pio X,"R. Dr. Mattos, 107 - Parque Leopoldina, Campos dos Goytacazes - RJ, 28051-175, Brazil",,,,-21.745743,-41.336704,Domingo às 19h,SSPX,SSPX,https://fsspx.com.br/pt,,,Domingo às 19h,,https://www.latinmass.com/find-latin-mass,2026-05-18T15:02:38.874520
Igreja do Imaculado Coração de Maria,"R. Manoel Águiar, 17 - Praca Tiradentes, Cardoso Moreira - RJ, 28180-000, Brazil",,,,-21.487201,-41.617885,De segunda a sexta :ás 18:30h. Sabado ás 16h.Domingo ás 8 h e ás 19 h. Contato: 22-2785-1206/22-2785-2202,Other,Other,,,,De segunda a sexta :ás 18:30h. Sabado ás 16h.Domingo ás 8 h e ás 19 h. Contato: 22-2785-1206/22-2785-2202,,https://www.latinmass.com/find-latin-mass,2026-05-18T15:02:38.874520
Igreja de São José,"R. Riachuelo, Rio de Janeiro - RJ, Brazil",,,,-22.91493,-43.186809,Missas de 2a a sábado às 6:30h e às 18h; Domingo às 8h e 19h. Contato: (22) 2723-0463,Other,Other,,,,Missas de 2a a sábado às 6:30h e às 18h; Domingo às 8h e 19h. Contato: (22) 2723-0463,,https://www.latinmass.com/find-latin-mass,2026-05-18T15:02:38.874520
Igreja do Imaculado Coração de Maria,"Av. Euclídes Poubel de Lima - Vinhosa, Itaperuna - RJ, 28300-000, Brazil",,,,-21.194552,-41.884394,Todos os dias ás 06:00h.,Other,Other,https://adapostolica.org/,,,Todos os dias ás 06:00h.,,https://www.latinmass.com/find-latin-mass,2026-05-18T15:02:38.874520
Igreja de São Pedro,"Av. de Santa Cruz, 11664 - Senador Vasconcelos, Rio de Janeiro - RJ, 23013-425, Brazil",,,,-22.8899,-43.527135,Domingo ás 17h.,Other,Other,https://facebook.com/missatridentina,,,Domingo ás 17h.,,https://www.latinmass.com/find-latin-mass,2026-05-18T15:02:38.874520
Igreja Nossa Senhora da Luz,"R. Ana Neri, 1114 - Rocha, Rio de Janeiro - RJ, 20960-005, Brazil",,,,-22.9003,-43.246597,Todo sábado ás 17h.,Other,Other,,,,Todo sábado ás 17h.,,https://www.latinmass.com/find-latin-mass,2026-05-18T15:02:38.874520
Holy Family Parish,"94 Taikata Road, Te Atatū Peninsula, Auckland 0610, New Zealand",,,,-36.840421,174.642476,Sunday:  8:00am,Diocesan,Diocesan,https://latinmasssociety.org.nz/traditional-latin-mass-locations-in-new-zealand/,,,Sunday:  8:00am,,https://www.latinmass.com/find-latin-mass,2026-05-18T15:02:38.874520
Igreja Nossa Senhora da Lampadosa,"Av. Passos, 13 - Centro, Rio de Janeiro - RJ, 20051-040, Brazil",,,,-22.906055,-43.182652,Toda quarta-feira e quinta-feira ás 12:00h. Domingos ás 09h:00,Other,Other,,,,Toda quarta-feira e quinta-feira ás 12:00h. Domingos ás 09h:00,,https://www.latinmass.com/find-latin-mass,2026-05-18T15:02:38.874520
St Mary’s Chapel,"47 Clyde Street, Hamilton East, Hamilton 3216, New Zealand",,,,-37.790754,175.294474,Sunday:  5:00pm,Diocesan,Diocesan,https://latinmasssociety.org.nz/traditional-latin-mass-locations-in-new-zealand/,,,Sunday:  5:00pm,,https://www.latinmass.com/find-latin-mass,2026-05-18T15:02:38.874520
St. Anne’s Chapel,"3 Cole Place, Te Atatū South, Auckland 0610, New Zealand",,,,-36.859637,174.645153,"7am Low Mass (August 15th - Feast of the Assumption, Holy Day of Obligation)",FSSP,FSSP,,,,"7am Low Mass (August 15th - Feast of the Assumption, Holy Day of Obligation)",,https://www.latinmass.com/find-latin-mass,2026-05-18T15:02:38.874520
Paróquia de Nossa Senhora Aparecida e São Fidélis,"R. Dom Antônio de Castro Mayer - São Fidélis, RJ, 28400-000, Brazil",,,,-21.649352,-41.750697,Domingo ás 19h.,Diocesan,Diocesan,https://parnsraparecidasaofidelis.blogspot.com/,,,Domingo ás 19h.,,https://www.latinmass.com/find-latin-mass,2026-05-18T15:02:38.874520
Capelania Pessoal Nossa Senhora Do Perpétuo Socorro,"R. Dr. Miguel Couto, 78 - Jardim Normandia, Volta Redonda - RJ, 27251-260, Brazil",,,,-22.510967,-44.081936,"Todos os Domingos às 19:00h ; 1o Sábado do Mês às 7h30; Primeiras sextas-feiras, em reparação ao sagrado coração de Jesus às 19h30; Segunda-feiras, às 7h30;",Other,Other,https://m.facebook.com/profile.php?id=994419643911253&ref=content_filter,,,"Todos os Domingos às 19:00h ; 1o Sábado do Mês às 7h30; Primeiras sextas-feiras, em reparação ao sagrado coração de Jesus às 19h30; Segunda-feiras, às 7h30;",,https://www.latinmass.com/find-latin-mass,2026-05-18T15:02:38.874520
St. Paul’s College Chapel,"183 Richmond Road, Ponsonby, Auckland 1041, New Zealand",,,,-36.853749,174.736947,Sundays – 8am (Low) & 10am (Sung),Diocesan,Diocesan,,,,Sundays – 8am (Low) & 10am (Sung),,https://www.latinmass.com/find-latin-mass,2026-05-18T15:02:38.874520
Holy Name of Mary,"18 Valley Road, Hikurangi 0114, New Zealand",,,,-35.595117,174.288221,4th Sunday – 2:30pm,Diocesan,Diocesan,,,,4th Sunday – 2:30pm,,https://www.latinmass.com/find-latin-mass,2026-05-18T15:02:38.874520
St. Anne’s Chapel,"183 Richmond Road, Grey Lynn, Auckland 1021, New Zealand",,,,-36.853749,174.736947,"Monday – Wednesday 7am, Thursday 7pm, Saturday 8am",Diocesan,Diocesan,,,,"Monday – Wednesday 7am, Thursday 7pm, Saturday 8am",,https://www.latinmass.com/find-latin-mass,2026-05-18T15:02:38.874520
National Dong Hwa University Catholic student centre,"WG4H+9XR 志學村 Taiwan, Hualien County, Shoufeng Township",,,,23.905987,121.529891,Every Wednesday at 18:30,Diocesan Parish,Diocesan,https://www.facebook.com/p/%E6%9D%B1%E8%8F%AF%E5%A4%A7%E5%AD%B8-%E5%A4%A9%E4%B8%BB%E6%95%99%E9%9D%92%E5%B9%B4%E4%B8%AD%E5%BF%83-Dong-Hwa-University-Catholic-students-center-100079637487045/,,,Every Wednesday at 18:30,,https://www.latinmass.com/find-latin-mass,2026-05-18T15:02:38.874520
Holy Family Church,"MVPG+XPH 照南里 Taiwan, Miaoli County, Zhunan Township",,,,24.687438,120.876859,5th Sunday at 15:00,Unknown,Other,https://www.facebook.com/zhunanparish/,,,5th Sunday at 15:00,,https://www.latinmass.com/find-latin-mass,2026-05-18T15:02:38.874520
St. Thomas More Catholic Church,"42 Exton Rd, Bournemouth BH6 5QG, UK",,,,50.737603,-1.805748,"Every Sunday at 12:30, Holy Days of Obligation at 17:00",Diocesan Parish,Diocesan,,,,"Every Sunday at 12:30, Holy Days of Obligation at 17:00",,https://www.latinmass.com/find-latin-mass,2026-05-18T15:02:38.874520
Chapel of the Little Flower,"757 Oakridge Farm Hwy, Mooresville, North Carolina 28115",,,,35.608377,-80.802156,Every Sunday at 10:00 (Low Mass) and 12:00 (Sung Mass),Diocesan Parish,Diocesan,https://charlottediocese.org/tlmchapel/,,,Every Sunday at 10:00 (Low Mass) and 12:00 (Sung Mass),,https://www.latinmass.com/find-latin-mass,2026-05-18T15:02:38.874520
Capilla Nuestra Señora del Perpetuo Socorro,"Tv. 28a #36-47, Bogotá, Colombia",,,,4.625905,-74.077971,"Every Sunday: 08:00 (Low Mass), 10:00 (Sung/Solemn Mass), 12:00 (Low Mass), 17:00 (Low Mass). Monday to Saturday: 07:15 (Low Mass), 18:00,",Diocesan Parish,Diocesan,,,,"Every Sunday: 08:00 (Low Mass), 10:00 (Sung/Solemn Mass), 12:00 (Low Mass), 17:00 (Low Mass). Monday to Saturday: 07:15 (Low Mass), 18:00,",,https://www.latinmass.com/find-latin-mass,2026-05-18T15:02:38.874520
St Gerard’s Church,"121 Onslow Street, Kawerau 3127, New Zealand",,,,-38.091241,176.699809,Friday:  5:30pm,Diocesan,Diocesan,,,,Friday:  5:30pm,,https://www.latinmass.com/find-latin-mass,2026-05-18T15:02:38.874520
Saint Joseph's Nudgee College,"2199 Sandgate Rd, Boondall QLD 4034, Australia",,,,-27.358005,153.061653,Every Sunday: 08:00 (Sung Mass),FSSP,FSSP,,,,Every Sunday: 08:00 (Sung Mass),,https://www.latinmass.com/find-latin-mass,2026-05-18T15:02:38.874520
Our Lady of the Valley Parish,"33 Adams St, Easthampton, Massachusetts 01027",,,,42.267937,-72.66475,"Every Sunday: 11:30, First Fridays 6pm, Holy Days 12pm",Diocesan Parish,Diocesan,https://olveasthampton.org/traditional-latin-mass/,,,"Every Sunday: 11:30, First Fridays 6pm, Holy Days 12pm",,https://www.latinmass.com/find-latin-mass,2026-05-18T15:02:38.874520
St Columba’s Church,"83 Mulgrave Street, Ashhurst 4810, New Zealand",,,,-40.293895,175.752642,Sunday:  12:30pm,Diocesan,Diocesan,https://latinmasssociety.org.nz/traditional-latin-mass-locations-in-new-zealand/,,,Sunday:  12:30pm,,https://www.latinmass.com/find-latin-mass,2026-05-18T15:02:38.874520
Igreja Nossa Senhora da Conceição e da Boa Morte,"R. do Rosário, S/N - Centro, Goiana - PE, 55900-000, Brazil",,,,-7.559097,-34.997295,Toda sexta-feira ás 12:00h,Other,Other,,,,Toda sexta-feira ás 12:00h,,https://www.latinmass.com/find-latin-mass,2026-05-18T15:02:38.874520
St Catherine's Church,"St. Catherine, Jerusalem, Limassol 3035, Cyprus",,,,34.679921,33.051555,Every Sunday at 11:00,Unknown,Other,https://stcatherinecatholichurchlimassol.wordpress.com/time-hours/,,,Every Sunday at 11:00,,https://www.latinmass.com/find-latin-mass,2026-05-18T15:02:38.874520
St Joseph’s Chapel,"300 Rattray Street, Central Dunedin, Dunedin 9016, New Zealand",,,,-45.874179,170.497886,Sunday:  9:00 am,Diocesan,Diocesan,https://latinmasssociety.org.nz/traditional-latin-mass-locations-in-new-zealand/,,,Sunday:  9:00 am,,https://www.latinmass.com/find-latin-mass,2026-05-18T15:02:38.874520
Paróquia Nossa Senhora do Bonsucesso,"Rua General Galieni, 122",,,,-22.869729,-43.257239,Todo sábado ás 08h30,Other,Other,,,,Todo sábado ás 08h30,,https://www.latinmass.com/find-latin-mass,2026-05-18T15:02:38.874520
Our Lady of Mount Carmel Church,"QXXC+FXV 頂竹里 Taiwan, Hsinchu City, East District",,,,24.798738,120.972422,2nd Sunday at 15:00,Diocesan,Diocesan,,,,2nd Sunday at 15:00,,https://www.latinmass.com/find-latin-mass,2026-05-18T15:02:38.874520
Saint Joseph Chapel,"4th Floor Level, M232+WG Service Avenue, Ayala Malls Cloverleaf, Quezon City, Metro Manila, Philippines",,,,14.653181,121.0332,Every Sunday at 13:00 (Low/Sung Mass),Diocesan Parish,Diocesan,https://www.facebook.com/share/1AKyVXyoTg/,,,Every Sunday at 13:00 (Low/Sung Mass),,https://www.latinmass.com/find-latin-mass,2026-05-18T15:02:38.874520
Kościół Podwyższenia Krzyża Świętego,"66-416 Wojcieszyce, Poland",,,,52.793106,15.27251,Every Sunday at 15:00; Holy Days of Obligation at 15:00,FSSP,FSSP,,,,Every Sunday at 15:00; Holy Days of Obligation at 15:00,,https://www.latinmass.com/find-latin-mass,2026-05-18T15:02:38.874520
Mt St Mary’s Chapel,"4 Rangiwai Road, Titirangi, Auckland 0604, New Zealand",,,,-36.938289,174.658616,"Friday – Benediction 6:40pm, Mass 7pm",Diocesan,Diocesan,,,,"Friday – Benediction 6:40pm, Mass 7pm",,https://www.latinmass.com/find-latin-mass,2026-05-18T15:02:38.874520
Kościół Świętej Rodziny,"Krakowska 41, 33-100 Tarnów, Poland",,,,50.008983,20.976322,Every Sunday at 13:45 (Sung Mass); Monday - Friday at 19:00 (Low Mass); 1st Saturday at 10:00 (Low Mass); other Saturdays at09:15 (Low Mass); Holy Days of Obligation at 13:45 (Sung Mass),Diocesan Parish,Diocesan,https://www.facebook.com/people/Msza-Trydencka-Ksi%C4%99%C5%BCa-Misjonarze-w-Tarnowie/61552968748507/,,,Every Sunday at 13:45 (Sung Mass); Monday - Friday at 19:00 (Low Mass); 1st Saturday at 10:00 (Low Mass); other Saturdays at09:15 (Low Mass); Holy Days of Obligation at 13:45 (Sung Mass),,https://www.latinmass.com/find-latin-mass,2026-05-18T15:02:38.874520
Kaplica przy Kościele Świętego Chrystusa Odkupiciela,"Żubardzka 28, 91-022 Łódź, Poland",,,,51.787503,19.412346,Every Sunday at 10:00; 1st Saturday at 16:00; 4th Sunday at 16:00; Every Monday and Wednesday at 19:00;  1st Friday at 08:00; 1st Saturday at 20:00,Diocesan Parish,Diocesan,https://www.tradycjalodz.com/,,,Every Sunday at 10:00; 1st Saturday at 16:00; 4th Sunday at 16:00; Every Monday and Wednesday at 19:00;  1st Friday at 08:00; 1st Saturday at 20:00,,https://www.latinmass.com/find-latin-mass,2026-05-18T15:02:38.874520
Saint John the Baptist Oratory,"2 Cathedral St, Maitland NSW 2320, Australia",,,,-32.73376,151.559175,Every Sunday: 09:30,FSSP,FSSP,https://www.mn.catholic.org.au/places/the-latin-tridentine-chaplaincy/,,,Every Sunday: 09:30,,https://www.latinmass.com/find-latin-mass,2026-05-18T15:02:38.874520
La paroisse St. François d'Assise,"512 Frontenac St, Kingston, ON K7K 4M1, Canada",,,,44.236789,-76.499711,Occasional Sundays: 13:30	(Low Mass),Diocesan Parish,Diocesan,https://xn--saintfranoisassisekingston-zjc.ca/,,,Occasional Sundays: 13:30	(Low Mass),,https://www.latinmass.com/find-latin-mass,2026-05-18T15:02:38.874520
Capela Imaculado Coração de Maria,"R. Vanda Maria Derner - Centro, Santo Amaro da Imperatriz - SC, 88140-000, Brazil",,,,-27.685973,-48.774463,"Aviso de datas, horários e locais em nosso grupo do WhatsApp:&nbsp;<a href=""https://chat.whatsapp.com/EBUGiv8nV9yBQWF9FsHSvx"">https://chat.whatsapp.com/EBUGiv8nV9yBQWF9FsHSvx</a>",SSPX,SSPX,https://fsspx.com.br/pt,,,"Aviso de datas, horários e locais em nosso grupo do WhatsApp:&nbsp;<a href=""https://chat.whatsapp.com/EBUGiv8nV9yBQWF9FsHSvx"">https://chat.whatsapp.com/EBUGiv8nV9yBQWF9FsHSvx</a>",,https://www.latinmass.com/find-latin-mass,2026-05-18T15:02:38.874520
Capilla San Jose FSSPX,"12.150832,-86.198688",,,,12.150832,-86.198688,FSSPX mission every month,SSPX,SSPX,,,,FSSPX mission every month,,https://www.latinmass.com/find-latin-mass,2026-05-18T15:02:38.874520
Our Lady of Lourdes Chapel,"25 Chapel Rd, Bethlehem, West Virginia 26003, USA",,,,40.045618,-80.691604,Sunday 12:45 pm,SSPX,SSPX,https://sspx.org/en/list-sspx-chapels,,,Sunday 12:45 pm,,https://www.latinmass.com/find-latin-mass,2026-05-18T15:02:38.874520
Austrian Hospice,"Via Dolorosa St 37, Jerusalem",,,,31.780326,35.232116,"Sunday 16:00;&nbsp;See WhatsApp link for weekday Masses (usually 06:30):<br><a href=""https://chat.whatsapp.com/I3b47pBSJj9LQ9c9yFDW5x"">https://chat.whatsapp.com/I3b47pBSJj9LQ9c9yFDW5x</a><br class=""Apple-interchange-newline""><br>",Other,Other,https://www.austrianhospice.com/,,,"Sunday 16:00;&nbsp;See WhatsApp link for weekday Masses (usually 06:30):<br><a href=""https://chat.whatsapp.com/I3b47pBSJj9LQ9c9yFDW5x"">https://chat.whatsapp.com/I3b47pBSJj9LQ9c9yFDW5x</a><br class=""Apple-interchange-newline""><br>",,https://www.latinmass.com/find-latin-mass,2026-05-18T15:02:38.874520
Our Lady of the Rosary & Saint Dominic,"Saint Dominic's Priory, Southampton Rd, London NW5 4LB, United Kingdom",,,,51.550804,-0.1572554,"Sunday at 17:00 (Sung Mass),",Other,Other,https://rosaryshrine.co.uk/,,,"Sunday at 17:00 (Sung Mass),",,https://www.latinmass.com/find-latin-mass,2026-05-18T15:02:38.874520
Church of Saint Mary & Saint Ethelburga,"41 Linton Rd., Barking IG11 8HG, United Kingdom",,,,51.53954659999999,0.0774398,"Sunday at 12:00 (Low Mass), Monday to Friday at 07:30 (Low Mass), [No morning Mass on Thursday (Mass moved to 7pm)], Saturday at 09:30 (Low Mass), Thursday at 19:00 (Low Mass)",Diocesan Parish,Diocesan,https://smebarking.com,,,"Sunday at 12:00 (Low Mass), Monday to Friday at 07:30 (Low Mass), [No morning Mass on Thursday (Mass moved to 7pm)], Saturday at 09:30 (Low Mass), Thursday at 19:00 (Low Mass)",,https://www.latinmass.com/find-latin-mass,2026-05-18T15:02:38.874520
Saint Patrick's Church,"21A Soho Square, London W1D 4NR, United Kingdom",,,,51.51547249999999,-0.1311728,"Tuesday at 19:00 (Sung Mass), Thursday	at 19:00 (Sung Mass)",Diocesan Parish,Diocesan,https://www.stpatricksoho.org,,,"Tuesday at 19:00 (Sung Mass), Thursday	at 19:00 (Sung Mass)",,https://www.latinmass.com/find-latin-mass,2026-05-18T15:02:38.874520
St. Joseph Church,"1200 Mendon Rd, Woonsocket, RI 02895",,,,42.0033531,-71.479589,Every Thursday at 09:30,Diocesan,Diocesan,https://www.stjosephwoonsocket.com/,,,Every Thursday at 09:30,,https://www.latinmass.com/find-latin-mass,2026-05-18T15:02:38.874520
Saint Mary Magdalen Church,"96 North Side Wandsworth Common, London SW18 2QU, United Kingdom",,,,51.4584943,-0.1829662,"Sunday at 11:00 (Sung Mass), Holy Days of Obligation at 19:00 (Sung Mass), Friday at 19:00, 1st Saturday at 10:30 (Sung Mass)",Diocesan Parish,Diocesan,https://www.stmarymagdalens.co.uk,,,"Sunday at 11:00 (Sung Mass), Holy Days of Obligation at 19:00 (Sung Mass), Friday at 19:00, 1st Saturday at 10:30 (Sung Mass)",,https://www.latinmass.com/find-latin-mass,2026-05-18T15:02:38.874520
Franziskanerkirche (Franciscan Church),"An den Neißewiesen 91, 02827 Görlitz, Germany",,,,51.1253022,14.986329,1st Sunday at 10:30,FSSP,FSSP,https://fssp.cz/lusatia/,,,1st Sunday at 10:30,,https://www.latinmass.com/find-latin-mass,2026-05-18T15:02:38.874520
Allerheiligenkirche am Kreuz (Church of All Saints on the Cross),"Kreuzstraße 10, 80331 München, Germany",,,,48.1356879,11.5678397,"Holy Days of Obligation - 07:30, 09:30 (Sung Mass), 18:00; Every Sunday - 07:30, 09:30 (Sung Mass), 18:00; Monday, Tuesday, & Saturday - 08:00; Wednesday-Friday - 18:00",FSSP,FSSP,https://alterpeter.de/gottesdienste/,,,"Holy Days of Obligation - 07:30, 09:30 (Sung Mass), 18:00; Every Sunday - 07:30, 09:30 (Sung Mass), 18:00; Monday, Tuesday, & Saturday - 08:00; Wednesday-Friday - 18:00",,https://www.latinmass.com/find-latin-mass,2026-05-18T15:02:38.874520
Beichtkapelle (Confession Chapel),"47623 Kevelaer, Germany",,,,51.5763399,6.2291703,Holy Days of Obligation at 08:30 (Sung Mass); Every Sunday at 08:30 (Sung Mass),Diocesan Parish,Diocesan,https://www.wallfahrt-kevelaer.de/,,,Holy Days of Obligation at 08:30 (Sung Mass); Every Sunday at 08:30 (Sung Mass),,https://www.latinmass.com/find-latin-mass,2026-05-18T15:02:38.874520
Frauenkirche (Church of Our Lady),"An d. Kapell 13, 91180 Heideck, Germany",,,,49.1337409,11.1254965,Every Sunday at 18:00,Diocesan,Diocesan,https://heideck.bistum-eichstaett.de/startseite/,,,Every Sunday at 18:00,,https://www.latinmass.com/find-latin-mass,2026-05-18T15:02:38.874520
Adelhauser Kirche Mariä Verkündigung und Sankt Katharina,"Adelhauser Str. 31A, 79098 Freiburg im Breisgau, Germany",,,,47.9928452,7.851439999999999,Sundays at 10:00,Diocesan Parish,Diocesan,https://www.alte-messe.info/,,,Sundays at 10:00,,https://www.latinmass.com/find-latin-mass,2026-05-18T15:02:38.874520
Sacellum Clementinum / La Clementina (Clementine Chapel),"Piazza San Pietro, 00120 Città del Vaticano, Vatican City",,,,41.9022225,12.4567283,Daily at 07:00,Unknown,Other,https://www.diocesidiroma.it/,,,Daily at 07:00,,https://www.latinmass.com/find-latin-mass,2026-05-18T15:02:38.874520
Basilika Sankt Clemens (Basilica of Saint Clement),"Platz a. d. Basilika 1, 30169 Hannover, Germany",,,,52.3730517,9.7268423,Every Sunday at 13:30 (Sung Mass); Holy Days of Obligation at 15:00 (Sung Mass),FSSP,FSSP,https://www.st-clemens-hannover.de/,,,Every Sunday at 13:30 (Sung Mass); Holy Days of Obligation at 15:00 (Sung Mass),,https://www.latinmass.com/find-latin-mass,2026-05-18T15:02:38.874520
Busdorfkirche Sankt Petrus und Andreas (Busdorf Church of Saints Peter & Andrew),"Am Busdorf 6-8, 33098 Paderborn, Germany",,,,51.7188526,8.760354399999999,Holy Days of Obligation and Sundays at 11:00 (Sung Mass),Diocesan,Diocesan,https://judica-me.de/tridentine-mass-germany/,,,Holy Days of Obligation and Sundays at 11:00 (Sung Mass),,https://www.latinmass.com/find-latin-mass,2026-05-18T15:02:38.874520
Maria-Schnee-Kapelle (Mary of the Snows Chapel),"Prinzenweg 4, 93047 Regensburg, Germany",,,,49.0182163,12.1056481,"Mon, Wed, 1st Fri - 18:00; Tues, Thurs - 19:00; 1st Sat - 09:30",Diocesan,Diocesan,https://www.roemische-messe-regensburg.de/cms/,,,"Mon, Wed, 1st Fri - 18:00; Tues, Thurs - 19:00; 1st Sat - 09:30",,https://www.latinmass.com/find-latin-mass,2026-05-18T15:02:38.874520
Kirche Sankt Michael,"Von-der-Leyen-Straße 72, 66386 St. Ingbert, Germany",,,,49.2911636,7.1349446,Every Saturday at 09:00,FSSP,FSSP,,,,Every Saturday at 09:00,,https://www.latinmass.com/find-latin-mass,2026-05-18T15:02:38.874520
Mariahilf Kirche (Church of Mary's Help),"Rolandstraße 61, 50677 Köln, Germany",,,,50.918802,6.956659399999999,"Sun at 10:00 (Sung Mass); Mon - Fri at 18:30 (Low Mass); Saturday at 09:00 (Low Mass)<br><a href=""http://www.maria-hilf-koeln.de/"">Visit Site</a>",FSSP,FSSP,,,,"Sun at 10:00 (Sung Mass); Mon - Fri at 18:30 (Low Mass); Saturday at 09:00 (Low Mass)<br><a href=""http://www.maria-hilf-koeln.de/"">Visit Site</a>",,https://www.latinmass.com/find-latin-mass,2026-05-18T15:02:38.874520
Heilig-Kreuz-Kapelle,"Kapellenweg 3, 51519 Odenthal, Germany",,,,51.0340517,7.1612477,"Every Friday at 18:00<br><a href=""http://www.maria-hilf-koeln.de/termine/weitere-termine/"">Visit Site</a>",FSSP,FSSP,,,,"Every Friday at 18:00<br><a href=""http://www.maria-hilf-koeln.de/termine/weitere-termine/"">Visit Site</a>",,https://www.latinmass.com/find-latin-mass,2026-05-18T15:02:38.874520
Kirche Sankt Jobst (Church of Saint Jobst),"92318 Neumarkt in der Oberpfalz, Germany",,,,49.2742045,11.4668023,Every Sunday at 10:00; Holy Days of Obligation at 10:00; Every Monday and Friday at 18:00,FSSP,FSSP,https://www.st-johannes-neumarkt.de/index.php/filialkirchen/st-jobst,,,Every Sunday at 10:00; Holy Days of Obligation at 10:00; Every Monday and Friday at 18:00,,https://www.latinmass.com/find-latin-mass,2026-05-18T15:02:38.874520
Peeter-Pauli Katedraal (Saints Peter & Paul Cathedral),"Vene tn 18, 10123 Tallinn, Estonia",,,,59.4382107,24.7482195,2nd and 4th Sundays at 15:30 (Mass is offered from October to May only),Diocesan Parish,Diocesan,,,,2nd and 4th Sundays at 15:30 (Mass is offered from October to May only),,https://www.latinmass.com/find-latin-mass,2026-05-18T15:02:38.874520
Dreifaltigkeit (Kirchort) (Untere Kapelle),"Rückertstraße 12, 65187 Wiesbaden, Germany",,,,50.0697614,8.235120199999999,Wednesday 6:30pm,Diocesan,Diocesan,https://www.bonifatius-wiesbaden.de/kirchorte/dreifaltigkeit/,,,Wednesday 6:30pm,,https://www.latinmass.com/find-latin-mass,2026-05-18T15:02:38.874520
Shrine of Our Lady of Guadalupe,"100 S Guadalupe St, Santa Fe, NM 87501, USA",,,,35.6869136,-105.9451159,Sundays 2:00pm,Other,Other,https://guadalupesantafe.org/,,,Sundays 2:00pm,,https://www.latinmass.com/find-latin-mass,2026-05-18T15:02:38.874520
220 W 4th St,"220 W 4th St, Mishawaka, IN 46544, USA",,,,41.6593779,-86.18292389999999,,Unknown,Other,,,,,,https://www.latinmass.com/find-latin-mass,2026-05-18T15:02:38.874520
Immaculate Conception of Blessed Virgin Mary,"Malaya Gruzinskaya Ulitsa, 27/13, Moskva, Russia, 123557",,,,55.7671888,37.5712702,1st Sunday 12:00pm,Diocesan,Diocesan,https://www.unavoce.ru/,,,1st Sunday 12:00pm,,https://www.latinmass.com/find-latin-mass,2026-05-18T15:02:38.874520
St Mary’s Abbey,"Main Rd, Colwich, Little Haywood, Stafford ST18 0UF, UK",,,,52.78999049999999,-1.9893987,Everyday 11:00am,Other,Other,https://benedictinesofmary.org/about-us/colwich/,,,Everyday 11:00am,,https://www.latinmass.com/find-latin-mass,2026-05-18T15:02:38.874520
Capilla Nuestra Señora del Carmen,"Isla de Flores 1930, 11200 Montevideo, Departamento de Montevideo, Uruguay",,,,-34.9103251,-56.1733866,3rd Sundays 11:00am,SSPX,SSPX,https://www.instagram.com/tradcatsuruguay/?hl=es-la,,,3rd Sundays 11:00am,,https://www.latinmass.com/find-latin-mass,2026-05-18T15:02:38.874520
Saint Pius X,"97 Suryu 7-gil, Geumsan-myeon, Gimje, Jeonbuk State, South Korea",,,,35.6879766,127.0485052,,SSPX,SSPX,https://fsspx.asia/en/list-sspx-chapels-1,,,,,https://www.latinmass.com/find-latin-mass,2026-05-18T15:02:38.874520
St. John Paul II Liturgical Center,"3535 Indian Trail, West Bloomfield Township, MI 48324, USA",,,,42.5924609,-83.35598150000001,Sunday 9:00am,Other,Other,https://www.sjp2liturgicalcenter.com/,,,Sunday 9:00am,,https://www.latinmass.com/find-latin-mass,2026-05-18T15:02:38.874520
Cathédrale de Bayonne,"15 Rue des Prébendes, 64100 Bayonne, France",,,,43.4903747,-1.4783907,Mardi au vendredi Messe basse à 8h. TOUJOURS envoyer un message au +33683383168 pour confirmation,Institute of Christ the King,ICKSP,https://icrspfrance.fr/apostolats/biriatou,,,Mardi au vendredi Messe basse à 8h. TOUJOURS envoyer un message au +33683383168 pour confirmation,,https://www.latinmass.com/find-latin-mass,2026-05-18T15:02:38.874520
Église Saint-Martin,"64700 Hendaye, France",,,,43.340423,-1.7392812,Dimanche et fêtes d'obligation messe chantée à 10h30,Institute of Christ the King,ICKSP,https://icrspfrance.fr/apostolats/biriatou,,,Dimanche et fêtes d'obligation messe chantée à 10h30,,https://www.latinmass.com/find-latin-mass,2026-05-18T15:02:38.874520
St Patrick’s Church,"61 Fuller Street, Kaiapoi 7630, New Zealand",,,,-43.3841348,172.6541986,Sunday 11:00am,Diocesan,Diocesan,https://cdoc.nz/news-events/traditional-latin-mass,,,Sunday 11:00am,,https://www.latinmass.com/find-latin-mass,2026-05-18T15:02:38.874520
Church of Poor Saint Francis,"P.za della SS. Annunziata, 1, 50122 Firenze FI, Italy",,,,43.7765003,11.2599701,"Sunday 09:00am, 10:30am; 1st Friday 18:30",Diocesan,Diocesan,https://blog.messainlatino.it/2014/08/elenco-messe-vo-in-toscana-nelle-marche.html,,,"Sunday 09:00am, 10:30am; 1st Friday 18:30",,https://www.latinmass.com/find-latin-mass,2026-05-18T15:02:38.874520
Discepole del Cenacolo - Velletri,"Via Madonna degli Angeli, 78, 00049 Velletri RM, Italy",,,,41.6868041,12.7614057,,SSPX,SSPX,https://fsspx.it/it/discepole-del-cenacolo-velletri-32797,,,,,https://www.latinmass.com/find-latin-mass,2026-05-18T15:02:38.874520
Cappella S. Giuseppe,"Via Morosini 1, 6943 Vezia, Switzerland",,,,46.0277283,8.936279899999999,Sunday 10:30am,SSPX,SSPX,https://fsspx.it/it/centri-di-messa,,,Sunday 10:30am,,https://www.latinmass.com/find-latin-mass,2026-05-18T15:02:38.874520
"Czarna Kaplica, Jarosławskie Opactwo","Benedyktyńska 5, 37-500 Jarosław, Poland",,,,50.0219672,22.6803488,Dominican Rite,Diocesan,Diocesan,https://opactwo.pl/index.php,,,Dominican Rite,,https://www.latinmass.com/find-latin-mass,2026-05-18T15:02:38.874520
1515 S College Ave,"1515 S College Ave, Bryan, TX 77801, USA",,,,30.655066,-96.369478,3rd Sunday 4:30pm<br>The College Station Latin Mass Society hosts Latin Masses from visiting SSPX and Diocesan Priests. Check our website to stay up-to-date on upcoming Mass times and locations,SSPX,SSPX,https://latinmasscollegestation.org/,,,3rd Sunday 4:30pm<br>The College Station Latin Mass Society hosts Latin Masses from visiting SSPX and Diocesan Priests. Check our website to stay up-to-date on upcoming Mass times and locations,,https://www.latinmass.com/find-latin-mass,2026-05-18T15:02:38.874520
"Carmel of Jesus, Mary and Joseph","18772 W Riverview Dr, Post Falls, ID 83854, USA",,,,47.68930779999999,-117.0028196,,Other,Other,https://cloisteredlife.com/directory/post-falls,,,,,https://www.latinmass.com/find-latin-mass,2026-05-18T15:02:38.874520
Abbaye Sainte-Marie de Lagrasse,"6 Rive Gauche, 11220 Lagrasse, France",,,,43.0906269,2.6167583,"Les samedis, dimanches et jours fériés, la Messe est célébrée à 10h00. Du lundi au vendredi, la Messe est à 12h00, en raison du chantier de l’église abbatiale. Chaque jour, une messe basse est célébrée à la crypte à 8h30",Other,Other,https://www.lagrasse.org/,,,"Les samedis, dimanches et jours fériés, la Messe est célébrée à 10h00. Du lundi au vendredi, la Messe est à 12h00, en raison du chantier de l’église abbatiale. Chaque jour, une messe basse est célébrée à la crypte à 8h30",,https://www.latinmass.com/find-latin-mass,2026-05-18T15:02:38.874520
Chapelle Sainte Eugénie,"3 Rue Sainte-Eugénie, 30000 Nîmes, France",,,,43.8379263,4.3590478,Every Sunday 10:15 Sung Mass; Holy Days of Obligation 10:15 Sung Mass; 1st Friday 19:00,Institute of Christ the King,ICKSP,https://www.icrsp.org/Pages/liens.html,,,Every Sunday 10:15 Sung Mass; Holy Days of Obligation 10:15 Sung Mass; 1st Friday 19:00,,https://www.latinmass.com/find-latin-mass,2026-05-18T15:02:38.874520
Church of the Nativity,"210 Oak Grove Ave, Menlo Park, CA 94025, USA",,,,37.4607539,-122.1803507,Sunday 12:30pm,Diocesan,Diocesan,https://www.nativitymenlo.org/,,,Sunday 12:30pm,,https://www.latinmass.com/find-latin-mass,2026-05-18T15:02:38.874520
Jesus and Mary Roman Catholic Chapel,"1401 W Yandell Dr, El Paso, TX 79902, USA",,,,31.762818,-106.5034474,"Sunday 7:30am, 9:30am, 11:30am",SSPX,SSPX,https://sspx.org/en/jesus-and-mary-church-priory-30194,,,"Sunday 7:30am, 9:30am, 11:30am",,https://www.latinmass.com/find-latin-mass,2026-05-18T15:02:38.874520
La Chappelle de Sainte Croix,"Rue des Teinturiers, 84000 Avignon, France",,,,43.9450176,4.8140913,Sunday 10:30am,Diocesan,Diocesan,https://messes.info/lieu/84/avignon/penitents-gris,,,Sunday 10:30am,,https://www.latinmass.com/find-latin-mass,2026-05-18T15:02:38.874520
Chiesa Santa Maria dei Servi,"Via Belisario, 2, 05018 Orvieto TR, Italy",,,,42.7209199,12.1181087,2nd and 4th Sundays&nbsp;17:30,Institute of Christ the King,ICKSP,https://www.icrss.it/,,,2nd and 4th Sundays&nbsp;17:30,,https://www.latinmass.com/find-latin-mass,2026-05-18T15:02:38.874520
Chiesa di Santa Maria della Rosa,"Via della Rosa, 25, 55100 Lucca LU, Italy",,,,43.8405705,10.5072049,Sundays and feast days 9:30am;&nbsp;Saturdays 8:00am; 1st Fridays&nbsp;17:30,Institute of Christ the King,ICKSP,https://www.icrss.it/,,,Sundays and feast days 9:30am;&nbsp;Saturdays 8:00am; 1st Fridays&nbsp;17:30,,https://www.latinmass.com/find-latin-mass,2026-05-18T15:02:38.874520
Chiesa di San Giovannino,"Corso Roma, 120, 15121 Alessandria AL, Italy",,,,44.9104941,8.6122933,2nd Sunday of the month: 11:00,Institute of Christ the King,ICKSP,https://www.latinmassdir.org/venue/chiesa-di-san-giovannino-church-of-young-saint-john-alessandria-italy/,,,2nd Sunday of the month: 11:00,,https://www.latinmass.com/find-latin-mass,2026-05-18T15:02:38.874520
Arciconfraternita della Misericordia,"Via Giuseppe Barbaroux, 41, 10122 Torino TO, Italy",,,,45.0729822,7.676854499999999,"Sunday and holy days: 11:00<br><br><a href=""http://arciconfraternitadellamisericordia.it/orari-delle-celebrazioni/"">Click for more info</a>",Diocesan,Diocesan,,,,"Sunday and holy days: 11:00<br><br><a href=""http://arciconfraternitadellamisericordia.it/orari-delle-celebrazioni/"">Click for more info</a>",,https://www.latinmass.com/find-latin-mass,2026-05-18T15:02:38.874520
Kostel Svatého Mikuláše,"Markvartovická 80/58, 747 14 Ludgeřovice, Czechia",,,,49.89102829999999,18.239036,4th Tuesday&nbsp;17:00,Diocesan,Diocesan,https://farnostludgerovice.cz/,,,4th Tuesday&nbsp;17:00,https://media.mapme.com/places/d40f653e-337b-4ddd-bf9d-7f89311a54b1/gallery/6f716c75-68d1-4440-98ee-58b8a1f67745.hd,https://www.latinmass.com/find-latin-mass,2026-05-18T15:02:38.874520
Oratorio dei Bianchi,"Vicolo della Rosa, 11, 16035 Rapallo GE, Italy",,,,44.3499572,9.2315378,"Sunday 18:00 (not always, check Facebook page)",Diocesan,Diocesan,https://www.facebook.com/groups/1079815882044963/,,,"Sunday 18:00 (not always, check Facebook page)",,https://www.latinmass.com/find-latin-mass,2026-05-18T15:02:38.874520
Abbiaye Sainte-Madeleine du Barroux,"1201 Chem. des Rabassières, 84330 Le Barroux, France",,,,44.1524982,5.0980663,Sunday and Holy Days: 10:00am; Weekdays: 9:30am,Other,Other,https://www.barroux.org/offices-de-chaque-jour/#,,,Sunday and Holy Days: 10:00am; Weekdays: 9:30am,,https://www.latinmass.com/find-latin-mass,2026-05-18T15:02:38.874520
Saint Cecilia's Church,"28 E Peebles Rd, Memphis, TN 38109",,,,35.066887,-90.063079,Saturday: 6:00pm | Sunday: 10:00am,SSPX,SSPX,https://fsspx.today/chapel/tn-memphis/,,,Saturday: 6:00pm | Sunday: 10:00am,,https://www.latinmass.com/find-latin-mass,2026-05-18T15:02:38.874520
Saint Christopher's Mission,"228 W 47th St 2nd floor, New York, NY 10036",,,,40.7596507,-73.9862204,Sunday: 4:00 pm,SSPX,SSPX,https://www.sspxnyc.com/,,,Sunday: 4:00 pm,,https://www.latinmass.com/find-latin-mass,2026-05-18T15:02:38.874520
Saint Dominic Chapel,"20274 West Riverview Drive, Post Falls, Idaho 83854",,,,47.6865141,-117.0203368,Sunday: 10:30 am | Monday to Saturday : 8:00 am,SSPX,SSPX,https://www.scholae-fanjeaux.org/etablissements/post-falls/,,,Sunday: 10:30 am | Monday to Saturday : 8:00 am,,https://www.latinmass.com/find-latin-mass,2026-05-18T15:02:38.874520
Child Jesus Chapel,"62 Broad St, Pittston, PA 18640",,,,41.3219492,-75.7879332,Sunday: 3:30 PM,SSPX,SSPX,https://fsspx.today/chapel/pa-pittston/info/,,,Sunday: 3:30 PM,,https://www.latinmass.com/find-latin-mass,2026-05-18T15:02:38.874520
Saint Francis of Assisi Mission,"2200 S I-35 Frontage Rd Ste A, Austin, TX 78704",,,,30.2354087,-97.7414209,2nd & 4th Sunday: 4:00 pm,SSPX,SSPX,,,,2nd & 4th Sunday: 4:00 pm,,https://www.latinmass.com/find-latin-mass,2026-05-18T15:02:38.874520
Sankt Ägidius (Saint Giles),"Aegidiikirchpl. 4, 48143 Münster, Germany",,,,51.95939,7.624301,Sunday & Holy Days of Obligation at 09:30 (Sung Mass) | Fridays at 18:00,Diocesan,Diocesan,https://www.adjutorium.de/,,,Sunday & Holy Days of Obligation at 09:30 (Sung Mass) | Fridays at 18:00,,https://www.latinmass.com/find-latin-mass,2026-05-18T15:02:38.874520
Corpus Christi Chapel,"130 Old Liberty Pike, Franklin, TN 37064",,,,35.929299,-86.86216309999999,Sunday: 8am and 10am,SSPX,SSPX,https://corpuschristichapel.com/,,,Sunday: 8am and 10am,,https://www.latinmass.com/find-latin-mass,2026-05-18T15:02:38.874520
Pfarrkirche Sankt Josef (Parish Church of Saint Joseph),"Uhlandstraße 15, 63741 Aschaffenburg, Germany",,,,49.9841894,9.146708799999999,Sundays at 18:00; Mondays at 08:30,Diocesan,Diocesan,,,,Sundays at 18:00; Mondays at 08:30,,https://www.latinmass.com/find-latin-mass,2026-05-18T15:02:38.874520
Immaculate Conception Church,"501 Morrill St, Gilford, NH 03249",,,,43.5533676,-71.4360088,Sunday: 14:00,SSPX,SSPX,https://fsspx.today/chapel/7224-2/info/,,,Sunday: 14:00,,https://www.latinmass.com/find-latin-mass,2026-05-18T15:02:38.874520
Annunciation Chapel,"290 E County Rd 56, Fort Collins, CO 80524",,,,40.6545916,-105.0722368,Sundays at 11:00,SSPX,SSPX,https://fsspx.today/chapel/co-fort-collins/,,,Sundays at 11:00,,https://www.latinmass.com/find-latin-mass,2026-05-18T15:02:38.874520
Christ the King Church,"209 Tackora Trail Ridgefield, CT 06877",,,,41.3186821,-73.5187115,"Sunday 07:00, 09:00 | Monday-Friday 07:00, 08:15 (school Mass) | Saturday: 07:15",SSPX,SSPX,,,,"Sunday 07:00, 09:00 | Monday-Friday 07:00, 08:15 (school Mass) | Saturday: 07:15",,https://www.latinmass.com/find-latin-mass,2026-05-18T15:02:38.874520
Blessed Virgin Mary Church,"2656 Warners Road Warners, NY 13164-9733",,,,43.082299,-76.3253754,"Sundays: 07:30 Low Mass, 10:00 Sung Mass | Monday-Friday: 5:45, 7:15, 8:15 Low Mass| Saturday: 7:15, 8:00 Low Mass",SSPX,SSPX,https://fsspx.today/chapel/ny-warners/,,,"Sundays: 07:30 Low Mass, 10:00 Sung Mass | Monday-Friday: 5:45, 7:15, 8:15 Low Mass| Saturday: 7:15, 8:00 Low Mass",,https://www.latinmass.com/find-latin-mass,2026-05-18T15:02:38.874520
Sankt Josef,"Berghauser Str. 20, 42859 Remscheid, Germany",,,,51.1719864,7.2095227,Sunday at 08:00 (Low Mass),FSSP,FSSP,https://www.fssp.org/en/#Deutschland,,,Sunday at 08:00 (Low Mass),,https://www.latinmass.com/find-latin-mass,2026-05-18T15:02:38.874520
Priesterseminar Sankt Petrus (Saint Peter's Seminary,"Kirchstraße 16, 88145 Opfenbach, Germany",,,,47.6432,9.836509999999999,"Every Sunday at 07:45 (Low Mass), 10:00 Solemn Mass, 17:15 |  Holy Days of Obligation at 07:45 Low Mass, 10:00 Solemn Mass |  Monday-Friday at 06:30 & 17:15 | Saturday 06:30",FSSP,FSSP,https://petrusbruderschaft.de/,,,"Every Sunday at 07:45 (Low Mass), 10:00 Solemn Mass, 17:15 |  Holy Days of Obligation at 07:45 Low Mass, 10:00 Solemn Mass |  Monday-Friday at 06:30 & 17:15 | Saturday 06:30",,https://www.latinmass.com/find-latin-mass,2026-05-18T15:02:38.874520
Sieben-Schmerzen-Kapelle (Seven Sorrows Chapel),"Kapellpl. 23, 84503 Altötting, Germany",,,,48.2258652,12.6764134,Sundays & Holy Days of Obligation at 17:00 | Sung Mass 1st Saturday at 12:00,Institute of Christ the King,ICKSP,https://institut-christus-koenig.de/,,,Sundays & Holy Days of Obligation at 17:00 | Sung Mass 1st Saturday at 12:00,,https://www.latinmass.com/find-latin-mass,2026-05-18T15:02:38.874520
Pfarrkirche Sankt Peter und Paul,"86510 Ried, Germany",,,,48.2905163,11.0434337,1st Wednesday at 08:30,FSSP,FSSP,https://petrusbruderschaft.de/pages/wo-wir-sind/deutschland/messorte.php,,,1st Wednesday at 08:30,,https://www.latinmass.com/find-latin-mass,2026-05-18T15:02:38.874520
Pfarrkirche Sankt Clemens,"Dorfpl. 6, 82438 Eschenlohe, Germany",,,,47.5989164,11.1848448,3rd Monday at 18:15,Diocesan,Diocesan,https://www.st-clemens-eschenlohe.de/,,,3rd Monday at 18:15,,https://www.latinmass.com/find-latin-mass,2026-05-18T15:02:38.874520
Carmel of the Holy Trinity,"4027 S. Wilbur Road Spokane, WA 99206-9407",,,,47.6195378,-117.2468627,Sunday: 8:00 am | Saturday: 8:00 am,SSPX,SSPX,,,,Sunday: 8:00 am | Saturday: 8:00 am,,https://www.latinmass.com/find-latin-mass,2026-05-18T15:02:38.874520
Immaculate Heart of Mary Chapel,"2935 Chenoweth Rd, Akron, OH 44312",,,,40.9887,-81.4884598,Sunday: 9:00 am | Saturday: 9:00 am,SSPX,SSPX,,,,Sunday: 9:00 am | Saturday: 9:00 am,,https://www.latinmass.com/find-latin-mass,2026-05-18T15:02:38.874520
Infant of Prague Mission,"112 S Van Buren St, Bay City, MI 48708",,,,43.5887542,-83.88282919999999,Sunday Mass: 3:00 pm,SSPX,SSPX,https://fsspx.today/chapel/mi-bay-city/info/,,,Sunday Mass: 3:00 pm,,https://www.latinmass.com/find-latin-mass,2026-05-18T15:02:38.874520
Holy Angels Novitiate,"21077 Quarry Hill Road Winona, MN 55987-4977",,,,44.0319516,-91.72694729999999,"Sunday 08:00 Low Mass, 10:00 High Mass | Monday-Saturday 07:15",SSPX,SSPX,https://holyangels-novitiate.com/en,,,"Sunday 08:00 Low Mass, 10:00 High Mass | Monday-Saturday 07:15",,https://www.latinmass.com/find-latin-mass,2026-05-18T15:02:38.874520
Immaculate Heart of Mary Chapel,"5267 John Marshall Hwy, Linden, VA 22642",,,,38.911744,-78.090605,Sunday Masses:  8:00 & 10:30 AM,SSPX,SSPX,https://fsspx.today/chapel/front-royal/info/,,,Sunday Masses:  8:00 & 10:30 AM,,https://www.latinmass.com/find-latin-mass,2026-05-18T15:02:38.874520
Mary Immaculate Church,"1800 S Washington Ave, Wichita, KS 67211",,,,37.6604183,-97.325952,"1st, 3rd & 5th Sunday Mass:  9:00 AM",SSPX,SSPX,https://fsspx.today/chapel/ks-wichita/info/,,,"1st, 3rd & 5th Sunday Mass:  9:00 AM",,https://www.latinmass.com/find-latin-mass,2026-05-18T15:02:38.874520
Assumption of the BVM Chapel,"426 County Road 152 Clayton, TX 75633-5820",,,,32.1019996,-94.49160549999999,1st Sunday at 4:30 pm,SSPX,SSPX,https://fsspx.today/chapel/tx-carthage/info/,,,1st Sunday at 4:30 pm,,https://www.latinmass.com/find-latin-mass,2026-05-18T15:02:38.874520
Immaculate Conception Chapel,"890 Foy's Canyon Road Kalispell, MT 59901-7727",,,,48.1289616,-114.3190791,Sunday: 09:00; Saturday at 17:00,SSPX,SSPX,https://fsspx.today/chapel/mt-kalispell/info/,,,Sunday: 09:00; Saturday at 17:00,,https://www.latinmass.com/find-latin-mass,2026-05-18T15:02:38.874520
Our Lady of Good Success,"20418 US-54, Louisiana, MO 63353",,,,39.4188808,-91.0914542,Sunday: 9:00 AM,SSPX,SSPX,https://fsspx.today/chapel/louisiana/info/,,,Sunday: 9:00 AM,,https://www.latinmass.com/find-latin-mass,2026-05-18T15:02:38.874520
Our Lady of Fatima Catholic Church,"66110 Vortisch Rd Lacombe, LA 70445-3361",,,,30.3880598,-89.8963575,Sunday: 11:30 AM,SSPX,SSPX,https://fsspx.today/chapel/la-lacombe/info/,,,Sunday: 11:30 AM,,https://www.latinmass.com/find-latin-mass,2026-05-18T15:02:38.874520
Our Lady of Mount Carmel Church,"3900 Scruggs Dr, Fort Worth, TX 76180",,,,32.8210504,-97.2340629,Sunday Mass:  7:30 & 9:30 AM,SSPX,SSPX,https://olmcnrh.com/,,,Sunday Mass:  7:30 & 9:30 AM,,https://www.latinmass.com/find-latin-mass,2026-05-18T15:02:38.874520
Our Lady of Sorrows Chapel,"596 E Robert St, Crookston, MN 56716",,,,47.7671414,-96.59953499999999,Sunday 10:00am; First Friday 6:00pm; First Saturday 8:00am,SSPX,SSPX,https://fsspx.today/chapel/mn-crookston/,,,Sunday 10:00am; First Friday 6:00pm; First Saturday 8:00am,,https://www.latinmass.com/find-latin-mass,2026-05-18T15:02:38.874520
Our Lady of Grace Church,"2552 Kentucky Ave, Kenner, LA 70062",,,,30.0023217,-90.233719,Sunday: 7:30 & 10:00 AM,SSPX,SSPX,https://fsspx.today/chapel/la-kenner/info/,,,Sunday: 7:30 & 10:00 AM,,https://www.latinmass.com/find-latin-mass,2026-05-18T15:02:38.874520
Our Lady of Lourdes,"25 Chapel Rd, Bethlehem, WV 26003",,,,40.0456183,-80.6916042,Sunday: 12:30 pm,SSPX,SSPX,,,,Sunday: 12:30 pm,,https://www.latinmass.com/find-latin-mass,2026-05-18T15:02:38.874520
Our Lady of Lourdes Mission,"Eaton Square 438 Hobron Lane Suite 300 Honolulu (Waikiki), HI 96815",,,,21.2871233,-157.8360952,2nd Sunday: 7:15 & 9:00am (call to confirm) | Friday: 6:30pm | Saturday: 9:00am,SSPX,SSPX,,,,2nd Sunday: 7:15 & 9:00am (call to confirm) | Friday: 6:30pm | Saturday: 9:00am,,https://www.latinmass.com/find-latin-mass,2026-05-18T15:02:38.874520
Our Lady of Guadalupe,"221 Elm St, New Plymouth, ID 83655",,,,43.9699889,-116.8222968,Sunday: 7:30 & 10:00 AM,SSPX,SSPX,https://fsspx.today/chapel/id-new-plymouth/info/,,,Sunday: 7:30 & 10:00 AM,,https://www.latinmass.com/find-latin-mass,2026-05-18T15:02:38.874520
Immaculate Heart of Mary Priory & Academy,"777 221st Avenue N.W. Oak Grove, MN 55011-4633",,,,45.3709623,-93.2851555,Sunday Masses: 7:00 & 9:30 AM,SSPX,SSPX,https://fsspx.today/chapel/mt-kalispell/info/,,,Sunday Masses: 7:00 & 9:30 AM,,https://www.latinmass.com/find-latin-mass,2026-05-18T15:02:38.874520
Immaculate Conception Church,"495 N Lincoln St, Post Falls, ID 83854",,,,47.7118626,-116.9406637,"Monday-Friday: 05:45, 07:15, 08:30; 11:15 am Low Mass | Saturday: 08:30 Low Mass | Sunday: 07:00, 08:30 Sung Mass, 10:30, 12:00, 18:00",SSPX,SSPX,https://icc.id.sspx.org/en,,,"Monday-Friday: 05:45, 07:15, 08:30; 11:15 am Low Mass | Saturday: 08:30 Low Mass | Sunday: 07:00, 08:30 Sung Mass, 10:30, 12:00, 18:00",,https://www.latinmass.com/find-latin-mass,2026-05-18T15:02:38.874520
Our Lady of Fatima Chapel,"5217 Futura Ave, Richmond, VA 23231",,,,37.5140256,-77.3884181,Sunday: 10:00 am | Monday: 9:00 am | Saturday: 6:00 pm | 1st Saturday: 9:00 am | 1st Friday: 7:00 pm,SSPX,SSPX,https://fsspx.today/chapel/va-richmond/info/,,,Sunday: 10:00 am | Monday: 9:00 am | Saturday: 6:00 pm | 1st Saturday: 9:00 am | 1st Friday: 7:00 pm,,https://www.latinmass.com/find-latin-mass,2026-05-18T15:02:38.874520
Our Lady of Good Success Church,"1460 5th Ave E, Dickinson, ND 58601",,,,46.8991809,-102.7768885,Sunday: 12:00pm | 2nd & 4th Saturday: 5:00pm,SSPX,SSPX,https://www.olgsdickinson.org/,,,Sunday: 12:00pm | 2nd & 4th Saturday: 5:00pm,,https://www.latinmass.com/find-latin-mass,2026-05-18T15:02:38.874520
Jesus and Mary Church,"1401 W Yandell Dr, El Paso, TX 79902",,,,31.762818,-106.5034474,"Monday-Friday: 7:15am, 11:30am | Saturday: 8:00am | Sunday: 7:30am, 9:30 amHigh Mass; 11:30 amMass",SSPX,SSPX,https://fsspx.today/chapel/tx-el-paso/info/,,,"Monday-Friday: 7:15am, 11:30am | Saturday: 8:00am | Sunday: 7:30am, 9:30 amHigh Mass; 11:30 amMass",,https://www.latinmass.com/find-latin-mass,2026-05-18T15:02:38.874520
Capilla Nuestra Señora de Fátima,"Saturno 1535, Satélite, 32540 Juárez, Chih., Mexico",,,,31.6802254,-106.3724229,Sunday 3:00pm,SSPX,SSPX,,,,Sunday 3:00pm,,https://www.latinmass.com/find-latin-mass,2026-05-18T15:02:38.874520
Our Lady Help of Christians,"9621 Bixby Ave Garden Grove, CA 92841",,,,33.7854155,-117.9646225,"Sundays: 07:30, 10:00 | Wednesday (some) and Friday 8:15 am | Saturday: 7:15, 8:00 Low Mass | Saturdays: 8:00am",SSPX,SSPX,https://www.ourladyhelpofchristians.us/,,,"Sundays: 07:30, 10:00 | Wednesday (some) and Friday 8:15 am | Saturday: 7:15, 8:00 Low Mass | Saturdays: 8:00am",,https://www.latinmass.com/find-latin-mass,2026-05-18T15:02:38.874520
Maria Stella Maris Mission,"3600 S. Gaffey Street San Pedro, CA 90731-6932",,,,33.7138693,-118.2937462,"Sundays 8:00am (also, Friday - Dec 5 - Advent Feria (First Friday) 6:30 pm |Saturday - Dec 6 - St. Nicholas (First Saturday): 8:30 am| Monday - Dec 8 - Feast of the Immaculate Conception 6:30pm)",SSPX,SSPX,https://fsspx.today/chapel/ca-san-pedro/,,,"Sundays 8:00am (also, Friday - Dec 5 - Advent Feria (First Friday) 6:30 pm |Saturday - Dec 6 - St. Nicholas (First Saturday): 8:30 am| Monday - Dec 8 - Feast of the Immaculate Conception 6:30pm)",,https://www.latinmass.com/find-latin-mass,2026-05-18T15:02:38.874520
Our Lady of the Rosary Church,"231 McKinley Parkway Buffalo, NY 14220-2717",,,,42.8383175,-78.8145973,Sunday 8 a.m. and 10 a.m. | First Saturdays 6 p.m. | Holy Days 7 p.m.,SSPX,SSPX,,,,Sunday 8 a.m. and 10 a.m. | First Saturdays 6 p.m. | Holy Days 7 p.m.,,https://www.latinmass.com/find-latin-mass,2026-05-18T15:02:38.874520
Our Lady of the Angels Church & Priory,"1100 W Duarte Rd, Arcadia, CA 91007",,,,34.1240477,-118.0647564,Sunday Mass: 7:30 & 10:00 AM,SSPX,SSPX,https://fsspx.today/chapel/ca-arcadia/info/,,,Sunday Mass: 7:30 & 10:00 AM,,https://www.latinmass.com/find-latin-mass,2026-05-18T15:02:38.874520
Queen of the Most Holy Rosary Chapel,"509 21st St, West Palm Beach, FL 33407",,,,26.7334991,-80.0554963,Sunday: 12:00 pm | Saturday: 9:30 am,SSPX,SSPX,https://fsspx.today/chapel/ar-little-rock/,,,Sunday: 12:00 pm | Saturday: 9:30 am,,https://www.latinmass.com/find-latin-mass,2026-05-18T15:02:38.874520
Our Lady of the Assumption Church,"472 Beaver Rd, Walton, KY 41094",,,,38.8714094,-84.6277266,"Sunday: Low Mass 06:30am, High Mass 08:30am, Low Mass 10:30am, Low Mass 12:00pm | Weekdays: 7:15AM + 11:30AM (during school year only) | Saturday: 7:15AM + 8:00AM (*There is often a 5:45AM Mass during the week, and additional Masses for First Thursday, Friday and Saturday. Please check the calendar or weekly bulletin for changes to the schedule as the Mass schedule varies week by week)",SSPX,SSPX,https://www.assumptionchurch.net/,,,"Sunday: Low Mass 06:30am, High Mass 08:30am, Low Mass 10:30am, Low Mass 12:00pm | Weekdays: 7:15AM + 11:30AM (during school year only) | Saturday: 7:15AM + 8:00AM (*There is often a 5:45AM Mass during the week, and additional Masses for First Thursday, Friday and Saturday. Please check the calendar or weekly bulletin for changes to the schedule as the Mass schedule varies week by week)",,https://www.latinmass.com/find-latin-mass,2026-05-18T15:02:38.874520
Our Lady of Sorrows Chapel,"4911 Dodge Street (SW corner of Dodge & 49th St.) Omaha, NE  68132",,,,41.2594203,-95.98830029999999,2nd Sunday: 10:00 am,SSPX,SSPX,https://fsspx.today/chapel/ne-omaha/info/,,,2nd Sunday: 10:00 am,,https://www.latinmass.com/find-latin-mass,2026-05-18T15:02:38.874520
Our Lady of Good Counsel,"8616 N Dixie Dr, Dayton, OH 45414",,,,39.8563532,-84.19859249999999,1st & 3rd Sunday: 3pm,SSPX,SSPX,,,,1st & 3rd Sunday: 3pm,,https://www.latinmass.com/find-latin-mass,2026-05-18T15:02:38.874520
Our Lady of the BitterRoot Chapel,"316 B St S, Victor, MT 59875",,,,46.41520200000001,-114.1541663,"1st, 3rd & 5th Sunday Mass: 4:00 pm",SSPX,SSPX,https://fsspx.today/chapel/mt-victor/info/,,,"1st, 3rd & 5th Sunday Mass: 4:00 pm",,https://www.latinmass.com/find-latin-mass,2026-05-18T15:02:38.874520
Notre Dame de la Salette Chapel,"5065 Olivet Rd Georgetown, IL 61846",,,,39.9407851,-87.6403843,couldn't find Mass times,SSPX,SSPX,https://www.lasalette.net/,,,couldn't find Mass times,,https://www.latinmass.com/find-latin-mass,2026-05-18T15:02:38.874520
Holy Name of Jesus Academy,"337 Trippany Road Massena, NY 13662-3290",,,,44.9559163,-74.8037289,also couldn't find Mass times,SSPX,SSPX,,,,also couldn't find Mass times,,https://www.latinmass.com/find-latin-mass,2026-05-18T15:02:38.874520
Pfarrkirche Sankt Justina (Parish Church of Saint Justina),"Hauptstraße 23, 86825 Bad Wörishofen, Germany",,,,48.0044899,10.5941009,Sunday & Holy Days of Obligation at 17:00,FSSP,FSSP,https://www.fssp.org/en/,,,Sunday & Holy Days of Obligation at 17:00,,https://www.latinmass.com/find-latin-mass,2026-05-18T15:02:38.874520
Convent of Christ the King,"1409 E. Meyer Boulevard Kansas City, MO 64131-1209",,,,39.0114032,-94.5700435,couldnt find Mass times,SSPX,SSPX,,,,couldnt find Mass times,,https://www.latinmass.com/find-latin-mass,2026-05-18T15:02:38.874520
Old Saint Mary's Church,"215 E Mulberry St, Goldsboro, NC 27530",,,,35.3836242,-77.9932714,1st & 3rd Sunday Mass: 1:00 p.m.,SSPX,SSPX,https://fsspx.today/chapel/nc-goldsboro/info/,,,1st & 3rd Sunday Mass: 1:00 p.m.,,https://www.latinmass.com/find-latin-mass,2026-05-18T15:02:38.874520
Holy Redeemer Church,"1841 N White St, Wake Forest, NC 27587",,,,36.0040129,-78.4818404,Sunday: 08:30,SSPX,SSPX,https://fsspx.today/chapel/nc-raleigh/info/,,,Sunday: 08:30,,https://www.latinmass.com/find-latin-mass,2026-05-18T15:02:38.874520
Corpus Christi Church,"204 6th Avenue N. Edmonds, WA 98020-3005",,,,47.81146769999999,-122.3746064,Sunday:  9:00 am,SSPX,SSPX,https://fsspx.today/chapel/wa-edmonds/info/,,,Sunday:  9:00 am,,https://www.latinmass.com/find-latin-mass,2026-05-18T15:02:38.874520
Paderborn Cathedral,"Dompl., 33098 Paderborn, Germany",,,,51.7186574,8.7568304,Wednesdays at 18:30,Diocesan,Diocesan,https://judica-me.de/tridentine-mass-germany/,,,Wednesdays at 18:30,,https://www.latinmass.com/find-latin-mass,2026-05-18T15:02:38.874520
Our Lady of the Blessed Sacrament Mission,"500 Wildcat Dr, Portland, TX 78374",,,,27.8739887,-97.3197101,2nd and 4th Sundays: 4:30 pm,SSPX,SSPX,https://fsspx.today/chapel/tx-corpus-christi/info/,,,2nd and 4th Sundays: 4:30 pm,,https://www.latinmass.com/find-latin-mass,2026-05-18T15:02:38.874520
Saint Catherine of Sienna Mission,"439 Boston Post Rd Weston, MA 02493-1552",,,,42.3674815,-71.30134679999999,Saturday & Sunday: 9am,SSPX,SSPX,https://www.stcatherinesweston.com/,,,Saturday & Sunday: 9am,,https://www.latinmass.com/find-latin-mass,2026-05-18T15:02:38.874520
Queen of All Saints Chapel,"1404 W Atlantic St, Springfield, MO 65803",,,,37.2333445,-93.3086259,"Sunday Low Mass 7:30, High Mass 10:00; Saturday 5pm; Holy Days of Obligation 7pm (weekdays), or 9:30am (weekends)",SSPX,SSPX,https://smac.edu/en/mission-chapels-31543,,,"Sunday Low Mass 7:30, High Mass 10:00; Saturday 5pm; Holy Days of Obligation 7pm (weekdays), or 9:30am (weekends)",https://media.mapme.com/places/c503802e-c08e-4284-8e22-cddc01586bf3/gallery/a45c61e6-e369-4624-8fd7-09c1958c6d9d.hd,https://www.latinmass.com/find-latin-mass,2026-05-18T15:02:38.874520
Queen of the Miraculous Medal Chapel,"201 SW 3rd St, Bryant, AR 72022",,,,34.592245,-92.4908868,Sunday: 4:30pm,SSPX,SSPX,,,,Sunday: 4:30pm,,https://www.latinmass.com/find-latin-mass,2026-05-18T15:02:38.874520
Our Lady of the Visitation Roman Catholic Church,"875 Manomin Ave, St Paul, MN 55107",,,,44.9198211,-93.1009608,Sunday: 10:30am Low Mass,SSPX,SSPX,https://fsspx.today/chapel/ny-buffalo/announcements/,,,Sunday: 10:30am Low Mass,,https://www.latinmass.com/find-latin-mass,2026-05-18T15:02:38.874520
Saint Aloysius Gonzaga Retreat House,"19101 Bear Creek Rd, Los Gatos, CA 95033",,,,37.1861949,-122.0032907,"Monday-Friday: 7:15am | Saturday: 8:00am | Sunday: 7:30am 9:00am, 10:30 amHigh Mass",SSPX,SSPX,https://fsspx.today/chapel/ca-los-gatos/,,,"Monday-Friday: 7:15am | Saturday: 8:00am | Sunday: 7:30am 9:00am, 10:30 amHigh Mass",,https://www.latinmass.com/find-latin-mass,2026-05-18T15:02:38.874520
Our Lady of Sorrows Church,"750 E Baseline Rd, Phoenix, AZ 85042",,,,33.3787672,-112.0627274,"Sunday Mass: 7:00, 8:30 & 11:00 AM",SSPX,SSPX,https://ourladyofsorrows-priory.com/en,,,"Sunday Mass: 7:00, 8:30 & 11:00 AM",,https://www.latinmass.com/find-latin-mass,2026-05-18T15:02:38.874520
Saint Anne's Church,"38100 Five Mile Rd, Livonia, MI 48154",,,,42.39680449999999,-83.4197014,Sun 8:00am & 10:30am | Sat 9:00am,SSPX,SSPX,,,,Sun 8:00am & 10:30am | Sat 9:00am,,https://www.latinmass.com/find-latin-mass,2026-05-18T15:02:38.874520
Sacred Heart Novitiate,"540 W 8th St, Browerville, MN 56438",,,,46.0878534,-94.8741868,Sunday: 7:30am | Monday-Saturday: 7:15am,SSPX,SSPX,https://fsspx.today/chapel/browerville/info/,,,Sunday: 7:30am | Monday-Saturday: 7:15am,,https://www.latinmass.com/find-latin-mass,2026-05-18T15:02:38.874520
Our Lady of Victory Church,"1575 E Windmill Ln, Las Vegas, NV 89123",,,,36.0418703,-115.130922,Saturday: 9:00am | Sunday: 7:30 & 9:30am,SSPX,SSPX,https://fsspx.today/chapel/las-vegas/info/,,,Saturday: 9:00am | Sunday: 7:30 & 9:30am,,https://www.latinmass.com/find-latin-mass,2026-05-18T15:02:38.874520
Saint Anthony Mary Claret Chapel,"686 Hwy 2378, Miramar Beach, FL 32550",,,,30.3754215,-86.3602803,Sunday Mass: 9:00 AM,SSPX,SSPX,https://florida.sspx.org/en/st-anthony-mary-claret-chapel-33628,,,Sunday Mass: 9:00 AM,,https://www.latinmass.com/find-latin-mass,2026-05-18T15:02:38.874520
Saint Anthony of Padua Chapel,"103 Gould Ave, Caldwell, NJ 07006",,,,40.8599515,-74.25854199999999,"Saturday Mass 9:00am | Sunday Mass 7:30 am, 10:00 am | 1st Friday 6:00 pm | 1st Saturday 9:00 am",SSPX,SSPX,https://www.sspxridgefield.com/missions#/st-anthony-of-padua,,,"Saturday Mass 9:00am | Sunday Mass 7:30 am, 10:00 am | 1st Friday 6:00 pm | 1st Saturday 9:00 am",,https://www.latinmass.com/find-latin-mass,2026-05-18T15:02:38.874520
Mission Santa Maria,"12028 E Turquoise Cir, Dewey, AZ 86327",,,,34.5502865,-112.2539935,Sunday Mass: 10:00 AM,SSPX,SSPX,https://ourladyofsorrows-priory.com/en/mission-chapels-31329,,,Sunday Mass: 10:00 AM,,https://www.latinmass.com/find-latin-mass,2026-05-18T15:02:38.874520
Saint Benedict's Church,"1240 Matha Ave, Louisville, KY 40215",,,,38.1821731,-85.7825843,Sunday: 3:00pm,SSPX,SSPX,https://fsspx.today/chapel/ky-louisville/info/,,,Sunday: 3:00pm,,https://www.latinmass.com/find-latin-mass,2026-05-18T15:02:38.874520
Saint Athanasius Church,"406 Shady Dr, Endicott, NY 13760",,,,42.1052571,-76.0234558,Sunday: 10:00am | First Saturday: 5:00 pm,SSPX,SSPX,,,,Sunday: 10:00am | First Saturday: 5:00 pm,,https://www.latinmass.com/find-latin-mass,2026-05-18T15:02:38.874520
Saint Anthony of Padua Church,"108 Horseshoe Bend Beach Rd, Mt Holly, NC 28120",,,,35.35500740000001,-80.97582729999999,"Saturday: 5:00pm Low Mass | Sunday 8:00am Low Mass, 10:00am Sung Mass",SSPX,SSPX,,,,"Saturday: 5:00pm Low Mass | Sunday 8:00am Low Mass, 10:00am Sung Mass",,https://www.latinmass.com/find-latin-mass,2026-05-18T15:02:38.874520
Our Lady of Victory,"N11190 17th Ave, Necedah, WI 54646",,,,44.0497301,-90.03434,can't find Mass times,SSPX,SSPX,,,,can't find Mass times,,https://www.latinmass.com/find-latin-mass,2026-05-18T15:02:38.874520
Our Lady of Victory Church,"4580 SW 65th Ave, Davie, FL 33314",,,,26.0641023,-80.232764,"Sunday: 7:00 am, 9:00 am, 11:00 am | Friday: 6:00 pm | Saturday: 10:00 am",SSPX,SSPX,https://florida.sspx.org/en/our-lady-victory-church-saint-philomena-33880,,,"Sunday: 7:00 am, 9:00 am, 11:00 am | Friday: 6:00 pm | Saturday: 10:00 am",,https://www.latinmass.com/find-latin-mass,2026-05-18T15:02:38.874520
Queen of Angels Church,"4100 State Hwy 3, Dickinson, TX 77539",,,,29.4613167,-95.05170430000001,Sunday:  7:30 & 10:00 AM,SSPX,SSPX,https://dickinson.tx.sspx.org/en,,,Sunday:  7:30 & 10:00 AM,,https://www.latinmass.com/find-latin-mass,2026-05-18T15:02:38.874520
Sacred Heart Church,"2342 Valley Rd, Mancelona, MI 49659",,,,44.9090431,-85.0436321,Sunday: 9:00am,SSPX,SSPX,https://stjosephs-priory.com/en/mission-chapels-32416,,,Sunday: 9:00am,,https://www.latinmass.com/find-latin-mass,2026-05-18T15:02:38.874520
Our Lady of Guadalupe Church,"349 Third Street NE Cass Lake, MN  56633",,,,47.3804512,-94.5971897,"for Mass times, email sspxcasslake@gmail.com",SSPX,SSPX,https://fsspx.today/chapel/mn-cass-lake/info/,,,"for Mass times, email sspxcasslake@gmail.com",,https://www.latinmass.com/find-latin-mass,2026-05-18T15:02:38.874520
Saint Isidore's Church,"32100 E Colfax Ave, Watkins, CO 80137",,,,39.7376845,-104.6126729,Sunday:  7:00 am (low Mass); 9:00 am (sung Mass) | Weekday Masses:  8:00 am,SSPX,SSPX,https://stisidores-priory.com/en,,,Sunday:  7:00 am (low Mass); 9:00 am (sung Mass) | Weekday Masses:  8:00 am,,https://www.latinmass.com/find-latin-mass,2026-05-18T15:02:38.874520
Saint James Church,"326 S Main St, Pittsburgh, PA 15220",,,,40.4419307,-80.0328395,"Sunday: 7:30am, 10:00 (Sung Mass)",SSPX,SSPX,https://fsspx.today/chapel/pa-pittsburgh/,,,"Sunday: 7:30am, 10:00 (Sung Mass)",,https://www.latinmass.com/find-latin-mass,2026-05-18T15:02:38.874520
Saint John Bosco Mission,"4805 Mercury St Suite J, San Diego, CA 92111",,,,32.8294726,-117.1483964,Sunday Mass: 4:00pm,SSPX,SSPX,https://fsspx.today/chapel/ca-san-diego/,,,Sunday Mass: 4:00pm,,https://www.latinmass.com/find-latin-mass,2026-05-18T15:02:38.874520
Saint John Fisher Church,"4800 Calhoun St, Fort Wayne, IN 46807",,,,41.0398503,-85.1375558,Sunday: 9:00 am | 1st Sat: 6:00 pm,SSPX,SSPX,,,,Sunday: 9:00 am | 1st Sat: 6:00 pm,,https://www.latinmass.com/find-latin-mass,2026-05-18T15:02:38.874520
Saint John Vianney Chapel,"18910 Ellipse Loop, Long Prairie, MN 56347",,,,45.9031696,-94.8808766,Sunday: 8:00am (Low Mass) 10:00 (High Mass) Monday-Saturday: 8:00am,SSPX,SSPX,https://fsspx.today/chapel/long-prairie/,,,Sunday: 8:00am (Low Mass) 10:00 (High Mass) Monday-Saturday: 8:00am,,https://www.latinmass.com/find-latin-mass,2026-05-18T15:02:38.874520
Saint Joseph Mission,"81525 State Hwy 3, St Maries, ID 83861",,,,47.2860428,-116.5195044,1st & 3rd Sunday:  9:30am,SSPX,SSPX,https://icc.id.sspx.org/en/mass-centers-31326,,,1st & 3rd Sunday:  9:30am,,https://www.latinmass.com/find-latin-mass,2026-05-18T15:02:38.874520
Saint Joseph's Church,"7815 Orland, San Antonio, TX 78213",,,,29.5075418,-98.5179943,Sunday: 7:30 am & 10:00 am | Saturday: 6:00 pm | 1st Friday: 6:00 pm,SSPX,SSPX,https://fsspx.today/chapel/tx-san-antonio/info/,,,Sunday: 7:30 am & 10:00 am | Saturday: 6:00 pm | 1st Friday: 6:00 pm,,https://www.latinmass.com/find-latin-mass,2026-05-18T15:02:38.874520
Saint Margaret Mary Church,"11850 Brown Ave, Allendale, MI 49401",,,,42.9774693,-85.9558184,Sunday: 8am & 10am,SSPX,SSPX,https://fsspx.today/chapel/mi-grand-rapids/info/,,,Sunday: 8am & 10am,,https://www.latinmass.com/find-latin-mass,2026-05-18T15:02:38.874520
Saint John Vianney Priory,"820 Saint John's Avenue Browerville, MN 56438-9492",,,,46.0879786,-94.8751911,(The priory is the residence of the priests. Please feel free to call for an appointment.),SSPX,SSPX,https://sspx.org/en/st-john-vianney-church-priory-30239,,,(The priory is the residence of the priests. Please feel free to call for an appointment.),,https://www.latinmass.com/find-latin-mass,2026-05-18T15:02:38.874520
Saint Lawrence Chapel,"1001 Foster St Ext, South Windsor, CT 06074",,,,41.8485885,-72.5330639,Sunday: 10:00am,SSPX,SSPX,https://www.sspxridgefield.com/missions#/st-lawrence,,,Sunday: 10:00am,,https://www.latinmass.com/find-latin-mass,2026-05-18T15:02:38.874520
Saint Joseph's and Immaculate Heart Church,"1090 W Laurel St, Colton, CA 92324",,,,34.0810238,-117.3433306,"Sunday 7:30am, 10:00 am",SSPX,SSPX,https://fsspx.today/chapel/ca-colton/,,,"Sunday 7:30am, 10:00 am",,https://www.latinmass.com/find-latin-mass,2026-05-18T15:02:38.874520
Saint Joseph's Church,"245 West Broadway Street, Greenwood, IN 46142",,,,39.615351,-86.1091562,"Sunday: 8am Low Mass, 10am High Mass",SSPX,SSPX,https://saintjosephgreenwood.com/,,,"Sunday: 8am Low Mass, 10am High Mass",,https://www.latinmass.com/find-latin-mass,2026-05-18T15:02:38.874520
Saint Joseph's Church,"57575 Romeo Plank Rd, Ray, MI 48096",,,,42.7198546,-82.962533,"Sunday: 7:30am, 10:00 am (High)",SSPX,SSPX,https://stjosephs-priory.com/en,,,"Sunday: 7:30am, 10:00 am (High)",,https://www.latinmass.com/find-latin-mass,2026-05-18T15:02:38.874520
Saint Mary Magdalene Chapel,"1200 N Clark St, Mexico, MO 65265",,,,39.181597,-91.88409229999999,Sunday: 3:00pm,SSPX,SSPX,https://fsspx.today/chapel/mo-mexico/info/,,,Sunday: 3:00pm,,https://www.latinmass.com/find-latin-mass,2026-05-18T15:02:38.874520
Saint Jude's Church,"1402 E 10th St, Eddystone, PA 19022",,,,39.8610494,-75.34283479999999,"Sunday: 8am (low), 10am (high)",SSPX,SSPX,https://fsspx.today/chapel/pa-eddystone/info/,,,"Sunday: 8am (low), 10am (high)",,https://www.latinmass.com/find-latin-mass,2026-05-18T15:02:38.874520
Saint Mary's Assumption Church & Priory,"1126 Dolman St, St. Louis, MO 63104",,,,38.6184306,-90.2089836,Sunday: 7:30am & 10:00am,SSPX,SSPX,https://www.smastl.org/index.cfm,,,Sunday: 7:30am & 10:00am,,https://www.latinmass.com/find-latin-mass,2026-05-18T15:02:38.874520
Saint Michael the Archangel Chapel,"3001 W Golf Course Rd, Midland, TX 79701",,,,32.0066774,-102.1151512,Friday: 7:00pm | Saturday 9:00am,SSPX,SSPX,https://www.latinmassmidland.com/,,,Friday: 7:00pm | Saturday 9:00am,,https://www.latinmass.com/find-latin-mass,2026-05-18T15:02:38.874520
Saint Michael the Archangel Church,"24001 Aldine Westfield Rd, Spring, TX 77373",,,,30.0557953,-95.39455020000001,Sunday: 8:30 am | First Friday: 6:30 pm | Saturdays:  9:00 am (no Mass on 3rd Saturday of the month),SSPX,SSPX,https://stmichael-spring.com/,,,Sunday: 8:30 am | First Friday: 6:30 pm | Saturdays:  9:00 am (no Mass on 3rd Saturday of the month),,https://www.latinmass.com/find-latin-mass,2026-05-18T15:02:38.874520
Saint Michael The Archangel's Church,"900 Horseblock Road, Farmingville, NY 11738",,,,40.8301407,-73.0247921,Sunday: 9:00am,SSPX,SSPX,https://fsspx.today/chapel/ny-farmingville/info/,,,Sunday: 9:00am,,https://www.latinmass.com/find-latin-mass,2026-05-18T15:02:38.874520
Saint Michael's Chapel,"1784 Chapelle Rue, De Pere, WI 54115",,,,44.3959223,-88.11769149999999,Sunday: 7:00am & 9:00 am,SSPX,SSPX,https://fsspx.today/chapel/wi-de-pere/info/,,,Sunday: 7:00am & 9:00 am,https://media.mapme.com/places/74830ba7-526b-4aee-a462-fb2c95b0d33e/gallery/3531ef35-c2bc-4902-bad6-5d383d9a3199.hd,https://www.latinmass.com/find-latin-mass,2026-05-18T15:02:38.874520
Saint Michael's Church,"4701 N McMillan Ave, Bethany, OK 73008",,,,35.5187039,-97.6575147,Sunday: 9:00 am | Saturday: 5:00 pm,SSPX,SSPX,https://www.saintmichaelschapel.com/,,,Sunday: 9:00 am | Saturday: 5:00 pm,,https://www.latinmass.com/find-latin-mass,2026-05-18T15:02:38.874520
Saint Michael's Church,"210 5th Ave NW, Mandan, ND 58554",,,,46.8273357,-100.8972744,Sunday: 8:00 am,SSPX,SSPX,https://fsspx.today/chapel/nd-mandan/,,,Sunday: 8:00 am,,https://www.latinmass.com/find-latin-mass,2026-05-18T15:02:38.874520
Saint Michael's Church,"2730 Mall View Rd, Bakersfield, CA 93306",,,,35.3939778,-118.9657822,Sunday Mass is at 12:30 PM all other Sundays of the year at 2730 Mall View Road Bakersfield CA 93306,SSPX,SSPX,,,,Sunday Mass is at 12:30 PM all other Sundays of the year at 2730 Mall View Road Bakersfield CA 93306,,https://www.latinmass.com/find-latin-mass,2026-05-18T15:02:38.874520
Saint Michael's Church,"715 Hardscrabble Rd, Roswell, GA 30075",,,,34.0662539,-84.3787449,"Sunday: 8am Low Mass, 10am High Mass, 1pm Low Mass",SSPX,SSPX,https://sspxatlanta.com/,,,"Sunday: 8am Low Mass, 10am High Mass, 1pm Low Mass",,https://www.latinmass.com/find-latin-mass,2026-05-18T15:02:38.874520
Our Lady of Sorrows Church,"525 Lawrence Avenue Girard, OH 44420-2226",,,,41.1599911,-80.69771159999999,Sunday Mass: 4:00 PM,SSPX,SSPX,https://fsspx.today/chapel/oh-girard/,,,Sunday Mass: 4:00 PM,,https://www.latinmass.com/find-latin-mass,2026-05-18T15:02:38.874520
Immaculate Heart of Mary Chapel,"501 Wayland Rd, La Porte, IN 46350",,,,41.4761596,-86.6931048,Sunday: 09:00,SSPX,SSPX,,,,Sunday: 09:00,,https://www.latinmass.com/find-latin-mass,2026-05-18T15:02:38.874520
Our Lady of Fatima Church,"209 Peach St, Sanger, TX 76266",,,,33.3650361,-97.1720602,Sunday Mass:  1:00 PM,SSPX,SSPX,https://fsspx.today/chapel/tx-sanger/info/,,,Sunday Mass:  1:00 PM,,https://www.latinmass.com/find-latin-mass,2026-05-18T15:02:38.874520
Our Lady Immaculate Priory,"7011 W. Addison Street Chicago, IL 60634-3615",,,,41.9450986,-87.8017161,Sunday: 9:00 am,SSPX,SSPX,https://fsspx.today/chapel/il-chicago/info/,,,Sunday: 9:00 am,,https://www.latinmass.com/find-latin-mass,2026-05-18T15:02:38.874520
Our Lady of Fatima Church,"13400 NE 28th St, Vancouver, WA 98682",,,,45.6434158,-122.5349604,Sundays:  8am and 10:30am | Saturdays at 9am | First Fridays: Mass at 7pm & Holy hour at 6pm,SSPX,SSPX,,,,Sundays:  8am and 10:30am | Saturdays at 9am | First Fridays: Mass at 7pm & Holy hour at 6pm,,https://www.latinmass.com/find-latin-mass,2026-05-18T15:02:38.874520
Our Lady Immaculate Church,"410 Washington Blvd, Oak Park, IL 60302",,,,41.8818661,-87.7849816,Sunday: 9:00 am,SSPX,SSPX,https://fsspx.today/chapel/il-chicago/,,,Sunday: 9:00 am,,https://www.latinmass.com/find-latin-mass,2026-05-18T15:02:38.874520
North American Martyrs Chapel,"100 Boulevard, Hudson Falls, NY 12839",,,,43.3142378,-73.596103,Sunday: 9:30 am,SSPX,SSPX,https://fsspx.today/chapel/ny-glens-falls/info/,,,Sunday: 9:30 am,,https://www.latinmass.com/find-latin-mass,2026-05-18T15:02:38.874520
Our Lady Queen of Angels Chapel,"376 Prospect Ave, Fort Myers, FL 33905",,,,26.670998,-81.8247909,Sundays: 10:00 am | Fridays: 6:00 pm (except First Fridays: 6:30 pm) | Saturdays: 9:00 am.,SSPX,SSPX,https://florida.sspx.org/en/our-lady-queen-angels-church-32518,,,Sundays: 10:00 am | Fridays: 6:00 pm (except First Fridays: 6:30 pm) | Saturdays: 9:00 am.,,https://www.latinmass.com/find-latin-mass,2026-05-18T15:02:38.874520
Oratorium Heiliger Vierzehn Nothelfer (Oratory of the Fourteen Holy Helpers),"Semmelstraße 12, 97070 Würzburg, Germany",,,,49.7966044,9.9359421,Sunday at 09:30; 1st Friday at 18:30; 1st Saturday at 09:00,Diocesan,Diocesan,,,,Sunday at 09:30; 1st Friday at 18:30; 1st Saturday at 09:00,,https://www.latinmass.com/find-latin-mass,2026-05-18T15:02:38.874520
Hauskapelle Maria Königin der Engel,"Ludretikonerstrasse 3, 8800 Thalwil, Switzerland",,,,47.3001654,8.563264,Beachte Gottesdienstordnung auf der Website,FSSP,FSSP,https://www.personalpfarrei.ch/,,,Beachte Gottesdienstordnung auf der Website,,https://www.latinmass.com/find-latin-mass,2026-05-18T15:02:38.874520
Bruderklausenkapelle,"Büntestrasse 125, 5275 Etzgen, Switzerland",,,,47.5736831,8.1078776,"Regelmässige Gottesdienste (aktuelle Gottesdienstordnung beachten): Mittwochs: 19 Uhr Hl. Messe (ab 18.15 Uhr Rosenkranz und Beichtgelegenheit), anschl. Sakramentsandacht Sonn- und feiertags: 9.30 Uhr Hl. Messe (ab 8.45 Uhr Rosenkranz und Beichtgelegenheit",FSSP,FSSP,https://petrusbruderschaft.de/pages/wo-wir-sind/schweiz/niederlassungen/thalwil/gemeinde-etzgen.php,,,"Regelmässige Gottesdienste (aktuelle Gottesdienstordnung beachten): Mittwochs: 19 Uhr Hl. Messe (ab 18.15 Uhr Rosenkranz und Beichtgelegenheit), anschl. Sakramentsandacht Sonn- und feiertags: 9.30 Uhr Hl. Messe (ab 8.45 Uhr Rosenkranz und Beichtgelegenheit",,https://www.latinmass.com/find-latin-mass,2026-05-18T15:02:38.874520
Nossa Senhora das Graças,"Av. Borges Leal, 1683 - Santa Clara, Santarém - PA, 68005-130, Brazil",,,,-2.4282663,-54.7150244,2 vezes por mês ou mais. Na Paroquia Nossa Senhora das Graça,Diocesan,Diocesan,https://www.instagram.com/tridentinasantarem/,,,2 vezes por mês ou mais. Na Paroquia Nossa Senhora das Graça,,https://www.latinmass.com/find-latin-mass,2026-05-18T15:02:38.874520
Queen of All Saints Chapel,"209 Prospect St, Pottstown, PA 19464, USA",,,,40.2621399,-75.63820470000002,Sundays 10:30am; 1st Friday 7pm; 1st Saturday 9am,Other,Other,https://philadelphialatinmass.org/,,,Sundays 10:30am; 1st Friday 7pm; 1st Saturday 9am,,https://www.latinmass.com/find-latin-mass,2026-05-18T15:02:38.874520
Église Saint-Benoît,"Pl. Saint-Benoît, 72100 Le Mans, France",,,,48.0065635,0.1936598,"Sunday&nbsp;09:00 Low Mass, 10:30 Sung Mass;&nbsp;Holy Days of Obligation 10:30",FSSP,FSSP,https://www.fssp.fr/nous-decouvrir/ou-nous-trouver/,,,"Sunday&nbsp;09:00 Low Mass, 10:30 Sung Mass;&nbsp;Holy Days of Obligation 10:30",,https://www.latinmass.com/find-latin-mass,2026-05-18T15:02:38.874520
Chapelle Saint-Antoine,"28 Rue des Papillons, 87100 Limoges, France",,,,45.8445088,1.2652409,,Institute of Christ the King,ICKSP,https://icrspfrance.fr/apostolats/limoges,,,,,https://www.latinmass.com/find-latin-mass,2026-05-18T15:02:38.874520
Église Saint-Charles,"64 Rue Grignan, 13001 Marseille, France",,,,43.291868,5.3754227,"Sunday 09:00, 10:30; Monday 18:00; Tuesday 19:00; Wednesday 10:30; Friday 18:00; Saturday 09:00; Saturday 18:00<br><br><a href=""http://paroisse-saint-charles.fr/"">Click for More Info</a>",Diocesan,Diocesan,,,,"Sunday 09:00, 10:30; Monday 18:00; Tuesday 19:00; Wednesday 10:30; Friday 18:00; Saturday 09:00; Saturday 18:00<br><br><a href=""http://paroisse-saint-charles.fr/"">Click for More Info</a>",,https://www.latinmass.com/find-latin-mass,2026-05-18T15:02:38.874520
Chapelle des Penitents Gris Dits Bourras,"15 Rue Lieutaud, 13100 Aix-en-Provence, France",,,,43.5290536,5.4451655,Sunday and Holy Days of Obligation 10:00 Sung Mass,Diocesan,Diocesan,https://messes.info/lieu/13/aix-en-provence/chapelle-des-bourras,,,Sunday and Holy Days of Obligation 10:00 Sung Mass,,https://www.latinmass.com/find-latin-mass,2026-05-18T15:02:38.874520
Our Lady of the Cape Sanctuary,"626 Rue Notre Dame E, Trois-Rivières, QC G8T 4G9, Canada",,,,46.3688454,-72.4976949,Chappelle Notre Dame du Cap<br>13:15 Solemn Mass Once a year on Labour Day<br>,FSSP,FSSP,https://www.mariereine.ca/monday-picnic-mass,,,Chappelle Notre Dame du Cap<br>13:15 Solemn Mass Once a year on Labour Day<br>,,https://www.latinmass.com/find-latin-mass,2026-05-18T15:02:38.874520
St Margaret Mary Catholic Church,"11358 Brown Ave, Allendale, MI 49401, USA",,,,42.9753181,-85.9552687,"Sunday 8am, 10am<br><br><a href=""http://stjosephs-priory.com/en/mission-chapels-st-josephs-priory"">Click for More Info</a>",SSPX,SSPX,,,,"Sunday 8am, 10am<br><br><a href=""http://stjosephs-priory.com/en/mission-chapels-st-josephs-priory"">Click for More Info</a>",,https://www.latinmass.com/find-latin-mass,2026-05-18T15:02:38.874520
Chapelle Notre-Dame-de-Bonne-Délivrance,"0.328968,9.36451",,,,0.328968,9.36451,2nd &amp; 4th Sundays 11:00am,Institute of Christ the King,ICKSP,https://www.facebook.com/gabon.icrsp/,,,2nd &amp; 4th Sundays 11:00am,,https://www.latinmass.com/find-latin-mass,2026-05-18T15:02:38.874520
Saint Thomas More Church,"550 Riverview Ave, Sanford, FL 32771",,,,28.8165705,-81.294721,"Sunday: 7:30am Sung Mass, 9:30am High Mass, 12:00, 6:00pm | Monday: 5:45am, 7:30am | Tuesday & Wednesday: 5:45am, 7:30am, 8:30am, 6:00pm | Thursday: 5:45am, 7:30am, 10:30am, 11:00am | Friday: 7:30am, 8:00am 6:00pm | Saturday: 8:30am",SSPX,SSPX,https://florida.sspx.org/en,,,"Sunday: 7:30am Sung Mass, 9:30am High Mass, 12:00, 6:00pm | Monday: 5:45am, 7:30am | Tuesday & Wednesday: 5:45am, 7:30am, 8:30am, 6:00pm | Thursday: 5:45am, 7:30am, 10:30am, 11:00am | Friday: 7:30am, 8:00am 6:00pm | Saturday: 8:30am",,https://www.latinmass.com/find-latin-mass,2026-05-18T15:02:38.874520
Saint Therese Church,"1749 Spruce Ave, Chico, CA 95926",,,,39.74697219999999,-121.8463917,1st & 3rd Sunday: 3:00pm,SSPX,SSPX,https://fsspx.today/chapel/ca-chico/info/,,,1st & 3rd Sunday: 3:00pm,,https://www.latinmass.com/find-latin-mass,2026-05-18T15:02:38.874520
Saint Robert Bellarmine Church,"430 8th Ave S, St Cloud, MN 56301",,,,45.55497889999999,-94.1584275,"Saturday: 8:00am | Sunday: 7:30am, 10:00am Sung Mass",SSPX,SSPX,https://fsspx.today/chapel/us-mn-stcloud/info/,,,"Saturday: 8:00am | Sunday: 7:30am, 10:00am Sung Mass",,https://www.latinmass.com/find-latin-mass,2026-05-18T15:02:38.874520
Saint Therese Chapel,"12371 Keno Worden Rd, Keno, OR 97627",,,,42.1136713,-121.9231691,"1st, 3rd, 5th Sunday: 10:30am",SSPX,SSPX,https://www.sspxthomasbecket.com/,,,"1st, 3rd, 5th Sunday: 10:30am",,https://www.latinmass.com/find-latin-mass,2026-05-18T15:02:38.874520
Saint Stephen Chapel,"316 Hoffman Way, Grants Pass, OR 97526",,,,42.4986075,-123.343863,Sunday: 4:00pm | Monday: 8:00 am,SSPX,SSPX,https://www.saintstephenschapel.com/,,,Sunday: 4:00pm | Monday: 8:00 am,,https://www.latinmass.com/find-latin-mass,2026-05-18T15:02:38.874520
Saint Vincent de Paul Church,"3106 Flora Ave, Kansas City, MO 64109",,,,39.069895,-94.566042,"Sunday: 7:30am, 9:30am High Mass | Monday-Friday 7:15am | Monday and Thursday: 10:55am (cancelled in the summer) | Saturday: 8:00am",SSPX,SSPX,https://www.svdpkc.org/,,,"Sunday: 7:30am, 9:30am High Mass | Monday-Friday 7:15am | Monday and Thursday: 10:55am (cancelled in the summer) | Saturday: 8:00am",,https://www.latinmass.com/find-latin-mass,2026-05-18T15:02:38.874520
Saint Therese Priory,"68 County Rd 55, North Lawrence, NY 12967",,,,44.7040956,-74.65636239999999,"Sun 7am, 9am | Mon 7:15am, 11:30am, | Tue 7:14 | Wed 8am | Thur 7:15am | Fri: 7:15am, 11:30am | 1st Fri 11:30am, 6pm | Sat 8am",SSPX,SSPX,https://fsspx.today/chapel/ny-nicholville/info/,,,"Sun 7am, 9am | Mon 7:15am, 11:30am, | Tue 7:14 | Wed 8am | Thur 7:15am | Fri: 7:15am, 11:30am | 1st Fri 11:30am, 6pm | Sat 8am",,https://www.latinmass.com/find-latin-mass,2026-05-18T15:02:38.874520
Saints Peter and Paul Church,"5800 Ouray Rd NW, Albuquerque, NM 87120",,,,35.110876,-106.705589,Sunday: 7:00am & 9:00am | Monday-Saturday: 7:30am,SSPX,SSPX,https://sspxnm.com/,,,Sunday: 7:00am & 9:00am | Monday-Saturday: 7:30am,,https://www.latinmass.com/find-latin-mass,2026-05-18T15:02:38.874520
"Saint Therese, Patroness of Alaska Mission","7653 Cranberry St, Anchorage, AK 99502",,,,61.15071769999999,-149.9363471,4th Sunday of the month: 10:00am,SSPX,SSPX,https://fsspx.today/chapel/ak-anchorage/info/,,,4th Sunday of the month: 10:00am,,https://www.latinmass.com/find-latin-mass,2026-05-18T15:02:38.874520
St Joseph's Nudgee College,"2199 Sandgate Rd, Boondall QLD 4034, Australia",,,,-27.3580049,153.0616525,Sunday: 8:00am,FSSP,FSSP,https://www.stgregorys.info/,,,Sunday: 8:00am,,https://www.latinmass.com/find-latin-mass,2026-05-18T15:02:38.874520
Saint Peter Chanel Mission,"16-291 Maile St. Keaau, HI 96749",,,,19.7137739,-155.0772015,2nd Sunday: 4:00 pm,SSPX,SSPX,https://www.unitedstateschurches.com/hawaii/saint-peter-chanel-mission-keaau/378962#times,,,2nd Sunday: 4:00 pm,,https://www.latinmass.com/find-latin-mass,2026-05-18T15:02:38.874520
Saint Philomena Mission,"50 Brady St, Sudbury, ON P3E 1C8, Canada",,,,46.4886601,-80.99734,can't find Mass times,SSPX,SSPX,https://ontario.sspx.ca/en/sudbury-saint-philomena-mission-34436,,,can't find Mass times,,https://www.latinmass.com/find-latin-mass,2026-05-18T15:02:38.874520
St. Isaac Jogues Mission,"305 N Mill St, Grangeville, ID 83530",,,,45.9265342,-116.1152551,1st Sunday: 4:00pm,SSPX,SSPX,https://icc.id.sspx.org/en/mass-centers-31326,,,1st Sunday: 4:00pm,,https://www.latinmass.com/find-latin-mass,2026-05-18T15:02:38.874520
St Mary’s Shrine,"Smith St, Warrington WA1 2NS, United Kingdom",,,,53.3896294,-2.5882762,"Sunday 9am, 11am & 6pm | Monday-Saturday 12pm",FSSP,FSSP,https://fssp.org.uk/warrington/,,,"Sunday 9am, 11am & 6pm | Monday-Saturday 12pm",,https://www.latinmass.com/find-latin-mass,2026-05-18T15:02:38.874520
St. Raphael’s Church,"4703 50 Ave, Gibbons, AB T0A 0A7, Canada",,,,53.8275429,-113.325518,website is broken; can't find Mass times,SSPX,SSPX,,,,website is broken; can't find Mass times,,https://www.latinmass.com/find-latin-mass,2026-05-18T15:02:38.874520
Holy Canadian Martyrs Church,"9767 ON-12, Warminster, ON L3V 8N9, Canada",,,,44.639198,-79.54339999999999,Sunday: 10:00am | 1st Friday: 6:00pm | 1st Saturday: 9:00am or 11:00am,SSPX,SSPX,https://sspx.ca/en/church-canadian-martyrs-30162,,,Sunday: 10:00am | 1st Friday: 6:00pm | 1st Saturday: 9:00am or 11:00am,,https://www.latinmass.com/find-latin-mass,2026-05-18T15:02:38.874520
St. Michael the Archangel Chapel,"1950 Bartram Rd, Jacksonville, FL 32207",,,,30.3070162,-81.6034086,"Sunday: 7:30am Low Mass, 10:00am High Mass, 4:00pm Low Mass",SSPX,SSPX,https://fsspx.today/chapel/fl-jacksonville/info/,,,"Sunday: 7:30am Low Mass, 10:00am High Mass, 4:00pm Low Mass",,https://www.latinmass.com/find-latin-mass,2026-05-18T15:02:38.874520
Saint Therese Chapel,"68 County Rd 55, North Lawrence, NY 12967",,,,44.7040956,-74.65636239999999,"Sunday Low Mass: 9am | Monday: 7:15am | Tuesday: 7:15am, 11:30am | Wednesday: 7:15am | Thursday: 7:15am, 11:30am | Friday: 7:15am, 11:30am | Saturday: 8am",SSPX,SSPX,https://fsspx.today/chapel/ny-nicholville/info/,,,"Sunday Low Mass: 9am | Monday: 7:15am | Tuesday: 7:15am, 11:30am | Wednesday: 7:15am | Thursday: 7:15am, 11:30am | Friday: 7:15am, 11:30am | Saturday: 8am",,https://www.latinmass.com/find-latin-mass,2026-05-18T15:02:38.874520
Saint Peter's Church,"144 Huron St, New Hamburg, ON N3A 1J4, Canada",,,,43.3784499,-80.7124084,"Sunday: 7:30am,  10:00am",SSPX,SSPX,https://newhamburg.sspx.ca/en/events/weekly-mass-times-48508,,,"Sunday: 7:30am,  10:00am",,https://www.latinmass.com/find-latin-mass,2026-05-18T15:02:38.874520
St. Pius X Chapel,"7604 S Osborne Rd, Upper Marlboro, MD 20772",,,,38.7856606,-76.7972233,"Saturday: 5:00pm | Sunday: 7:30am Low Mass, 10:00am Sung Mass",SSPX,SSPX,https://fsspx.today/chapel/md-upper-marlboro/,,,"Saturday: 5:00pm | Sunday: 7:30am Low Mass, 10:00am Sung Mass",,https://www.latinmass.com/find-latin-mass,2026-05-18T15:02:38.874520
Society of Saint Pius X | Regina Coeli House,"11485 N Farley Rd, Platte City, MO 64079",,,,39.3005872,-94.8254382,Tuesday-Saturday: 7:15am,SSPX,SSPX,https://sspx.org/en,,,Tuesday-Saturday: 7:15am,,https://www.latinmass.com/find-latin-mass,2026-05-18T15:02:38.874520
St. Vitus,"9710 White Oak Ave, Northridge, CA 91325",,,,34.2472581,-118.5194183,"Sunday 7am Low Mass, 9am High Mass, 11am High Mass with bilingual homily, 1 pm Low Mass, 6pm Low Mass with bilingual homily<br>Monday &amp; Wednesday 6:15am &amp; 12pm<br>Tuesday 6:15 a.m &amp; 7pm<br>Thursday 6:15am &amp; 6pm<br>Friday 12pm &amp; 7pm<br>Saturday 7:30am &amp; 9:30am",FSSP,FSSP,,,,"Sunday 7am Low Mass, 9am High Mass, 11am High Mass with bilingual homily, 1 pm Low Mass, 6pm Low Mass with bilingual homily<br>Monday &amp; Wednesday 6:15am &amp; 12pm<br>Tuesday 6:15 a.m &amp; 7pm<br>Thursday 6:15am &amp; 6pm<br>Friday 12pm &amp; 7pm<br>Saturday 7:30am &amp; 9:30am",,https://www.latinmass.com/find-latin-mass,2026-05-18T15:02:38.874520
Saint Thomas Becket Church,"25269 E Bolton Rd, Veneta, OR 97487",,,,44.0420926,-123.3434185,"Sunday: 7:30 am and 9:30 am | Monday and Friday: 7:15 am and 11:10 am* (*on school days) | Tuesday, Thursday: 7:15 am | Saturday: 7:30 am | 1st Friday: 7:15 and 7:00 pm",SSPX,SSPX,https://www.sspxthomasbecket.com/,,,"Sunday: 7:30 am and 9:30 am | Monday and Friday: 7:15 am and 11:10 am* (*on school days) | Tuesday, Thursday: 7:15 am | Saturday: 7:30 am | 1st Friday: 7:15 and 7:00 pm",,https://www.latinmass.com/find-latin-mass,2026-05-18T15:02:38.874520
Saint Peregrine Church,"3086 W Streetsboro Rd, Richfield, OH 44286",,,,41.24310819999999,-81.6018636,Sunday: 9:30am,SSPX,SSPX,https://stperegrines.com/church/,,,Sunday: 9:30am,,https://www.latinmass.com/find-latin-mass,2026-05-18T15:02:38.874520
Saint Philomena Mission,"1781 190th St, Waverly, IA 50677",,,,42.7736147,-92.39850609999999,2nd & 4th Sunday: 4:00pm,SSPX,SSPX,https://fsspx.today/chapel/ia-bremer/,,,2nd & 4th Sunday: 4:00pm,,https://www.latinmass.com/find-latin-mass,2026-05-18T15:02:38.874520
Colegio Campestre Santo Domingo Savio Anolaima,"Casa san Martín de Porres, Vereda, La María, Anolaima, Cundinamarca, Colombia",,,,4.761610000000001,-74.4645812,,FSSP,FSSP,https://www.ccsds.edu.co/,,,,,https://www.latinmass.com/find-latin-mass,2026-05-18T15:02:38.874520
The Immaculata,"701 N 2nd St, St Marys, KS 66536",,,,39.19928669999999,-96.0624485,"Sunday: 6:30am, 8:30am (Sung Mass), 11:00am & 6:30pm | Weekday Masses: 5:40am, 7:15am & 11:15am | Saturday Masses: 5:40am, 7:15am & 9:00am",SSPX,SSPX,https://smac.edu/en/bulletin-immaculata-43644,,,"Sunday: 6:30am, 8:30am (Sung Mass), 11:00am & 6:30pm | Weekday Masses: 5:40am, 7:15am & 11:15am | Saturday Masses: 5:40am, 7:15am & 9:00am",,https://www.latinmass.com/find-latin-mass,2026-05-18T15:02:38.874520
St. Paul’s Catholic Church,"236 Hastings St, Parkhill, ON N0M 2K0, Canada",,,,43.1635268,-81.68190179999999,Sunday: 9:00am,SSPX,SSPX,https://newhamburg.sspx.ca/en/events/weekly-mass-times-48508,,,Sunday: 9:00am,,https://www.latinmass.com/find-latin-mass,2026-05-18T15:02:38.874520
Saint Thomas Chapel,"3945 Fairview Dr, Carson City, NV 89701",,,,39.1692771,-119.7236886,1st & 3rd Sunday: 10:00am,SSPX,SSPX,https://fsspx.today/chapel/nv-carson-city/info/,,,1st & 3rd Sunday: 10:00am,,https://www.latinmass.com/find-latin-mass,2026-05-18T15:02:38.874520
Saint Therese Chapel,"6039 Baltes Rd, Waunakee, WI 53597",,,,43.1866901,-89.55603479999999,Sunday: 9:00am,SSPX,SSPX,https://madison.wi.sspx.org/en,,,Sunday: 9:00am,,https://www.latinmass.com/find-latin-mass,2026-05-18T15:02:38.874520
Notre-dame Basilica,"Pl. de Notre Dame 1, 1700 Fribourg, Switzerland",,,,46.8069109,7.161669499999999,Sunday: 8:00am Low Mass 10:00am Singing Mass | Monday-Friday: 9:00am & 6:30pm Saturday: 9:00 a.m,FSSP,FSSP,https://www.fssp.ch/fr/fribourg.htm,,,Sunday: 8:00am Low Mass 10:00am Singing Mass | Monday-Friday: 9:00am & 6:30pm Saturday: 9:00 a.m,,https://www.latinmass.com/find-latin-mass,2026-05-18T15:02:38.874520
Saint Pius V Chapel,"425 Grand Ave, Mukwonago, WI 53149",,,,42.867185,-88.33036709999999,"Sundays 8am,&nbsp;10:30am; 1st Friday 5:50pm; 1st Saturday&nbsp;",SSPX,SSPX,https://mukwonago.wi.sspx.org/en,,,"Sundays 8am,&nbsp;10:30am; 1st Friday 5:50pm; 1st Saturday&nbsp;",https://media.mapme.com/places/fa3787ed-2361-432a-9038-0efaf62dbc61/gallery/8e86f60c-9f87-4a2d-b5ae-1e0b261c0c8a.hd,https://www.latinmass.com/find-latin-mass,2026-05-18T15:02:38.874520
Saint Thomas More Chapel,"1565 S White Rd, San Jose, CA 95127",,,,37.3483564,-121.8131106,"Sunday: 7:00, 8:30 & 10:00 AM | Monday-Saturday: 7:45am",SSPX,SSPX,https://fsspx.today/chapel/ca-san-jose/info/,,,"Sunday: 7:00, 8:30 & 10:00 AM | Monday-Saturday: 7:45am",,https://www.latinmass.com/find-latin-mass,2026-05-18T15:02:38.874520
Parish Santa Luzia and Sao Nicolau,"Av. São José, 199 - Cristo Rei, Curitiba - PR, 80050-350, Brazil",,,,-25.4354691,-49.2477147,Sundays and Holy days of obligation 17:00,Other,Other,https://institutogregorianodecuritiba.org/,,,Sundays and Holy days of obligation 17:00,,https://www.latinmass.com/find-latin-mass,2026-05-18T15:02:38.874520
Old St. Patrick Oratory,"806 Cherry St, Kansas City, MO 64106, USA",,,,39.1041074,-94.57638089999999,"Sunday 7, 8:30, 10:30",Institute of Christ the King,ICKSP,https://institute-christ-king.org/kansascity-home,,,"Sunday 7, 8:30, 10:30",,https://www.latinmass.com/find-latin-mass,2026-05-18T15:02:38.874520
Árpád-házi Szent Erzsébet Ferences-Templom,"Szombathely, Aréna u. 1, 9700 Hungary",,,,47.2314053,16.624999,Occasional Fridays 18:00 Mass Monthly,Diocesan,Diocesan,https://www.szombathelyiferencesek.hu/,,,Occasional Fridays 18:00 Mass Monthly,,https://www.latinmass.com/find-latin-mass,2026-05-18T15:02:38.874520
Urunk Színeváltozása-Templom,"Pécs, Király u. 44, 7621 Hungary",,,,46.0768484,18.2338545,Occasional Fridays 18:00 Mass On 3rd or 4th Friday of the month. Check Facebook page before traveling.,Diocesan,Diocesan,https://facebook.com/templomosok/,,,Occasional Fridays 18:00 Mass On 3rd or 4th Friday of the month. Check Facebook page before traveling.,,https://www.latinmass.com/find-latin-mass,2026-05-18T15:02:38.874520
SSPX Chapel,"U Korečnice 1093, 688 01 Uherský Brod-Uherský Brod 1, Czechia",,,,49.018598999999995,17.6574965,,SSPX Chapel,SSPX,https://www.piusx.org.pl/,,,,,https://www.latinmass.com/find-latin-mass,2026-05-18T15:02:38.874520
St. Mary’s Polish Roman Catholic Church,"1996 Davenport Rd, Toronto, ON M6N 1C4, Canada",,,,43.6703374,-79.45783569999999,"Saturdays (except 1st Saturday of every month) 9:00am Low Mass/ Missa Lecta / Missa Privata<br><br><a href=""https://unavocetoronto.ca/"">https://unavocetoronto.ca/</a><br>",Diocesan,Diocesan,https://stmarypolishchurch.ca/lander,,,"Saturdays (except 1st Saturday of every month) 9:00am Low Mass/ Missa Lecta / Missa Privata<br><br><a href=""https://unavocetoronto.ca/"">https://unavocetoronto.ca/</a><br>",,https://www.latinmass.com/find-latin-mass,2026-05-18T15:02:38.874520
Église St François de Paule (Les Minimes),"3 Rue des Minimes, 83300 Draguignan, France",,,,43.538145199999995,6.4679818,Sunday 10h30; Tuesday 18h30; Wednesday 06h30; Thursday 08h45; Friday 18h30; Saturday 11h30,Diocesan,Diocesan,https://www.paroissededraguignan.fr/,,,Sunday 10h30; Tuesday 18h30; Wednesday 06h30; Thursday 08h45; Friday 18h30; Saturday 11h30,,https://www.latinmass.com/find-latin-mass,2026-05-18T15:02:38.874520
Coláiste Muire Máthair,"St Mary's Rd, Galway, Ireland",,,,53.270270499999995,-9.0648191,Mass time 12pm,Institute of Christ the King,ICKSP,https://institute-christ-king.ie/,,,Mass time 12pm,,https://www.latinmass.com/find-latin-mass,2026-05-18T15:02:38.874520
Résidences du Précieux Sang,"69 Rue Saint-Louis, Lévis, QC G6V 4G2, Canada",,,,46.804093599999995,-71.1869952,Monday 7am; Wednesday 10:30am; Friday 7am,SSPX,SSPX,https://levis.sspx.ca/fr,,,Monday 7am; Wednesday 10:30am; Friday 7am,,https://www.latinmass.com/find-latin-mass,2026-05-18T15:02:38.874520
St Boniface Catholic Church,"703 W 5th St, Sioux City, IA 51103, USA",,,,42.5007763,-96.4182414,Sunday 8:30am,Diocesan,Diocesan,https://www.sccathedral.org/,,,Sunday 8:30am,,https://www.latinmass.com/find-latin-mass,2026-05-18T15:02:38.874520
Parish of Jesus the Divine Mercy,"CX5R+3W4, Bacoor, Cavite, Philippines",,,,14.4076375,120.9923281,"Blk 26 Lot 7 Copper street. Platinumville, barangay San Nicolas 3, City of Bacoor, Province of Cavite, Philippines<br><br>Platinumville, Blk 26 Lot 7 Copper St, Brgy, Sam Nicolas, Bacoor, Cavite, Philippines<br><br>Sunday 6:00am",Other,Other,https://oldroman.org/,,,"Blk 26 Lot 7 Copper street. Platinumville, barangay San Nicolas 3, City of Bacoor, Province of Cavite, Philippines<br><br>Platinumville, Blk 26 Lot 7 Copper St, Brgy, Sam Nicolas, Bacoor, Cavite, Philippines<br><br>Sunday 6:00am",https://media.mapme.com/places/b6a1f4c0-a149-4146-8047-75b6a6cd49c0/gallery/a7b67f0a-5af8-4d7f-ba5c-88475b72ea99.hd,https://www.latinmass.com/find-latin-mass,2026-05-18T15:02:38.874520
Infant of Prague Church,"112 S Van Buren St, Bay City, MI 48708, USA",,,,43.5887542,-83.88282919999999,Sunday 3:00pm,SSPX,SSPX,https://fsspx.today/chapel/mi-bay-city/info/,,,Sunday 3:00pm,,https://www.latinmass.com/find-latin-mass,2026-05-18T15:02:38.874520
Chiesa di San Giovanni in Foro,"Corso Porta Borsari, 27, 37121 Verona VR, Italy",,,,45.442709799999996,10.995149099999999,Sunday and Holy Days of Obligation 9.00am. Phone for info: 0039 045 550116,Diocesan,Diocesan,https://www.sanremigioverona.org/,,,Sunday and Holy Days of Obligation 9.00am. Phone for info: 0039 045 550116,,https://www.latinmass.com/find-latin-mass,2026-05-18T15:02:38.874520
H. Maria Onbevlekt Ontvangen,"Dorpsdijk 51, 6915 AC Lobith, Netherlands",,,,51.8598929,6.122031499999999,Sun 10.30am; Tue 10.30am; Wed 6.30am; Thu 5.30pm; Fri-Sat&nbsp;10.30am,FSSP,FSSP,https://lobith.fssp.nl/mis-sacramenten/,,,Sun 10.30am; Tue 10.30am; Wed 6.30am; Thu 5.30pm; Fri-Sat&nbsp;10.30am,,https://www.latinmass.com/find-latin-mass,2026-05-18T15:02:38.874520
Monastère de Saint Benoît,"4763 Route Théodore Linari, 83170 Brignoles, France",,,,43.4199215,6.1222933,La sainte messe est célèbrée en latin selon l’usus antiquior 08h00 &amp; 10h00 les dimanches &amp; grandes fetes &amp; 09h00 en semaine,Other,Other,https://www.monasterebrignoles.org/offices,,,La sainte messe est célèbrée en latin selon l’usus antiquior 08h00 &amp; 10h00 les dimanches &amp; grandes fetes &amp; 09h00 en semaine,,https://www.latinmass.com/find-latin-mass,2026-05-18T15:02:38.874520
Notre Dame des Anges,"10 Pl. des Tilleuls, 79600 Assais-les-Jumeaux, France",,,,46.788712499999995,-0.05994770000000001,Messes en semaine : 7h50 / Dimanche : 9h00 et 10h30 1er vend. du mois : 7h50 et 18h30 / 1er sam.: 7h50<br>,SSPX,SSPX,https://transfiguration.over-blog.com/2017/04/chapelles.html,,,Messes en semaine : 7h50 / Dimanche : 9h00 et 10h30 1er vend. du mois : 7h50 et 18h30 / 1er sam.: 7h50<br>,,https://www.latinmass.com/find-latin-mass,2026-05-18T15:02:38.874520
Misión de la Fraternidad Sacerdotal San Pío X,"San Jose la Noria, 68120 Oaxaca de Juárez, Oax., Mexico",,,,17.0507474,-96.71862829999999,3rd Sunday,SSPX,SSPX,https://fsspx.mx/es,,,3rd Sunday,,https://www.latinmass.com/find-latin-mass,2026-05-18T15:02:38.874520
Bazylika mniejsza pw. św. Marii Magdaleny,"ks. Konstantego Damrota 62, 43-100 Tychy, Poland",,,,50.1305094,18.979328,"2nd, 4th Sunday 5:30 pm",Diocesan,Diocesan,https://mmtychy.pl/,,,"2nd, 4th Sunday 5:30 pm",,https://www.latinmass.com/find-latin-mass,2026-05-18T15:02:38.874520
Cappella Regina del Santo Rosario,"Via S. Quintino, 21/G, 10121 Torino TO, Italy",,,,45.0661941,7.6727177,,SSPX,SSPX,,,,,,https://www.latinmass.com/find-latin-mass,2026-05-18T15:02:38.874520
Capilla de la Parroquia de Nuestra Señora del Perpetuo Socorro,"Calle Manuel Doblado 27, Pilares, 52179 San Jerónimo Chicahualco, Méx., Mexico",,,,19.2848406,-99.5959101,Sunday 5:00pm,FSSP,FSSP,https://www.fssp.org/en/find-us/where-are-we/,,,Sunday 5:00pm,,https://www.latinmass.com/find-latin-mass,2026-05-18T15:02:38.874520
Capela Santo Atanásio,"-15.79157,-48.14195",,,,-15.79157,-48.14195,"Expansão do St. O QNO 19 6Q49+6X - Ceilândia, Brasília - DF, 72261-027, Brazil<br><br>Missas às 19h30 nos dias de semana (exceto segundas) e 8h e 18h aos domingos",SSPX,SSPX,https://csantoatanasio.com.br/,,,"Expansão do St. O QNO 19 6Q49+6X - Ceilândia, Brasília - DF, 72261-027, Brazil<br><br>Missas às 19h30 nos dias de semana (exceto segundas) e 8h e 18h aos domingos",,https://www.latinmass.com/find-latin-mass,2026-05-18T15:02:38.874520
Our Lady of Compassion Church,"2112-2114 Fifteenth St, Irymple VIC 3498, Australia",,,,-34.232906899999996,142.1672948,1st and 3rd Sunday 9:00am or 6:00pm <br>Please check Bulletin<br>,SSPX,SSPX,https://sspx.au/en,,,1st and 3rd Sunday 9:00am or 6:00pm <br>Please check Bulletin<br>,,https://www.latinmass.com/find-latin-mass,2026-05-18T15:02:38.874520
Our Lady of Mount Carmel Chapel,"218 Harbour Rd, Mackay Harbour QLD 4740, Australia",,,,-21.116378299999997,149.2047144,1st Sunday 6:00pm; 3rd Sunday 8:00am,SSPX,SSPX,https://sspx.au/en,,,1st Sunday 6:00pm; 3rd Sunday 8:00am,,https://www.latinmass.com/find-latin-mass,2026-05-18T15:02:38.874520
Cenacolo della Santissima Trinita,"Via Giovanni Matteo Faitani, 1, 47923 Rimini RN, Italy",,,,44.037690399999995,12.5467666,"10:30am Domenica; 09:00pm il 13 del mese<br><a href=""http://www.cenacolodellasantissimatrinitarimini.it/"">Click to visit site</a>",Diocesan,Diocesan,,,,"10:30am Domenica; 09:00pm il 13 del mese<br><a href=""http://www.cenacolodellasantissimatrinitarimini.it/"">Click to visit site</a>",,https://www.latinmass.com/find-latin-mass,2026-05-18T15:02:38.874520
Kościół Niepokalanego Poczęcia NMP na ul. Kopernika,"Mikołaja Kopernika 19, 31-529 Kraków, Poland",,,,50.0624141,19.9514723,"Msze Święte w każdą niedzielę o godzinie 8.00, 11.30 i 19.00 oraz w dni powszednie o godzinie 6.30 i 18.30",FSSP,FSSP,https://fssp.pl/2021/09/23/krakow-kosciol-niepokalanego-poczecia-nmp-na-ul-kopernika/,,,"Msze Święte w każdą niedzielę o godzinie 8.00, 11.30 i 19.00 oraz w dni powszednie o godzinie 6.30 i 18.30",,https://www.latinmass.com/find-latin-mass,2026-05-18T15:02:38.874520
Cnel. Suárez 371,"Cnel. Suárez 371, A4400 Salta, Argentina",,,,-24.7837979,-65.4316939,,Unknown,Other,,,,,,https://www.latinmass.com/find-latin-mass,2026-05-18T15:02:38.874520
Iglesia del Buen Pastor,"Cnel. Suárez 371, A4400 Salta, Argentina",,,,-24.783798,-65.431694,Domingos 10:00 am,Diocesan,Diocesan,https://www.instagram.com/militia.crucis?igsh=cXl4MGxnZjRhcXAy,,,Domingos 10:00 am,,https://www.latinmass.com/find-latin-mass,2026-05-18T15:02:38.874520
Rettoria Santa Maria dell'Odigitria,"95024 Acireale, Metropolitan city of Catania, Italy",,,,37.6078154,15.166696700000001,Sundays and Holy Days 10:30; Weekdays 19:00; Tuesday-Thursday 8:45,Institute of Christ the King,ICKSP,https://icrssrandazzo.wixsite.com/icrss-acireale/acireale,,,Sundays and Holy Days 10:30; Weekdays 19:00; Tuesday-Thursday 8:45,,https://www.latinmass.com/find-latin-mass,2026-05-18T15:02:38.874520
Rettoria Santa Maria della Volta,"Piazza S. Nicolò, 95036 Randazzo CT, Italy",,,,37.8789557,14.9455192,Sundays and Holy Days 18:00;&nbsp; Friday and Saturday 18:00,Institute of Christ the King,ICKSP,https://icrssrandazzo.wixsite.com/icrss-acireale/randazzo,,,Sundays and Holy Days 18:00;&nbsp; Friday and Saturday 18:00,,https://www.latinmass.com/find-latin-mass,2026-05-18T15:02:38.874520
Chiesa di San Giuseppe al Transito,"Piazza Carmelo Maravigna, 95121 Catania CT, Italy",,,,37.5000207,15.083028200000001,Sundays and Holy Days 11.00; Weekdays and Saturday 18.30,Diocesan,Diocesan,https://www.facebook.com/p/San-Giuseppe-al-Transito-Catania-Cappellania-per-il-Rito-Romano-Antico-100064588843706/,,,Sundays and Holy Days 11.00; Weekdays and Saturday 18.30,,https://www.latinmass.com/find-latin-mass,2026-05-18T15:02:38.874520
1210 9th St W,"1210 9th St W, Columbia Falls, MT 59912, USA",,,,48.3700128,-114.1982254,,Diocesan,Diocesan,,,,,,https://www.latinmass.com/find-latin-mass,2026-05-18T15:02:38.874520
St. Richard’s,"1210 9th St W, Columbia Falls, MT 59912, USA",,,,48.3700128,-114.1982254,Sundays 8am,Diocesan,Diocesan,https://strichardsparish.org/,,,Sundays 8am,,https://www.latinmass.com/find-latin-mass,2026-05-18T15:02:38.874520
Otavi,"Otavi, Namibia",,,,-19.6339763,17.3316667,"Mass every 2 months<br>Email:&nbsp;<a href=""mailto:olsorrows@sspx.org.za"">olsorrows@sspx.org.za</a>",SSPX,SSPX,https://fsspx.africa/en/mass-centers,,,"Mass every 2 months<br>Email:&nbsp;<a href=""mailto:olsorrows@sspx.org.za"">olsorrows@sspx.org.za</a>",,https://www.latinmass.com/find-latin-mass,2026-05-18T15:02:38.874520
Saint Bonifatius Roman Catholic Church,"Omaruru, Namibia",,,,-21.4206681,15.9523622,"<ul class=""spotlight__list list""><li class=""spotlight__list-item list__item spotlight__list-item--address""><p class=""address"">Hauptstrasse<br>Omaruru<br>Namibia</p></li><li class=""spotlight__list-item"">Phone:&nbsp;+264 81 284 4839</li></ul><br>",SSPX,SSPX,https://fsspx.africa/en/mass-centers,,,"<ul class=""spotlight__list list""><li class=""spotlight__list-item list__item spotlight__list-item--address""><p class=""address"">Hauptstrasse<br>Omaruru<br>Namibia</p></li><li class=""spotlight__list-item"">Phone:&nbsp;+264 81 284 4839</li></ul><br>",,https://www.latinmass.com/find-latin-mass,2026-05-18T15:02:38.874520
Swakopmund,"Swakopmund, Namibia",,,,-22.6749351,14.525761099999999,"Masses monthly&nbsp;<br>Email:&nbsp;<a href=""mailto:olsorrows@sspx.org.za"">olsorrows@sspx.org.za</a><br>Phone +264 81 298 8080",SSPX,SSPX,https://fsspx.africa/en/mass-centers,,,"Masses monthly&nbsp;<br>Email:&nbsp;<a href=""mailto:olsorrows@sspx.org.za"">olsorrows@sspx.org.za</a><br>Phone +264 81 298 8080",,https://www.latinmass.com/find-latin-mass,2026-05-18T15:02:38.874520
St Joseph’s Chapel,"9 Jean Ln, Harare, Zimbabwe",,,,-17.7971219,31.0250413,"Mass 3 Sundays a month. <br>Please, contact us for more information. <br>+263 4 339 440<br>",SSPX,SSPX,https://fsspx.africa/en/mass-centers,,,"Mass 3 Sundays a month. <br>Please, contact us for more information. <br>+263 4 339 440<br>",,https://www.latinmass.com/find-latin-mass,2026-05-18T15:02:38.874520
St Philomena School,"St Philomena School, 61 Koplick Rd, Park Ridge QLD 4125, Australia",,,,-27.720413399999998,153.0840866,"Sunday 8am (Sung Mass); Monday 7:15am, 8:00am;&nbsp;Tuesday 5:45am, 7:15am;&nbsp;Wednesday 5:45am, 7:15am, 8am;&nbsp;Thursday 5:45am, 7:15am, 8:00am;&nbsp;Friday 5:45am, 7:15, 8:00am;&nbsp;Saturday 8:30am",SSPX,SSPX,https://sspx.au/en/our-lady-lourdes-church-priory-33362,,,"Sunday 8am (Sung Mass); Monday 7:15am, 8:00am;&nbsp;Tuesday 5:45am, 7:15am;&nbsp;Wednesday 5:45am, 7:15am, 8am;&nbsp;Thursday 5:45am, 7:15am, 8:00am;&nbsp;Friday 5:45am, 7:15, 8:00am;&nbsp;Saturday 8:30am",,https://www.latinmass.com/find-latin-mass,2026-05-18T15:02:38.874520
Église Saint Patrice - Rouen,"1 Rue Abbé Cochet, 76000 Rouen, France",,,,49.4460548,1.0911944999999998,Messe lundi à vendredi 18h30. Samedi 11h00. Dimanche 8h00 - messe basse 10h30 messe chantée,Institute of Christ the King,ICKSP,https://icrsp-rouen.com/,,,Messe lundi à vendredi 18h30. Samedi 11h00. Dimanche 8h00 - messe basse 10h30 messe chantée,,https://www.latinmass.com/find-latin-mass,2026-05-18T15:02:38.874520
St Cecilia’s Church,"10540 Collierville Rd, Collierville, TN 38017, USA",,,,35.0282067,-89.71175509999999,Sundays 10am High Mass;&nbsp;Saturdays 6pm Low Mass,SSPX,SSPX,https://fsspx.today/chapel/tn-memphis/,,,Sundays 10am High Mass;&nbsp;Saturdays 6pm Low Mass,,https://www.latinmass.com/find-latin-mass,2026-05-18T15:02:38.874520
Holy Family Catholic Church,"1275 Smith St, Kingsburg, CA 93631, USA",,,,36.5128316,-119.54942599999998,Last Sunday of the Month 10:00am High Mass,Diocesan,Diocesan,https://holyfamilykingsburg.com/,,,Last Sunday of the Month 10:00am High Mass,,https://www.latinmass.com/find-latin-mass,2026-05-18T15:02:38.874520
Our Lady of Victories Shrine,"12 Ashbolt Cres, Lutana TAS 7009, Australia",,,,-42.8431125,147.30916679999999,Sunday 11:30am,Diocesan,Diocesan,https://hobart.catholic.org.au/directory/?zoom=15&is_mile=0&directory_radius=20&keywords=shrine&address=&directory_radius=20¢er=&address_type=&category=0,,,Sunday 11:30am,,https://www.latinmass.com/find-latin-mass,2026-05-18T15:02:38.874520
Institute of the Good Shepherd Church,"The Good Shepherd Catholic Church, 59 Main St, Hadspen TAS 7290, Australia",,,,-41.5074836,147.0616408,"Sunday 10:00am High Mass; Days of Obligation and Feasts 6:00pm; Monday - Thursday 8:00am - Low Mass; Friday&nbsp; 6:00pm - Low Mass; Saturday 9:00am Low Mass,",Other,Other,https://tasmania.ibpaustralia.org/,,,"Sunday 10:00am High Mass; Days of Obligation and Feasts 6:00pm; Monday - Thursday 8:00am - Low Mass; Friday&nbsp; 6:00pm - Low Mass; Saturday 9:00am Low Mass,",,https://www.latinmass.com/find-latin-mass,2026-05-18T15:02:38.874520
St. Mary Church,"178 Greenwich Ave, Greenwich, CT 06830, USA",,,,41.027816,-73.6266745,Saturday 8am,Diocesan,Diocesan,,,,Saturday 8am,,https://www.latinmass.com/find-latin-mass,2026-05-18T15:02:38.874520
Magyarok Nagyasszonya Kápolna,"DJ125 275, Tomești, Romania",,,,46.55708,25.786440499999998,"Minden hónapban Csíkszenttamáson. (Kérjük, érdeklődjön e-mailben!) <br>
18.00 Szentmise",SSPX,SSPX,https://prohungariasacra.hu/budapest/,,,"Minden hónapban Csíkszenttamáson. (Kérjük, érdeklődjön e-mailben!) <br>
18.00 Szentmise",,https://www.latinmass.com/find-latin-mass,2026-05-18T15:02:38.874520
Kapisztrán Szent János Kápolna,"Budapest, Daróczi út 33, 1113 Hungary",,,,47.474755099999996,19.031561,Szentmisék minden vasárnap 16 órakor.,SSPX,SSPX,https://prohungariasacra.hu/budapest/,,,Szentmisék minden vasárnap 16 órakor.,,https://www.latinmass.com/find-latin-mass,2026-05-18T15:02:38.874520
Sziénai Szent Katalin Kápolna,"Veszprém, Veszprémvölgyi u. 85, 8200 Hungary",,,,47.0964476,17.8828523,Szentmisék minden vasárnap 10.30-tól,SSPX,SSPX,https://prohungariasacra.hu/budapest/,,,Szentmisék minden vasárnap 10.30-tól,,https://www.latinmass.com/find-latin-mass,2026-05-18T15:02:38.874520
Szent István Király Kápolna,"Székesfehérvár, Koronázó tér 4, 8000 Hungary",,,,47.1913736,18.4104469,"Szentmisék minden vasárnap 17 órakor<br>Minden elsőpénteken 17 órától gyóntatás, 18 órától szentmise<br>",SSPX,SSPX,https://prohungariasacra.hu/szekesfehervar/,,,"Szentmisék minden vasárnap 17 órakor<br>Minden elsőpénteken 17 órától gyóntatás, 18 órától szentmise<br>",,https://www.latinmass.com/find-latin-mass,2026-05-18T15:02:38.874520
Szent Kereszt Kápolna,"Farkasgyepű, Petőfi Sándor u. 7, 8582 Hungary",,,,47.2034831,17.6327172,Szentmisék minden szombaton 17 órakor,SSPX,SSPX,https://prohungariasacra.hu/farkasgyepu/,,,Szentmisék minden szombaton 17 órakor,,https://www.latinmass.com/find-latin-mass,2026-05-18T15:02:38.874520
Szent Mihály Kápolna,"Sümegcsehi, Kossuth u. 30, 8357 Hungary",,,,46.942819199999995,17.2171873,Szentmisék minden vasárnap 8.30-kor,SSPX,SSPX,https://prohungariasacra.hu/sumegcsehi/,,,Szentmisék minden vasárnap 8.30-kor,,https://www.latinmass.com/find-latin-mass,2026-05-18T15:02:38.874520
Szeplőtelen Fogantatás Kápolna,"Pécs, István-akna 15, 7628 Hungary",,,,46.1275221,18.2827795,Szentmisék minden vasárnap 10 órakor,SSPX,SSPX,https://prohungariasacra.hu/pecs/,,,Szentmisék minden vasárnap 10 órakor,,https://www.latinmass.com/find-latin-mass,2026-05-18T15:02:38.874520
Nagykanizsa,"Nagykanizsa, Jókai Mór u. 59, 8800 Hungary",,,,46.4609181,16.9963287,Szentmisék minden vasárnap 17 órakor,SSPX,SSPX,https://fsspx.hu/hu/miserend-46281,,,Szentmisék minden vasárnap 17 órakor,,https://www.latinmass.com/find-latin-mass,2026-05-18T15:02:38.874520
Kaplnka sv. Terézie z Lisieux,"Kálnica 215, 916 37 Kálnica, Slovakia",,,,48.762927,17.930085,"v nedeľu a prikázané sviatky (v dňoch prac. pokoja)  zvyčajne o 11.30
hod.  
inak v prikázané sviatky v letnom období o 19.30 a v zimnom období o
18.30 hod.",Diocesan,Diocesan,https://farabeckov.sk/farske-oznamy/,,,"v nedeľu a prikázané sviatky (v dňoch prac. pokoja)  zvyčajne o 11.30
hod.  
inak v prikázané sviatky v letnom období o 19.30 a v zimnom období o
18.30 hod.",https://media.mapme.com/places/f2c2b034-4874-4b22-95f1-0d71288db535/gallery/1a529edd-9d15-4331-a3ee-d880bf13e210.hd,https://www.latinmass.com/find-latin-mass,2026-05-18T15:02:38.874520
Kloster  vom Unbefleckten Herzen Mariens,"Reichensteiner Str., 52156 Monschau-Mützenich, Germany",,,,50.5580594,6.2102143,"Hl. Messe
<br>Sonntage und Feiertage

<br>10:15 Uhr
<br>(Sommerzeit 11:15 Uhr)

<br>Wochentage

<br>10:15 Uhr
<br>(Sommerzeit 11:15 Uhr)
<br>oder/und
<br>6:20 Uhr
<br>(Sommerzeit 7:20 Uhr)",Other,Other,https://www.kloster-reichenstein.de/I-01-Termine.html,,,"Hl. Messe
<br>Sonntage und Feiertage

<br>10:15 Uhr
<br>(Sommerzeit 11:15 Uhr)

<br>Wochentage

<br>10:15 Uhr
<br>(Sommerzeit 11:15 Uhr)
<br>oder/und
<br>6:20 Uhr
<br>(Sommerzeit 7:20 Uhr)",,https://www.latinmass.com/find-latin-mass,2026-05-18T15:02:38.874520
Sacré-Cœur du Moustoir,"22 Rue François le Lève, 56100 Lorient, France",,,,47.750903099999995,-3.3735396,Sunday at 9:30am,Diocesan,Diocesan,,,,Sunday at 9:30am,,https://www.latinmass.com/find-latin-mass,2026-05-18T15:02:38.874520
Saint-françois Chapel,"43 Rue de Redon, 35000 Rennes, France",,,,48.1047587,-1.6931663,,Institut du Christ Roi Souverain Prêtre,ICKSP,https://icrspfrance.fr/apostolats/rennes,,,,,https://www.latinmass.com/find-latin-mass,2026-05-18T15:02:38.874520
Eglise Saint-Vincent-de-Paul,"6 Rue Théodore Botrel, 22000 Saint-Brieuc, France",,,,48.497452800000005,-2.7552592,,Institut du Christ Roi Souverain Prêtre,ICKSP,https://icrspfrance.fr/apostolats/saint-brieuc,,,,,https://www.latinmass.com/find-latin-mass,2026-05-18T15:02:38.874520
Église Saint-Patern de Vannes,"2 Pl. Sainte-Catherine, 56000 Vannes, France",,,,47.659448399999995,-2.7540180999999997,,Institut du Christ Roi Souverain Prêtre,ICKSP,https://www.saint-patern.bzh/,,,,,https://www.latinmass.com/find-latin-mass,2026-05-18T15:02:38.874520
Basilica di San Ferdinando a Palazzo,"Piazza Trieste e Trento, 5, 80132 Napoli NA, Italy",,,,40.8375515,14.248637899999999,Saturdays 7pm,Diocesan,Diocesan,https://www.napolitoday.it/attualita/messa-latino-napoli-chiesa-san-ferdinando.html,,,Saturdays 7pm,,https://www.latinmass.com/find-latin-mass,2026-05-18T15:02:38.874520
St. Joseph kirke,"Akersveien 6, 0177 Oslo, Norway",,,,59.91913789999999,10.7455457,Sunday 18:00 Low Mass,Diocesan,Diocesan,https://www.stolavmenighet.info/liturgi/messetider,,,Sunday 18:00 Low Mass,,https://www.latinmass.com/find-latin-mass,2026-05-18T15:02:38.874520
St. Dominic's Catholic Church,"2390 Bush St, San Francisco, CA 94115, USA",,,,37.7869435,-122.43568679999998,Dominican Rite Mass every Monday at 5:30pm during Lent,Other,Other,https://stdominics.org/,,,Dominican Rite Mass every Monday at 5:30pm during Lent,https://media.mapme.com/places/6e48ae2a-1f20-4a1b-9058-87aae93a9cbf/gallery/88035479-34ab-4f58-99e4-a9b97deac795.hd,https://www.latinmass.com/find-latin-mass,2026-05-18T15:02:38.874520
St Mary's Catholic Church,"330 Idaho St, Salem, SD 57058, USA",,,,43.726741,-97.3900683,Sundays 1pm (Low Mass),Diocesan,Diocesan,https://salemcatholic.org/,,,Sundays 1pm (Low Mass),https://media.mapme.com/places/341d3352-e334-4aad-9368-ce89d1bd816a/gallery/96c13821-d0f6-4924-bae7-d8ac5ac7b0b7.hd,https://www.latinmass.com/find-latin-mass,2026-05-18T15:02:38.874520
Chapel of Saint Stanislaus Kostka,"Żeglarska 6, 20-472 Lublin, Poland",,,,51.1949809,22.5317558,Sunday 11:30; Saturday 18:00; 1st Fridays 18:00; 1st Saturdays 11:15,SSPX,SSPX,https://www.piusx.org.pl/kaplice/lublin,,,Sunday 11:30; Saturday 18:00; 1st Fridays 18:00; 1st Saturdays 11:15,,https://www.latinmass.com/find-latin-mass,2026-05-18T15:02:38.874520
św. Wojciecha Biskupa Męczennika,"Szkolna 9, 16-402 Suwałki, Poland",,,,54.1024672,22.9411594,1st and 3rd Sunday 1:30pm,Diocesan Parish,Diocesan,https://wojciech.suwalki.pl/,,,1st and 3rd Sunday 1:30pm,,https://www.latinmass.com/find-latin-mass,2026-05-18T15:02:38.874520
Kloster vom Unbefleckten Herzen Mariens,"Reichensteiner Str. 340, 52156 Monschau, Germany",,,,50.5388926,6.1984753,Täglich 06 15 Uhr,SSPX,SSPX,https://www.kloster-reichenstein.de/,,,Täglich 06 15 Uhr,,https://www.latinmass.com/find-latin-mass,2026-05-18T15:02:38.874520
St. Albert the Great Priory Chapel,"6170 Chabot Rd, Oakland, CA 94618, USA",,,,37.8478797,-122.2492856,October through May<br>2nd Saturday Dominican Rite 10:30am,Other,Other,https://opwest.org/sap/,,,October through May<br>2nd Saturday Dominican Rite 10:30am,https://media.mapme.com/places/10df1aaa-06c5-406b-9c12-34728ed2330c/gallery/bb4ad365-1055-4d92-8ce3-c1d93dd09eba.hd,https://www.latinmass.com/find-latin-mass,2026-05-18T15:02:38.874520
Holy Family Catholic Church,"1279 Smith St, Kingsburg, CA 93631, USA",,,,36.5128469,-119.5494494,4th Sunday,Diocesan,Diocesan,https://holyfamilykingsburg.com/,,,4th Sunday,https://media.mapme.com/places/2a418566-afa4-4ff2-bde2-807baf3449f9/gallery/a3b20c55-fa99-44eb-b3bb-38b20ec6b641.hd,https://www.latinmass.com/find-latin-mass,2026-05-18T15:02:38.874520
"Chiesa del Sacro Cuore, detta ‘dei Sacconi'","Via Filippo Corridoni, 10, 62029 Tolentino MC, Italy",,,,43.2115236,13.283223099999999,"For Sundays and Holy Days check Facebook page or contact&nbsp;<a href=""mailto:info@associazioneleopardi.it"">info@associazioneleopardi.it</a>",Diocesan,Diocesan,https://www.facebook.com/share/1SJ1d7oSZE/?mibextid=wwXIfr,,,"For Sundays and Holy Days check Facebook page or contact&nbsp;<a href=""mailto:info@associazioneleopardi.it"">info@associazioneleopardi.it</a>",https://media.mapme.com/places/5fa68b75-9f30-4a07-ae70-4f06adcba224/gallery/1779437f-0c5a-4f7b-be76-0598b5de4dc7.hd,https://www.latinmass.com/find-latin-mass,2026-05-18T15:02:38.874520
St. Joseph,"Akersveien 6, 0177 Oslo, Norway",,,,59.91913789999999,10.7455457,Sunday 18:00 High Mass,Diocesan,Diocesan,https://www.stolavmenighet.info/liturgi/messetider,,,Sunday 18:00 High Mass,https://media.mapme.com/places/a501165c-81cb-412e-8819-bc67feabd393/gallery/8a16c829-2ce4-4035-aaf4-2c27595ae458.hd,https://www.latinmass.com/find-latin-mass,2026-05-18T15:02:38.874520
Our Lady of the Angels Chapel,"Armidale NSW 2350, Australia",,,,-30.5158344,151.662728,Saturday 8am,Diocesan,Diocesan,https://www.smjcathedral.org.au/bulletins,,,Saturday 8am,https://media.mapme.com/places/7c214a38-d18f-4828-a7ed-4768094d6ff4/gallery/34e744dd-1120-4d5f-9961-13506ae12748.hd,https://www.latinmass.com/find-latin-mass,2026-05-18T15:02:38.874520
"Kapel Susteran Gembala Baik, Jakarta Timur & Kapel Pondok Bambu (Skolastikat Sang Tunas)","Jl. Gotong Royong No.71 12, RT.12/RW.2, Pd. Bambu, Kec. Duren Sawit, Kota Jakarta Timur, Daerah Khusus Ibukota Jakarta 13430, Indonesia",,,,-6.228326099999999,106.8956787,Mass Time 11.00,Diocesan,Diocesan,https://missalatina.org/,,,Mass Time 11.00,https://media.mapme.com/places/9d1fbe71-2a9d-486f-97bd-4847a4c509d8/gallery/fb29e69a-b460-4a06-af02-35a71d48dcfb.hd,https://www.latinmass.com/find-latin-mass,2026-05-18T15:02:38.874520
Chiesa di San Giorgio,"Via Duomo, 19, 84121 Salerno SA, Italy",,,,40.6788281,14.759197400000001,Sunday 9:00am,Diocesan,Diocesan,https://www.facebook.com/MessainLatinoinCampania?mibextid=wwXIfr&rdid=CiYimTQpgDovAqqi&share_url=https%3A%2F%2Fwww.facebook.com%2Fshare%2F1AkfuDUQFN%2F%3Fmibextid%3DwwXIfr#,,,Sunday 9:00am,https://media.mapme.com/places/9fe88b99-952c-4494-adbb-62f682379faf/gallery/8fa6522f-09f1-4dc4-b091-2fcfe547d0a1.hd,https://www.latinmass.com/find-latin-mass,2026-05-18T15:02:38.874520
Chiesa di Gesù e Maria,"Strada del Gesù, 62, 80053 Castellammare di Stabia NA, Italy",,,,40.693989099999996,14.4788231,Sunday 10:00am<br>,Diocesan,Diocesan,https://www.facebook.com/MessainLatinoinCampania?mibextid=wwXIfr&rdid=95HDmvSRbZ7tsanP&share_url=https%3A%2F%2Fwww.facebook.com%2Fshare%2F1AkfuDUQFN%2F%3Fmibextid%3DwwXIfr#,,,Sunday 10:00am<br>,,https://www.latinmass.com/find-latin-mass,2026-05-18T15:02:38.874520
Chiesa di Sant’Antonio Abate,"Via Montenuovo Licola Patria, 73, 80078 Pozzuoli NA, Italy",,,,40.837093499999995,14.095690300000001,Sunday 10:30am,Diocesan,Diocesan,https://www.facebook.com/MessainLatinoinCampania?mibextid=wwXIfr&rdid=PXwxaRdJKNiirR4F&share_url=https%3A%2F%2Fwww.facebook.com%2Fshare%2F1AkfuDUQFN%2F%3Fmibextid%3DwwXIfr#,,,Sunday 10:30am,,https://www.latinmass.com/find-latin-mass,2026-05-18T15:02:38.874520
Saint James Church,"St James Church, 232 Woodhall Ave, Coatbridge ML5 5DF, UK",,,,55.8464945,-4.0381458,,Unknown,Other,,,,,,https://www.latinmass.com/find-latin-mass,2026-05-18T15:02:38.874520
St. Mary's,"78 Main St, Cleland, Motherwell ML1 5QR, UK",,,,55.8006014,-3.9181670000000004,Thursday 7.00 pm,Diocesan,Diocesan,https://www.rcdom.org.uk/st-marys-cleland,,,Thursday 7.00 pm,,https://www.latinmass.com/find-latin-mass,2026-05-18T15:02:38.874520
Shrine of Fatima & St. Cajetan,"10360 Atlanta Ave, Brooksville, FL 34614, USA",,,,28.5922988,-82.54833169999999,,Other,Other,https://www.shrineoffatima.com/,,,,https://media.mapme.com/places/6fca7028-2572-4a3f-b995-e5bb32ac4e08/gallery/640b74ee-d924-4797-ae84-4e992f53a523.hd,https://www.latinmass.com/find-latin-mass,2026-05-18T15:02:38.874520
Missa tridentina em Caruaru,"Caruaru - Picada, Caruaru - State of Pernambuco, 55012-025, Brazil",,,,-8.2822979,-35.971536199999996,"Missas periódicas, entrar em contato para conferir a programação",Diocesan,Diocesan,https://www.instagram.com/missatridentinaemcaruaru/,,,"Missas periódicas, entrar em contato para conferir a programação",,https://www.latinmass.com/find-latin-mass,2026-05-18T15:02:38.874520
St Lawrence Martyr,"2210 Lawrence Ave E, Scarborough, ON M1P 4M9, Canada",,,,43.7489117,-79.2805595,"Monday-Wednesday 12:00pm&nbsp;<br><a href=""mailto:stlawrencemartyr@archtoronto.org"">stlawrencemartyr@archtoronto.org</a><br>",Diocesan,Diocesan,,,,"Monday-Wednesday 12:00pm&nbsp;<br><a href=""mailto:stlawrencemartyr@archtoronto.org"">stlawrencemartyr@archtoronto.org</a><br>",https://media.mapme.com/places/c6a1b596-c279-4977-9823-68f8ed2f518c/gallery/025f6afd-d2ce-46c9-aced-37d41330dd3b.hd,https://www.latinmass.com/find-latin-mass,2026-05-18T15:02:38.874520
St. Mary Help of Christians,"240 W Vermont Ave, Salem, SD 57058, USA",,,,43.726442999999996,-97.38980959999999,Sunday 1pm (Low),Diocesan,Diocesan,https://salemcatholic.org/,,,Sunday 1pm (Low),https://media.mapme.com/places/987bcd09-5ac9-4496-a2e7-2c655c303e47/gallery/a83348ca-0520-4b0a-a6d1-8dd6d9342fff.hd,https://www.latinmass.com/find-latin-mass,2026-05-18T15:02:38.874520
20428 Cortez Blvd,"20428 Cortez Blvd, Brooksville, FL 34601, USA",,,,28.537483899999998,-82.39083360000001,Sundays 12:0pm; During Lent Tuesdays&nbsp;6:30pm,Other,Other,https://www.theabbot.org/,,,Sundays 12:0pm; During Lent Tuesdays&nbsp;6:30pm,https://media.mapme.com/places/d99edd17-7ea0-4727-98bd-dcfc5d38059d/gallery/c2a9eb79-c131-4225-90a1-f5e34a5f5479.hd,https://www.latinmass.com/find-latin-mass,2026-05-18T15:02:38.874520
Saint Paul the Apostle Catholic Church,"602 McLean Ave, Yonkers, NY 10705, USA",,,,40.9098026,-73.87991699999999,"First Three Sundays 1:30pm; 4th Sunday 2:30pm; Mon, Wed, Thurs, Saturday 12pm",Diocesan,Diocesan,https://stpaulyonkers.org/,,,"First Three Sundays 1:30pm; 4th Sunday 2:30pm; Mon, Wed, Thurs, Saturday 12pm",https://media.mapme.com/places/4798e3e6-039d-402e-8b47-ae116fbb6ef9/gallery/a369e3fc-9880-4bd0-b438-14cc931936f2.hd,https://www.latinmass.com/find-latin-mass,2026-05-18T15:02:38.874520
Chapelle du Sacré Cœur,"praspiekt Dziaržynskaha 119, Minsk, Minskaja voblasć, Belarus",,,,53.8498897,27.476725199999997,,SSPX,SSPX,https://www.facebook.com/fsspxminsk,,,,https://media.mapme.com/places/6e7feafc-1630-474e-bf38-9008a8cb0315/gallery/0bbe0a8e-7dce-4ed7-9e80-5a0411489955.hd,https://www.latinmass.com/find-latin-mass,2026-05-18T15:02:38.874520
Wallfahrtskirche Mater Dolorosa,"Halbmeile 3, 94469 Deggendorf, Germany",,,,48.7984197,12.994839299999999,"1st Monday - in winter 6pm, in summer 7pm",Diocesan,Diocesan,,,,"1st Monday - in winter 6pm, in summer 7pm",https://media.mapme.com/places/dae06dfd-b8de-44a8-bb86-c0d88c4dd309/gallery/52a9c3fe-79d5-4751-9a2c-2b1300aa8a59.hd,https://www.latinmass.com/find-latin-mass,2026-05-18T15:02:38.874520
Saint Pierre - Bourg-de-Thizy,"69240 Thizy-les-Bourgs, France",,,,46.032129399999995,4.3114379,Sunday 5:45pm,Diocesan,Diocesan,https://www.eglisesaintgeorges.com/,,,Sunday 5:45pm,,https://www.latinmass.com/find-latin-mass,2026-05-18T15:02:38.874520
Eglise Saint-Théodore,"1073 Av. du Dauphiné, 38200 Jardin, France",,,,45.4966382,4.9084636999999995,2nd and 4th Sunday 10am,Diocesan,Diocesan,https://www.eglisesaintgeorges.com/,,,2nd and 4th Sunday 10am,,https://www.latinmass.com/find-latin-mass,2026-05-18T15:02:38.874520
Church of the Immaculate Conception of the Blessed Virgin Mary,"Dewajtis 3, 01-815 Warszawa, Poland",,,,52.2958444,20.960092400000004,Sun 11:00am (High),Other,Other,https://www.facebook.com/profile.php?id=100064561341138,,,Sun 11:00am (High),https://media.mapme.com/places/db4ecc5d-edbd-4817-854b-7d7663d0e752/gallery/1ea85ceb-ba27-45d6-b720-0376086fffcd.hd,https://www.latinmass.com/find-latin-mass,2026-05-18T15:02:38.874520
Notre-Dame-de-Brasse Belfort,"Rue Célestin Champion, 90000 Belfort, France",,,,47.6463162,6.8568784,"Dimanche, à la chapelle N-D de Brasse : 9h20 à 9h50

Vendredi, à l’oratoire du presbytère : 10h30 

Samedi, à l’oratoire du presbytère : 9h",FSSP,FSSP,,,,"Dimanche, à la chapelle N-D de Brasse : 9h20 à 9h50

Vendredi, à l’oratoire du presbytère : 10h30 

Samedi, à l’oratoire du presbytère : 9h",,https://www.latinmass.com/find-latin-mass,2026-05-18T15:02:38.874520
Église Saint-Jean Saint-Charles du Toulon,"Pl. du Toulon, 24000 Périgueux, France",,,,45.1970763,0.7033193,Sunday 11am,Diocesan,Diocesan,https://paroisse-perigueux.diocese24.fr/les-eglises-de-la-paroisse/,,,Sunday 11am,,https://www.latinmass.com/find-latin-mass,2026-05-18T15:02:38.874520
Christ Prince of Peace Retreat Center,"250 Locke Ln, Benton, TN 37307, USA",,,,35.2339507,-84.5571667,Once a month (Low Mass),Other,Other,https://dioknoxretreat.org/calendar-1,,,Once a month (Low Mass),,https://www.latinmass.com/find-latin-mass,2026-05-18T15:02:38.874520
St. Paul Parish,"1580 Brown St, Akron, OH 44301, USA",,,,41.0383462,-81.5109657,Sunday 10:30am,Diocesan,Diocesan,https://www.stpaulparishakron.org/,,,Sunday 10:30am,,https://www.latinmass.com/find-latin-mass,2026-05-18T15:02:38.874520
Our Lady of the Snow,"1655 Main St, Snowflake, AZ 85937, USA",,,,34.486728299999996,-110.0821922,Sunday 1:00pm,Diocesan,Diocesan,https://ourladyofthesnow.info/,,,Sunday 1:00pm,,https://www.latinmass.com/find-latin-mass,2026-05-18T15:02:38.874520
Herz Jesu-Kirche Schotten,"Am Hohenwiesenweg 2, 63679 Schotten, Germany",,,,50.501322599999995,9.1201592,Every 1. Saturday 10am; every 4. Sunday 6pm,Diocesan,Diocesan,https://bistummainz.de/pfarrei/schotten/,,,Every 1. Saturday 10am; every 4. Sunday 6pm,,https://www.latinmass.com/find-latin-mass,2026-05-18T15:02:38.874520
Holy Trinity,"34 Maple Ave, Hackensack, NJ 07601, USA",,,,40.8937963,-74.0407534,Sunday 12:30pm&nbsp;Missa Cantata,Diocesan,Diocesan,https://www.hthackensack.org/,,,Sunday 12:30pm&nbsp;Missa Cantata,,https://www.latinmass.com/find-latin-mass,2026-05-18T15:02:38.874520
"Kaple sv. Davida, krále","4, Anenské nám. 3, 466 01 Jablonec nad Nisou-Jablonec nad Nisou 1, Czechia",,,,50.722255499999996,15.1677154,"1st &amp; 3rd Sunday 10.00; Saturday before the 2nd, 4th, 5th Sunday 18.00",SSPX,SSPX,https://fsspx.today/chapel/jablonec-nad-nisou-e/,,,"1st &amp; 3rd Sunday 10.00; Saturday before the 2nd, 4th, 5th Sunday 18.00",,https://www.latinmass.com/find-latin-mass,2026-05-18T15:02:38.874520
1740 Dam Town Rd,"1740 Dam Town Rd, New Hope, VA 24469, USA",,,,38.1982666,-78.9078363,,Unknown,Other,,,,,,https://www.latinmass.com/find-latin-mass,2026-05-18T15:02:38.874520
Chapel of the Order of the Carmelite Sisters,"Wityny 21, 19-300, Poland",,,,53.8511282,22.3424707,2md &amp; 4th Sunday 3:00pm,Diocesan,Diocesan,https://www.facebook.com/trydent.elk,,,2md &amp; 4th Sunday 3:00pm,,https://www.latinmass.com/find-latin-mass,2026-05-18T15:02:38.874520
St. Anthony of Padua Church,"82-340 Kadyny, Poland",,,,54.2974105,19.4881402,,Diocesan,Diocesan,https://www.facebook.com/NFRRElblag/?fref=ts,,,,,https://www.latinmass.com/find-latin-mass,2026-05-18T15:02:38.874520
Jerusalem Chapel,"Grunwaldzka 28, 11-041 Olsztyn, Poland",,,,53.7767954,20.4679023,1st Saturday 8:00am,Other,Other,https://www.facebook.com/tradycjawarmia,,,1st Saturday 8:00am,,https://www.latinmass.com/find-latin-mass,2026-05-18T15:02:38.874520
St. Casimir the Prince Parish in Giżycko,"Tadeusza Kościuszki 12, 11-500 Giżycko, Poland",,,,54.0394291,21.7741273,Last Sunday 4:15pm,Diocesan,Diocesan,https://www.facebook.com/gizyckieniesrodowiskotradycjikatolickiej/,,,Last Sunday 4:15pm,,https://www.latinmass.com/find-latin-mass,2026-05-18T15:02:38.874520
Bocciata Chapel in the Crypt of St. Peter's Basilica,"Piazza San Pietro, 00120 Città del Vaticano, Vatican City",,,,41.902166699999995,12.4539367,Sunday 8:00; Monday - Saturday 7:00,Diocesan,Diocesan,https://www.basilicasanpietro.va/en/,,,Sunday 8:00; Monday - Saturday 7:00,,https://www.latinmass.com/find-latin-mass,2026-05-18T15:02:38.874520
Sant'Anna al Laterano,"Via Merulana, 177, 00185 Roma RM, Italy",,,,41.8907296,12.5024652,Sundays at 4:00pm,Diocesan,Diocesan,,,,Sundays at 4:00pm,,https://www.latinmass.com/find-latin-mass,2026-05-18T15:02:38.874520
San Giuseppe a Capo le Case,"Via Francesco Crispi, 24, 00187 Roma RM, Italy",,,,41.9038827,12.4858193,Sundays at 11:00am,Diocesan,Diocesan,,,,Sundays at 11:00am,,https://www.latinmass.com/find-latin-mass,2026-05-18T15:02:38.874520
Chapelle Notre-Dame de l'Alba,"5 Rue Albert Thomas, 24100 Bergerac, France",,,,44.843791800000005,0.49582770000000004,Sunday 9pm (Sung),FSSP,FSSP,https://www.fssp.fr/nous-decouvrir/ou-nous-trouver/,,,Sunday 9pm (Sung),,https://www.latinmass.com/find-latin-mass,2026-05-18T15:02:38.874520
Chiesa di S. Giorgio,"Via Duomo, 19, 84042 Acerno SA, Italy",,,,40.7369117,15.056768900000002,Two Sundays a month 9.00,Institute of Christ the King,ICKSP,https://www.salernosacra.it/chiesa-san-giorgio/,,,Two Sundays a month 9.00,,https://www.latinmass.com/find-latin-mass,2026-05-18T15:02:38.874520
St. Martin's Academy,"1950 Indian Rd, Fort Scott, KS 66701, USA",,,,37.7895398,-94.7500716,<p>Saint Martin's Academy is a Catholic boarding school for boys that combines classical academics with a practical work program on a sustainable farm.</p>,Other,Other,https://saintmartinsacademy.org/,,,<p>Saint Martin's Academy is a Catholic boarding school for boys that combines classical academics with a practical work program on a sustainable farm.</p>,,https://www.latinmass.com/find-latin-mass,2026-05-18T15:02:38.874520
H.Maria Onbevlekt Ontvangen,"Dorpsdijk 51, 6915 AC Lobith, Netherlands",,,,51.8597671,6.121829099999999,Mass times<br>zondag:10:30<br>maandag:geen H. Mis<br>dinsdag:10:30<br>woensdag:6:30<br>donderdag:18:30<br>vrijdag:10:30<br>zaterdag:10:30<br>,FSSP,FSSP,https://lobith.fssp.nl/,,,Mass times<br>zondag:10:30<br>maandag:geen H. Mis<br>dinsdag:10:30<br>woensdag:6:30<br>donderdag:18:30<br>vrijdag:10:30<br>zaterdag:10:30<br>,,https://www.latinmass.com/find-latin-mass,2026-05-18T15:02:38.874520
Oratório de Nossa Senhora das Graças,"R. Padre Dr. António Carneiro De Azevedo 79, 4425-704 Pedrouços, Portugal",,,,41.1884531,-8.595575499999999,"<p class=""MsoNormal"">Mass times:<br>1st, 2nd&nbsp;and 4th&nbsp;Saturdays 10:00 (High), 19:00 (Low)</p>",Diocesan,Diocesan,,,,"<p class=""MsoNormal"">Mass times:<br>1st, 2nd&nbsp;and 4th&nbsp;Saturdays 10:00 (High), 19:00 (Low)</p>",,https://www.latinmass.com/find-latin-mass,2026-05-18T15:02:38.874520
Mosteiro Templário de São Miguel Arcanjo,"Av. Bracara Augusta 17, 5400-057 Chaves, Portugal",,,,41.739998299999996,-7.477611,Note. Mass times are not public. Check or contact the Facebook page beforehand,Other Community,Other,https://www.facebook.com/saomiguelarcanjochaves,,,Note. Mass times are not public. Check or contact the Facebook page beforehand,,https://www.latinmass.com/find-latin-mass,2026-05-18T15:02:38.874520
Cappella San Giuseppe,"Via dell'Angelo Custode, 18, 55100 Lucca LU, Italy",,,,43.8432033,10.507888,Sundays 10:30,SSPX,SSPX,https://fsspx.it/it/lucca-32793,,,Sundays 10:30,,https://www.latinmass.com/find-latin-mass,2026-05-18T15:02:38.874520
